/home/zxc/miniconda3/envs/imitator/lib/python3.12/site-packages/torch/cuda/__init__.py:61: FutureWarning: The pynvml package is deprecated. Please install nvidia-ml-py instead. If you did not install pynvml directly, please report this to the maintainers of the package that installed pynvml for you.
  import pynvml  # type: ignore[import]
2026-10-08 10:55:03.348417: I tensorflow/core/util/port.cc:153] oneDNN custom operations are on. You may see slightly different numerical results due to floating-point round-off errors from different computation orders. To turn them off, set the environment variable `TF_ENABLE_ONEDNN_OPTS=0`.
2026-10-08 10:55:03.356868: E external/local_xla/xla/stream_executor/cuda/cuda_fft.cc:467] Unable to register cuFFT factory: Attempting to register factory for plugin cuFFT when one has already been registered
WARNING: All log messages before absl::InitializeLog() is called are written to STDERR
E0000 00:00:1791428103.366942 3301027 cuda_dnn.cc:8579] Unable to register cuDNN factory: Attempting to register factory for plugin cuDNN when one has already been registered
E0000 00:00:1791428103.370256 3301027 cuda_blas.cc:1407] Unable to register cuBLAS factory: Attempting to register factory for plugin cuBLAS when one has already been registered
W0000 00:00:1791428103.379355 3301027 computation_placer.cc:177] computation placer already registered. Please check linkage and avoid linking the same target more than once.
W0000 00:00:1791428103.379390 3301027 computation_placer.cc:177] computation placer already registered. Please check linkage and avoid linking the same target more than once.
W0000 00:00:1791428103.379393 3301027 computation_placer.cc:177] computation placer already registered. Please check linkage and avoid linking the same target more than once.
W0000 00:00:1791428103.379396 3301027 computation_placer.cc:177] computation placer already registered. Please check linkage and avoid linking the same target more than once.
2026-10-08 10:55:03.382266: I tensorflow/core/platform/cpu_feature_guard.cc:210] This TensorFlow binary is optimized to use available CPU instructions in performance-critical operations.
To enable the following instructions: AVX2 AVX512F AVX512_VNNI AVX512_BF16 FMA, in other operations, rebuild TensorFlow with the appropriate compiler flags.

================================================================================
🔄 INITIALIZING HUMAN-SIM PAIRED DATASET
================================================================================
   Input mode: video_only
   Include first frame: True

📖 Loading task mapping from: examples/baselines/lerobot_dataset/task_mapping.json
   ✓ 53 human task descriptions
   ✓ 200 sim task descriptions

✓ Mapping loaded:
  - 53 human tasks: ['human_H1', 'human_H10', 'human_H11', 'human_H12', 'human_H13', 'human_H14', 'human_H15', 'human_H16', 'human_H17', 'human_H18', 'human_H19', 'human_H2', 'human_H20', 'human_H21', 'human_H22', 'human_H23', 'human_H24', 'human_H25', 'human_H26', 'human_H27', 'human_H28', 'human_H29', 'human_H3', 'human_H30', 'human_H31', 'human_H32', 'human_H33', 'human_H34', 'human_H35', 'human_H36', 'human_H37', 'human_H38', 'human_H39', 'human_H4', 'human_H40', 'human_H41', 'human_H42', 'human_H43', 'human_H44', 'human_H45', 'human_H46', 'human_H47', 'human_H48', 'human_H49', 'human_H5', 'human_H50', 'human_H56', 'human_H57', 'human_H58', 'human_H6', 'human_H7', 'human_H8', 'human_H9']
  - 200 sim tasks: ['L0_TwoRobotCleanCup-v1', 'L0_TwoRobotCleanDesk-v1', 'L0_TwoRobotCutFruit-v1', 'L0_TwoRobotFoldBox-v1', 'L0_TwoRobotFoldTowel-v1', 'L0_TwoRobotGrindFood-v1', 'L0_TwoRobotKnifeBowlFork-v1', 'L0_TwoRobotLiftLidFromSkillet-v1', 'L0_TwoRobotOpenBox-v1', 'L0_TwoRobotOpenLiquidCap-v1', 'L0_TwoRobotPickAppleBananaToBaskets-v1', 'L0_TwoRobotPickAppleBasket-v1', 'L0_TwoRobotPickAppleToScale-v1', 'L0_TwoRobotPickFood-v1', 'L0_TwoRobotPickFruitsToPlate-v1', 'L0_TwoRobotPickPillToRegions-v1', 'L0_TwoRobotPickRemoteControl-v1', 'L0_TwoRobotPickTennisBallGolfBall-v1', 'L0_TwoRobotPickWash-v1', 'L0_TwoRobotPlaceBookBookcase-v1', 'L0_TwoRobotPlaceBrushRest-v1', 'L0_TwoRobotPlaceBurgerTray-v1', 'L0_TwoRobotPlaceChipsRack-v1', 'L0_TwoRobotPlaceClothBasket-v1', 'L0_TwoRobotPlaceCommodityRack-v1', 'L0_TwoRobotPlaceCupPlate-v1', 'L0_TwoRobotPlaceFileFolder-v1', 'L0_TwoRobotPlaceFoodScale-v1', 'L0_TwoRobotPlaceFruitBox-v1', 'L0_TwoRobotPlaceMagazineFolder-v1', 'L0_TwoRobotPlaceMugRack-v1', 'L0_TwoRobotPlacePillBox-v1', 'L0_TwoRobotPlacePlateRack-v1', 'L0_TwoRobotPlaceScrewdriver-v1', 'L0_TwoRobotPlaceShoeBox-v1', 'L0_TwoRobotPourCup-v1', 'L0_TwoRobotPourKetchupFries-v1', 'L0_TwoRobotPourKettle-v1', 'L0_TwoRobotPourLiquidCup-v1', 'L0_TwoRobotPourLiquidFilter-v1', 'L0_TwoRobotPourLiquidMug-v1', 'L0_TwoRobotPressJuicer-v1', 'L0_TwoRobotPressStapler-v1', 'L0_TwoRobotPutBox-v1', 'L0_TwoRobotPutCubeOnScale-v1', 'L0_TwoRobotScanMilkBox-v1', 'L0_TwoRobotScanPillBottle-v1', 'L0_TwoRobotStirSpoon-v1', 'L0_TwoRobotTransFood-v1', 'L0_TwoRobotWipePot-v1', 'L1_TwoRobotCleanCup-v1', 'L1_TwoRobotCleanDesk-v1', 'L1_TwoRobotCutFruit-v1', 'L1_TwoRobotFoldBox-v1', 'L1_TwoRobotFoldTowel-v1', 'L1_TwoRobotGrindFood-v1', 'L1_TwoRobotKnifeBowlFork-v1', 'L1_TwoRobotLiftLidFromSkillet-v1', 'L1_TwoRobotOpenBox-v1', 'L1_TwoRobotOpenLiquidCap-v1', 'L1_TwoRobotPickAppleBananaToBaskets-v1', 'L1_TwoRobotPickAppleBasket-v1', 'L1_TwoRobotPickAppleToScale-v1', 'L1_TwoRobotPickFood-v1', 'L1_TwoRobotPickFruitsToPlate-v1', 'L1_TwoRobotPickPillToRegions-v1', 'L1_TwoRobotPickRemoteControl-v1', 'L1_TwoRobotPickTennisBallGolfBall-v1', 'L1_TwoRobotPickWash-v1', 'L1_TwoRobotPlaceBookBookcase-v1', 'L1_TwoRobotPlaceBrushRest-v1', 'L1_TwoRobotPlaceBurgerTray-v1', 'L1_TwoRobotPlaceChipsRack-v1', 'L1_TwoRobotPlaceClothBasket-v1', 'L1_TwoRobotPlaceCommodityRack-v1', 'L1_TwoRobotPlaceCupPlate-v1', 'L1_TwoRobotPlaceFileFolder-v1', 'L1_TwoRobotPlaceFoodScale-v1', 'L1_TwoRobotPlaceFruitBox-v1', 'L1_TwoRobotPlaceMagazineFolder-v1', 'L1_TwoRobotPlaceMugRack-v1', 'L1_TwoRobotPlacePillBox-v1', 'L1_TwoRobotPlacePlateRack-v1', 'L1_TwoRobotPlaceScrewdriver-v1', 'L1_TwoRobotPlaceShoeBox-v1', 'L1_TwoRobotPourCup-v1', 'L1_TwoRobotPourKetchupFries-v1', 'L1_TwoRobotPourKettle-v1', 'L1_TwoRobotPourLiquidCup-v1', 'L1_TwoRobotPourLiquidFilter-v1', 'L1_TwoRobotPourLiquidMug-v1', 'L1_TwoRobotPressJuicer-v1', 'L1_TwoRobotPressStapler-v1', 'L1_TwoRobotPutBox-v1', 'L1_TwoRobotPutCubeOnScale-v1', 'L1_TwoRobotScanMilkBox-v1', 'L1_TwoRobotScanPillBottle-v1', 'L1_TwoRobotStirSpoon-v1', 'L1_TwoRobotTransFood-v1', 'L1_TwoRobotWipePot-v1', 'L2_TwoRobotCleanCup-v1', 'L2_TwoRobotCleanDesk-v1', 'L2_TwoRobotCutFruit-v1', 'L2_TwoRobotFoldBox-v1', 'L2_TwoRobotFoldTowel-v1', 'L2_TwoRobotGrindFood-v1', 'L2_TwoRobotKnifeBowlFork-v1', 'L2_TwoRobotLiftLidFromSkillet-v1', 'L2_TwoRobotOpenBox-v1', 'L2_TwoRobotOpenLiquidCap-v1', 'L2_TwoRobotPickAppleBananaToBaskets-v1', 'L2_TwoRobotPickAppleBasket-v1', 'L2_TwoRobotPickAppleToScale-v1', 'L2_TwoRobotPickFood-v1', 'L2_TwoRobotPickFruitsToPlate-v1', 'L2_TwoRobotPickPillToRegions-v1', 'L2_TwoRobotPickRemoteControl-v1', 'L2_TwoRobotPickTennisBallGolfBall-v1', 'L2_TwoRobotPickWash-v1', 'L2_TwoRobotPlaceBookBookcase-v1', 'L2_TwoRobotPlaceBrushRest-v1', 'L2_TwoRobotPlaceBurgerTray-v1', 'L2_TwoRobotPlaceChipsRack-v1', 'L2_TwoRobotPlaceClothBasket-v1', 'L2_TwoRobotPlaceCommodityRack-v1', 'L2_TwoRobotPlaceCupPlate-v1', 'L2_TwoRobotPlaceFileFolder-v1', 'L2_TwoRobotPlaceFoodScale-v1', 'L2_TwoRobotPlaceFruitBox-v1', 'L2_TwoRobotPlaceMagazineFolder-v1', 'L2_TwoRobotPlaceMugRack-v1', 'L2_TwoRobotPlacePillBox-v1', 'L2_TwoRobotPlacePlateRack-v1', 'L2_TwoRobotPlaceScrewdriver-v1', 'L2_TwoRobotPlaceShoeBox-v1', 'L2_TwoRobotPourCup-v1', 'L2_TwoRobotPourKetchupFries-v1', 'L2_TwoRobotPourKettle-v1', 'L2_TwoRobotPourLiquidCup-v1', 'L2_TwoRobotPourLiquidFilter-v1', 'L2_TwoRobotPourLiquidMug-v1', 'L2_TwoRobotPressJuicer-v1', 'L2_TwoRobotPressStapler-v1', 'L2_TwoRobotPutBox-v1', 'L2_TwoRobotPutCubeOnScale-v1', 'L2_TwoRobotScanMilkBox-v1', 'L2_TwoRobotScanPillBottle-v1', 'L2_TwoRobotStirSpoon-v1', 'L2_TwoRobotTransFood-v1', 'L2_TwoRobotWipePot-v1', 'L3_TwoRobotCleanCup-v1', 'L3_TwoRobotCleanDesk-v1', 'L3_TwoRobotCutFruit-v1', 'L3_TwoRobotFoldBox-v1', 'L3_TwoRobotFoldTowel-v1', 'L3_TwoRobotGrindFood-v1', 'L3_TwoRobotKnifeBowlFork-v1', 'L3_TwoRobotLiftLidFromSkillet-v1', 'L3_TwoRobotOpenBox-v1', 'L3_TwoRobotOpenLiquidCap-v1', 'L3_TwoRobotPickAppleBananaToBaskets-v1', 'L3_TwoRobotPickAppleBasket-v1', 'L3_TwoRobotPickAppleToScale-v1', 'L3_TwoRobotPickFood-v1', 'L3_TwoRobotPickFruitsToPlate-v1', 'L3_TwoRobotPickPillToRegions-v1', 'L3_TwoRobotPickRemoteControl-v1', 'L3_TwoRobotPickTennisBallGolfBall-v1', 'L3_TwoRobotPickWash-v1', 'L3_TwoRobotPlaceBookBookcase-v1', 'L3_TwoRobotPlaceBrushRest-v1', 'L3_TwoRobotPlaceBurgerTray-v1', 'L3_TwoRobotPlaceChipsRack-v1', 'L3_TwoRobotPlaceClothBasket-v1', 'L3_TwoRobotPlaceCommodityRack-v1', 'L3_TwoRobotPlaceCupPlate-v1', 'L3_TwoRobotPlaceFileFolder-v1', 'L3_TwoRobotPlaceFoodScale-v1', 'L3_TwoRobotPlaceFruitBox-v1', 'L3_TwoRobotPlaceMagazineFolder-v1', 'L3_TwoRobotPlaceMugRack-v1', 'L3_TwoRobotPlacePillBox-v1', 'L3_TwoRobotPlacePlateRack-v1', 'L3_TwoRobotPlaceScrewdriver-v1', 'L3_TwoRobotPlaceShoeBox-v1', 'L3_TwoRobotPourCup-v1', 'L3_TwoRobotPourKetchupFries-v1', 'L3_TwoRobotPourKettle-v1', 'L3_TwoRobotPourLiquidCup-v1', 'L3_TwoRobotPourLiquidFilter-v1', 'L3_TwoRobotPourLiquidMug-v1', 'L3_TwoRobotPressJuicer-v1', 'L3_TwoRobotPressStapler-v1', 'L3_TwoRobotPutBox-v1', 'L3_TwoRobotPutCubeOnScale-v1', 'L3_TwoRobotScanMilkBox-v1', 'L3_TwoRobotScanPillBottle-v1', 'L3_TwoRobotStirSpoon-v1', 'L3_TwoRobotTransFood-v1', 'L3_TwoRobotWipePot-v1']

✓ Filtered human configs: 1 loaded, 0 skipped

✓ Filtered sim configs: 1 loaded, 0 skipped

================================================================================
🎥 LOADING HUMAN VIDEO DATASET
================================================================================
Loading datasets from config: /var/tmp/imitator-game-zxc/tmp/tmpd0isnlfe.json
Loading datasets:   0%|          | 0/1 [00:00<?, ?it/s][94mLoading episodes [0] from /var/tmp/imitator-game-zxc/data/imitator_human_v1/human_H57 with split train[0m
Loading datasets: 100%|██████████| 1/1 [00:00<00:00,  7.61it/s]Loading datasets: 100%|██████████| 1/1 [00:00<00:00,  7.60it/s]
✓ Loaded 1 unique tasks
✓ HumanVideoDataset initialized
  - Tasks: 1
  - Cameras: ['zed2i']
  - Frames per sample: 10
  - Sampling strategy: uniform_jitter

================================================================================
🤖 LOADING SIM TRAJECTORY DATASET
================================================================================
  0%|          | 0/1 [00:00<?, ?it/s][94mloading episodes [0, 1, 2, 3, 4, 5, 6, 7, 8, 9, 10, 11, 12, 13, 14, 15, 16, 17, 18, 19, 20, 21, 22, 23, 24, 25, 26, 27, 28, 29, 30, 31, 32, 33, 34, 35, 36, 37, 38, 39, 40, 41, 42, 43, 44, 45, 46, 47, 48, 49] from /home/zxc/Imitator/experiments/act_placemugrack_levels/prepared/B0/sim/L0_TwoRobotPlaceMugRack-v1 with split train[0m
100%|██████████| 1/1 [00:00<00:00,  2.72it/s]100%|██████████| 1/1 [00:00<00:00,  2.72it/s]
/home/zxc/miniconda3/envs/imitator/lib/python3.12/site-packages/albumentations/core/validation.py:114: UserWarning: ShiftScaleRotate is a special case of Affine transform. Please use Affine transform instead.
  original_init(self, **validated_kwargs)

================================================================================
🔗 VALIDATING HUMAN-SIM TASK PAIRINGS
================================================================================

🔑 Indexing human videos...
   ✓ human_H57 - 1 episodes

🔑 Indexing sim trajectories (O(sub-datasets))...
   L0_TwoRobotPlaceMugRack-v1: 11228 samples

🔍 Validating pairings...

✅ Successfully paired: 1 task pair(s)


================================================================================
✅ HUMAN-SIM PAIRED DATASET READY
================================================================================
📊 Summary:
   - Total sim samples: 11228
   - Valid paired samples: 11228
   - Skipped samples: 0
   - Valid paired tasks: 1
   - Input mode: video_only
   - Include first frame: True
================================================================================

\n   Building FrozenVideoBackbone (dinov2_vitl14) [Frozen] ...

============================================================
[FrozenBB] Setting up frozen backbone cache (dinov2_vitl14)
  Backbone: 0 frozen tensors | Adapter: 525.8K trainable params
  [RawFeatCache] Loaded 1 entries ← /home/zxc/Imitator/experiments/act_placemugrack_levels/runs/B0_s3/te_cache/backbone_dinov2_vitl14/raw_features.pt
  [RawFeatCache] Cache ready: 1 entries loaded from disk.
  [Done] CachedFrozenBackbone ready.
  Expected per-step cost: ~0.15 ms  (dict lookup + adapter)
============================================================

   FrozenVideoBackbone: backbone frozen, cache active, adapter trainable.
  [SkipVideo] skip_human_video=True activated on dataset (1 cache entries cover all tasks).
  Video decode cost (~50-100 ms/sample) eliminated for training.
/home/zxc/miniconda3/envs/imitator/lib/python3.12/site-packages/torchvision/models/_utils.py:208: UserWarning: The parameter 'pretrained' is deprecated since 0.13 and may be removed in the future, please use 'weights' instead.
  warnings.warn(
/home/zxc/miniconda3/envs/imitator/lib/python3.12/site-packages/torchvision/models/_utils.py:223: UserWarning: Arguments other than a weight enum or `None` for 'weights' are deprecated since 0.13 and may be removed in the future. The current behavior is equivalent to passing `weights=ResNet18_Weights.IMAGENET1K_V1`. You can also use `weights=ResNet18_Weights.DEFAULT` to get the most up-to-date weights.
  warnings.warn(msg)

   ACTAgent ready
   Task encoder:  frozen_backbone (dinov2_vitl14)
   Input mode:    video_only
   Total params:  17.21M  |  Trainable: 17.21M
/home/zxc/miniconda3/envs/imitator/lib/python3.12/site-packages/torch/cuda/__init__.py:61: FutureWarning: The pynvml package is deprecated. Please install nvidia-ml-py instead. If you did not install pynvml directly, please report this to the maintainers of the package that installed pynvml for you.
  import pynvml  # type: ignore[import]
2026-10-08 10:55:12.392263: E external/local_xla/xla/stream_executor/cuda/cuda_fft.cc:467] Unable to register cuFFT factory: Attempting to register factory for plugin cuFFT when one has already been registered
WARNING: All log messages before absl::InitializeLog() is called are written to STDERR
E0000 00:00:1791428112.406143 3301141 cuda_dnn.cc:8579] Unable to register cuDNN factory: Attempting to register factory for plugin cuDNN when one has already been registered
E0000 00:00:1791428112.410294 3301141 cuda_blas.cc:1407] Unable to register cuBLAS factory: Attempting to register factory for plugin cuBLAS when one has already been registered
W0000 00:00:1791428112.420540 3301141 computation_placer.cc:177] computation placer already registered. Please check linkage and avoid linking the same target more than once.
W0000 00:00:1791428112.420589 3301141 computation_placer.cc:177] computation placer already registered. Please check linkage and avoid linking the same target more than once.
W0000 00:00:1791428112.420593 3301141 computation_placer.cc:177] computation placer already registered. Please check linkage and avoid linking the same target more than once.
W0000 00:00:1791428112.420597 3301141 computation_placer.cc:177] computation placer already registered. Please check linkage and avoid linking the same target more than once.
/home/zxc/miniconda3/envs/imitator/lib/python3.12/site-packages/torch/cuda/__init__.py:61: FutureWarning: The pynvml package is deprecated. Please install nvidia-ml-py instead. If you did not install pynvml directly, please report this to the maintainers of the package that installed pynvml for you.
  import pynvml  # type: ignore[import]
2026-10-08 10:55:20.444977: E external/local_xla/xla/stream_executor/cuda/cuda_fft.cc:467] Unable to register cuFFT factory: Attempting to register factory for plugin cuFFT when one has already been registered
WARNING: All log messages before absl::InitializeLog() is called are written to STDERR
E0000 00:00:1791428120.459505 3301320 cuda_dnn.cc:8579] Unable to register cuDNN factory: Attempting to register factory for plugin cuDNN when one has already been registered
E0000 00:00:1791428120.463927 3301320 cuda_blas.cc:1407] Unable to register cuBLAS factory: Attempting to register factory for plugin cuBLAS when one has already been registered
W0000 00:00:1791428120.475772 3301320 computation_placer.cc:177] computation placer already registered. Please check linkage and avoid linking the same target more than once.
W0000 00:00:1791428120.475828 3301320 computation_placer.cc:177] computation placer already registered. Please check linkage and avoid linking the same target more than once.
W0000 00:00:1791428120.475832 3301320 computation_placer.cc:177] computation placer already registered. Please check linkage and avoid linking the same target more than once.
W0000 00:00:1791428120.475834 3301320 computation_placer.cc:177] computation placer already registered. Please check linkage and avoid linking the same target more than once.
/home/zxc/miniconda3/envs/imitator/lib/python3.12/site-packages/torch/cuda/__init__.py:61: FutureWarning: The pynvml package is deprecated. Please install nvidia-ml-py instead. If you did not install pynvml directly, please report this to the maintainers of the package that installed pynvml for you.
  import pynvml  # type: ignore[import]
2026-10-08 10:55:28.217958: E external/local_xla/xla/stream_executor/cuda/cuda_fft.cc:467] Unable to register cuFFT factory: Attempting to register factory for plugin cuFFT when one has already been registered
WARNING: All log messages before absl::InitializeLog() is called are written to STDERR
E0000 00:00:1791428128.233023 3301500 cuda_dnn.cc:8579] Unable to register cuDNN factory: Attempting to register factory for plugin cuDNN when one has already been registered
E0000 00:00:1791428128.237019 3301500 cuda_blas.cc:1407] Unable to register cuBLAS factory: Attempting to register factory for plugin cuBLAS when one has already been registered
W0000 00:00:1791428128.250260 3301500 computation_placer.cc:177] computation placer already registered. Please check linkage and avoid linking the same target more than once.
W0000 00:00:1791428128.250314 3301500 computation_placer.cc:177] computation placer already registered. Please check linkage and avoid linking the same target more than once.
W0000 00:00:1791428128.250318 3301500 computation_placer.cc:177] computation placer already registered. Please check linkage and avoid linking the same target more than once.
W0000 00:00:1791428128.250321 3301500 computation_placer.cc:177] computation placer already registered. Please check linkage and avoid linking the same target more than once.
/home/zxc/miniconda3/envs/imitator/lib/python3.12/site-packages/torch/cuda/__init__.py:61: FutureWarning: The pynvml package is deprecated. Please install nvidia-ml-py instead. If you did not install pynvml directly, please report this to the maintainers of the package that installed pynvml for you.
  import pynvml  # type: ignore[import]
2026-10-08 10:55:35.736547: E external/local_xla/xla/stream_executor/cuda/cuda_fft.cc:467] Unable to register cuFFT factory: Attempting to register factory for plugin cuFFT when one has already been registered
WARNING: All log messages before absl::InitializeLog() is called are written to STDERR
E0000 00:00:1791428135.751372 3301621 cuda_dnn.cc:8579] Unable to register cuDNN factory: Attempting to register factory for plugin cuDNN when one has already been registered
E0000 00:00:1791428135.755312 3301621 cuda_blas.cc:1407] Unable to register cuBLAS factory: Attempting to register factory for plugin cuBLAS when one has already been registered
W0000 00:00:1791428135.766852 3301621 computation_placer.cc:177] computation placer already registered. Please check linkage and avoid linking the same target more than once.
W0000 00:00:1791428135.766912 3301621 computation_placer.cc:177] computation placer already registered. Please check linkage and avoid linking the same target more than once.
W0000 00:00:1791428135.766916 3301621 computation_placer.cc:177] computation placer already registered. Please check linkage and avoid linking the same target more than once.
W0000 00:00:1791428135.766937 3301621 computation_placer.cc:177] computation placer already registered. Please check linkage and avoid linking the same target more than once.
/home/zxc/miniconda3/envs/imitator/lib/python3.12/site-packages/torch/cuda/__init__.py:61: FutureWarning: The pynvml package is deprecated. Please install nvidia-ml-py instead. If you did not install pynvml directly, please report this to the maintainers of the package that installed pynvml for you.
  import pynvml  # type: ignore[import]
2026-10-08 10:55:43.482703: E external/local_xla/xla/stream_executor/cuda/cuda_fft.cc:467] Unable to register cuFFT factory: Attempting to register factory for plugin cuFFT when one has already been registered
WARNING: All log messages before absl::InitializeLog() is called are written to STDERR
E0000 00:00:1791428143.495677 3301777 cuda_dnn.cc:8579] Unable to register cuDNN factory: Attempting to register factory for plugin cuDNN when one has already been registered
E0000 00:00:1791428143.499837 3301777 cuda_blas.cc:1407] Unable to register cuBLAS factory: Attempting to register factory for plugin cuBLAS when one has already been registered
W0000 00:00:1791428143.512847 3301777 computation_placer.cc:177] computation placer already registered. Please check linkage and avoid linking the same target more than once.
W0000 00:00:1791428143.512888 3301777 computation_placer.cc:177] computation placer already registered. Please check linkage and avoid linking the same target more than once.
W0000 00:00:1791428143.512892 3301777 computation_placer.cc:177] computation placer already registered. Please check linkage and avoid linking the same target more than once.
W0000 00:00:1791428143.512895 3301777 computation_placer.cc:177] computation placer already registered. Please check linkage and avoid linking the same target more than once.
/home/zxc/miniconda3/envs/imitator/lib/python3.12/site-packages/torch/cuda/__init__.py:61: FutureWarning: The pynvml package is deprecated. Please install nvidia-ml-py instead. If you did not install pynvml directly, please report this to the maintainers of the package that installed pynvml for you.
  import pynvml  # type: ignore[import]
2026-10-08 10:55:51.056422: E external/local_xla/xla/stream_executor/cuda/cuda_fft.cc:467] Unable to register cuFFT factory: Attempting to register factory for plugin cuFFT when one has already been registered
WARNING: All log messages before absl::InitializeLog() is called are written to STDERR
E0000 00:00:1791428151.073083 3301890 cuda_dnn.cc:8579] Unable to register cuDNN factory: Attempting to register factory for plugin cuDNN when one has already been registered
E0000 00:00:1791428151.077089 3301890 cuda_blas.cc:1407] Unable to register cuBLAS factory: Attempting to register factory for plugin cuBLAS when one has already been registered
W0000 00:00:1791428151.088109 3301890 computation_placer.cc:177] computation placer already registered. Please check linkage and avoid linking the same target more than once.
W0000 00:00:1791428151.088152 3301890 computation_placer.cc:177] computation placer already registered. Please check linkage and avoid linking the same target more than once.
W0000 00:00:1791428151.088157 3301890 computation_placer.cc:177] computation placer already registered. Please check linkage and avoid linking the same target more than once.
W0000 00:00:1791428151.088160 3301890 computation_placer.cc:177] computation placer already registered. Please check linkage and avoid linking the same target more than once.
/home/zxc/miniconda3/envs/imitator/lib/python3.12/site-packages/torch/cuda/__init__.py:61: FutureWarning: The pynvml package is deprecated. Please install nvidia-ml-py instead. If you did not install pynvml directly, please report this to the maintainers of the package that installed pynvml for you.
  import pynvml  # type: ignore[import]
2026-10-08 10:55:58.896010: E external/local_xla/xla/stream_executor/cuda/cuda_fft.cc:467] Unable to register cuFFT factory: Attempting to register factory for plugin cuFFT when one has already been registered
WARNING: All log messages before absl::InitializeLog() is called are written to STDERR
E0000 00:00:1791428158.908608 3302069 cuda_dnn.cc:8579] Unable to register cuDNN factory: Attempting to register factory for plugin cuDNN when one has already been registered
E0000 00:00:1791428158.912873 3302069 cuda_blas.cc:1407] Unable to register cuBLAS factory: Attempting to register factory for plugin cuBLAS when one has already been registered
W0000 00:00:1791428158.926771 3302069 computation_placer.cc:177] computation placer already registered. Please check linkage and avoid linking the same target more than once.
W0000 00:00:1791428158.926826 3302069 computation_placer.cc:177] computation placer already registered. Please check linkage and avoid linking the same target more than once.
W0000 00:00:1791428158.926830 3302069 computation_placer.cc:177] computation placer already registered. Please check linkage and avoid linking the same target more than once.
W0000 00:00:1791428158.926832 3302069 computation_placer.cc:177] computation placer already registered. Please check linkage and avoid linking the same target more than once.
/home/zxc/miniconda3/envs/imitator/lib/python3.12/site-packages/torch/cuda/__init__.py:61: FutureWarning: The pynvml package is deprecated. Please install nvidia-ml-py instead. If you did not install pynvml directly, please report this to the maintainers of the package that installed pynvml for you.
  import pynvml  # type: ignore[import]
2026-10-08 10:56:06.674104: E external/local_xla/xla/stream_executor/cuda/cuda_fft.cc:467] Unable to register cuFFT factory: Attempting to register factory for plugin cuFFT when one has already been registered
WARNING: All log messages before absl::InitializeLog() is called are written to STDERR
E0000 00:00:1791428166.690132 3302181 cuda_dnn.cc:8579] Unable to register cuDNN factory: Attempting to register factory for plugin cuDNN when one has already been registered
E0000 00:00:1791428166.694098 3302181 cuda_blas.cc:1407] Unable to register cuBLAS factory: Attempting to register factory for plugin cuBLAS when one has already been registered
W0000 00:00:1791428166.706855 3302181 computation_placer.cc:177] computation placer already registered. Please check linkage and avoid linking the same target more than once.
W0000 00:00:1791428166.706904 3302181 computation_placer.cc:177] computation placer already registered. Please check linkage and avoid linking the same target more than once.
W0000 00:00:1791428166.706907 3302181 computation_placer.cc:177] computation placer already registered. Please check linkage and avoid linking the same target more than once.
W0000 00:00:1791428166.706911 3302181 computation_placer.cc:177] computation placer already registered. Please check linkage and avoid linking the same target more than once.
{"step": 1, "samples": 64, "level_sample_counts": {"L0": 64}, "elapsed_train_s": 2.4773335740028415, "lr": [1.1111111111111112e-07, 1.1111111111111112e-08], "loss": 99.45367431640625, "l1": 0.72528076171875, "kl": 9.872838973999023, "memory_allocated_GiB": 0.2731194496154785}
{"step": 50, "samples": 3200, "level_sample_counts": {"L0": 3200}, "elapsed_train_s": 6.065543904987862, "lr": [5.555555555555556e-06, 5.555555555555555e-07], "loss": 90.91428406384526, "l1": 0.6261042295670023, "kl": 9.028817935865753, "memory_allocated_GiB": 0.273378849029541}
{"step": 100, "samples": 6400, "level_sample_counts": {"L0": 6400}, "elapsed_train_s": 9.846864106977591, "lr": [1.1111111111111112e-05, 1.111111111111111e-06], "loss": 47.77146709442139, "l1": 0.47518384099006655, "kl": 4.7296283197402955, "memory_allocated_GiB": 0.27306604385375977}
{"step": 150, "samples": 9600, "level_sample_counts": {"L0": 9600}, "elapsed_train_s": 12.423428502981551, "lr": [1.6666666666666667e-05, 1.6666666666666667e-06], "loss": 8.669981384277344, "l1": 0.3789498686790466, "kl": 0.8291031563282013, "memory_allocated_GiB": 0.27367639541625977}
{"step": 200, "samples": 12800, "level_sample_counts": {"L0": 12800}, "elapsed_train_s": 14.456764309987193, "lr": [2.2222222222222223e-05, 2.222222222222222e-06], "loss": 3.1286404848098757, "l1": 0.30358521282672885, "kl": 0.28250553041696547, "memory_allocated_GiB": 0.27208948135375977}
{"step": 250, "samples": 16000, "level_sample_counts": {"L0": 16000}, "elapsed_train_s": 16.56167282399838, "lr": [2.777777777777778e-05, 2.7777777777777783e-06], "loss": 2.1843411040306093, "l1": 0.2610470911860466, "kl": 0.19232940226793288, "memory_allocated_GiB": 0.27306604385375977}
{"step": 300, "samples": 19200, "level_sample_counts": {"L0": 19200}, "elapsed_train_s": 18.604192418977618, "lr": [3.3333333333333335e-05, 3.3333333333333333e-06], "loss": 1.5906582856178284, "l1": 0.2213265296816826, "kl": 0.13693317785859108, "memory_allocated_GiB": 0.27367639541625977}
{"step": 350, "samples": 22400, "level_sample_counts": {"L0": 22400}, "elapsed_train_s": 20.71502571599558, "lr": [3.888888888888889e-05, 3.88888888888889e-06], "loss": 1.1217731034755707, "l1": 0.19236679792404174, "kl": 0.09294063091278076, "memory_allocated_GiB": 0.27208948135375977}
{"step": 400, "samples": 25600, "level_sample_counts": {"L0": 25600}, "elapsed_train_s": 22.778699133981718, "lr": [4.4444444444444447e-05, 4.444444444444444e-06], "loss": 0.7861768400669098, "l1": 0.17299089282751084, "kl": 0.06131859414279461, "memory_allocated_GiB": 0.27306604385375977}
{"step": 450, "samples": 28800, "level_sample_counts": {"L0": 28800}, "elapsed_train_s": 24.883135888987454, "lr": [5e-05, 5e-06], "loss": 0.5446912515163421, "l1": 0.1608993437886238, "kl": 0.03837919104844332, "memory_allocated_GiB": 0.27367639541625977}
{"step": 500, "samples": 32000, "level_sample_counts": {"L0": 32000}, "elapsed_train_s": 26.988674892985728, "lr": [5.555555555555556e-05, 5.555555555555557e-06], "loss": 0.38942564189434054, "l1": 0.14823734670877456, "kl": 0.0241188295930624, "memory_allocated_GiB": 0.27208948135375977}
{"step": 550, "samples": 35200, "level_sample_counts": {"L0": 35200}, "elapsed_train_s": 29.12294409898459, "lr": [6.111111111111112e-05, 6.111111111111112e-06], "loss": 0.28946671545505526, "l1": 0.13710982978343964, "kl": 0.015235688518732787, "memory_allocated_GiB": 0.27306604385375977}
{"step": 600, "samples": 38400, "level_sample_counts": {"L0": 38400}, "elapsed_train_s": 31.453545502998168, "lr": [6.666666666666667e-05, 6.666666666666667e-06], "loss": 0.22423599809408187, "l1": 0.12768782123923303, "kl": 0.009654817823320627, "memory_allocated_GiB": 0.27367639541625977}
{"step": 650, "samples": 41600, "level_sample_counts": {"L0": 41600}, "elapsed_train_s": 33.67408233799506, "lr": [7.222222222222222e-05, 7.222222222222223e-06], "loss": 0.1831941309571266, "l1": 0.11801629438996315, "kl": 0.006517783738672733, "memory_allocated_GiB": 0.27208948135375977}
{"step": 700, "samples": 44800, "level_sample_counts": {"L0": 44800}, "elapsed_train_s": 35.83441411098465, "lr": [7.777777777777778e-05, 7.77777777777778e-06], "loss": 0.15885836452245714, "l1": 0.11197352707386017, "kl": 0.0046884838584810495, "memory_allocated_GiB": 0.27306604385375977}
{"step": 750, "samples": 48000, "level_sample_counts": {"L0": 48000}, "elapsed_train_s": 38.144622749998234, "lr": [8.333333333333334e-05, 8.333333333333334e-06], "loss": 0.1420733666419983, "l1": 0.10582409054040909, "kl": 0.0036249275878071784, "memory_allocated_GiB": 0.27367639541625977}
{"step": 800, "samples": 51200, "level_sample_counts": {"L0": 51200}, "elapsed_train_s": 40.73739865599782, "lr": [8.888888888888889e-05, 8.888888888888888e-06], "loss": 0.1295212398469448, "l1": 0.09969654440879822, "kl": 0.002982469527050853, "memory_allocated_GiB": 0.27208948135375977}
{"step": 850, "samples": 54400, "level_sample_counts": {"L0": 54400}, "elapsed_train_s": 43.21215179297724, "lr": [9.444444444444444e-05, 9.444444444444445e-06], "loss": 0.12027663037180901, "l1": 0.09535302117466926, "kl": 0.002492360882461071, "memory_allocated_GiB": 0.27306604385375977}
{"step": 900, "samples": 57600, "level_sample_counts": {"L0": 57600}, "elapsed_train_s": 45.59308390098158, "lr": [0.0001, 1e-05], "loss": 0.11228244453668594, "l1": 0.09115707099437714, "kl": 0.0021125373244285585, "memory_allocated_GiB": 0.27367639541625977}
{"step": 950, "samples": 60800, "level_sample_counts": {"L0": 60800}, "elapsed_train_s": 48.01699499398819, "lr": [9.999789047591562e-05, 9.999789047591563e-06], "loss": 0.10483956784009933, "l1": 0.08727074041962624, "kl": 0.001756882732734084, "memory_allocated_GiB": 0.27208948135375977}
{"step": 1000, "samples": 64000, "level_sample_counts": {"L0": 64000}, "elapsed_train_s": 50.44259972497821, "lr": [9.999156208166614e-05, 9.999156208166614e-06], "loss": 0.09746666029095649, "l1": 0.08184630617499351, "kl": 0.0015620354283601046, "memory_allocated_GiB": 0.27306604385375977}
{"step": 1050, "samples": 67200, "level_sample_counts": {"L0": 67200}, "elapsed_train_s": 52.892287664988544, "lr": [9.998101535124758e-05, 9.998101535124758e-06], "loss": 0.0937618663907051, "l1": 0.07907403483986855, "kl": 0.0014687831141054631, "memory_allocated_GiB": 0.27367639541625977}
{"step": 1100, "samples": 70400, "level_sample_counts": {"L0": 70400}, "elapsed_train_s": 55.24563874898013, "lr": [9.996625117460318e-05, 9.996625117460319e-06], "loss": 0.08954652547836303, "l1": 0.07725449487566947, "kl": 0.0012292029988020658, "memory_allocated_GiB": 0.27208948135375977}
{"step": 1150, "samples": 73600, "level_sample_counts": {"L0": 73600}, "elapsed_train_s": 57.67026279098354, "lr": [9.994727079754844e-05, 9.994727079754845e-06], "loss": 0.08547234177589416, "l1": 0.07429134413599968, "kl": 0.0011180998012423515, "memory_allocated_GiB": 0.27306604385375977}
{"step": 1200, "samples": 76800, "level_sample_counts": {"L0": 76800}, "elapsed_train_s": 60.079666462988826, "lr": [9.992407582166581e-05, 9.992407582166582e-06], "loss": 0.08231891080737114, "l1": 0.07244921520352364, "kl": 0.0009869696013629437, "memory_allocated_GiB": 0.27367639541625977}
{"step": 1250, "samples": 80000, "level_sample_counts": {"L0": 80000}, "elapsed_train_s": 62.490006252977764, "lr": [9.989666820416974e-05, 9.989666820416974e-06], "loss": 0.07972956314682961, "l1": 0.0710344722867012, "kl": 0.0008695091027766466, "memory_allocated_GiB": 0.27208948135375977}
{"step": 1300, "samples": 83200, "level_sample_counts": {"L0": 83200}, "elapsed_train_s": 64.89604807898286, "lr": [9.986505025774138e-05, 9.986505025774137e-06], "loss": 0.07744295358657836, "l1": 0.0690862737596035, "kl": 0.0008356680069118738, "memory_allocated_GiB": 0.27306604385375977}
{"step": 1350, "samples": 86400, "level_sample_counts": {"L0": 86400}, "elapsed_train_s": 67.32350862698513, "lr": [9.98292246503335e-05, 9.98292246503335e-06], "loss": 0.07464564755558968, "l1": 0.06737124353647232, "kl": 0.0007274403888732195, "memory_allocated_GiB": 0.27367639541625977}
{"step": 1400, "samples": 89600, "level_sample_counts": {"L0": 89600}, "elapsed_train_s": 69.72401568098576, "lr": [9.978919440494539e-05, 9.978919440494538e-06], "loss": 0.0721043013036251, "l1": 0.06454362958669663, "kl": 0.0007560671772807836, "memory_allocated_GiB": 0.27208948135375977}
{"step": 1450, "samples": 92800, "level_sample_counts": {"L0": 92800}, "elapsed_train_s": 72.23068054698524, "lr": [9.974496289936769e-05, 9.974496289936769e-06], "loss": 0.0705433164536953, "l1": 0.06346215054392815, "kl": 0.0007081165723502636, "memory_allocated_GiB": 0.27306604385375977}
{"step": 1500, "samples": 96000, "level_sample_counts": {"L0": 96000}, "elapsed_train_s": 74.63440255599562, "lr": [9.969653386589748e-05, 9.969653386589749e-06], "loss": 0.06847845822572708, "l1": 0.06260875314474106, "kl": 0.0005869705229997635, "memory_allocated_GiB": 0.27367639541625977}
{"step": 1550, "samples": 99200, "level_sample_counts": {"L0": 99200}, "elapsed_train_s": 77.10037290398031, "lr": [9.964391139102325e-05, 9.964391139102325e-06], "loss": 0.06750084027647972, "l1": 0.061198544278740885, "kl": 0.0006302295811474323, "memory_allocated_GiB": 0.27208948135375977}
{"step": 1600, "samples": 102400, "level_sample_counts": {"L0": 102400}, "elapsed_train_s": 79.52656639399356, "lr": [9.958709991508012e-05, 9.958709991508013e-06], "loss": 0.06744794584810734, "l1": 0.06131952233612537, "kl": 0.0006128423847258091, "memory_allocated_GiB": 0.27306604385375977}
{"step": 1650, "samples": 105600, "level_sample_counts": {"L0": 105600}, "elapsed_train_s": 81.92672505800147, "lr": [9.952610423187516e-05, 9.952610423187516e-06], "loss": 0.0648984508216381, "l1": 0.05942222662270069, "kl": 0.0005476224794983864, "memory_allocated_GiB": 0.27367639541625977}
{"step": 1700, "samples": 108800, "level_sample_counts": {"L0": 108800}, "elapsed_train_s": 84.27305633100332, "lr": [9.946092948828289e-05, 9.94609294882829e-06], "loss": 0.06364016070961952, "l1": 0.058176831007003785, "kl": 0.0005463329330086708, "memory_allocated_GiB": 0.27208948135375977}
{"step": 1750, "samples": 112000, "level_sample_counts": {"L0": 112000}, "elapsed_train_s": 86.74172722597723, "lr": [9.939158118381098e-05, 9.939158118381097e-06], "loss": 0.0615601309388876, "l1": 0.0571007401496172, "kl": 0.00044593908824026586, "memory_allocated_GiB": 0.27306604385375977}
{"step": 1800, "samples": 115200, "level_sample_counts": {"L0": 115200}, "elapsed_train_s": 89.26755149799283, "lr": [9.931806517013612e-05, 9.931806517013612e-06], "loss": 0.061086319386959076, "l1": 0.05586672656238079, "kl": 0.0005219592899084091, "memory_allocated_GiB": 0.27367639541625977}
DEVELOPMENT {"L0": {"step": 1800, "summary": {"success_once": {"mean": 1.0, "std": 0.0}, "return": {"mean": 404.0149841308594, "std": 6.544444561004639}, "episode_len": {"mean": 500.0, "std": 0.0}, "reward": {"mean": 0.8080299530029297, "std": 0.013088889318629416}, "last_reward": {"mean": 1.0, "std": 0.0}, "success_at_end": {"mean": 0.9, "std": 0.3}}, "stages": {"is_grasped": 20, "is_mug_above_table": 20, "is_mug_contact_rack": 20, "is_obj_placed": 19, "success": 20}}, "L1": {"step": 1800, "summary": {"success_once": {"mean": 0.0, "std": 0.0}, "return": {"mean": 27.724720001220703, "std": 2.2987587451934814}, "episode_len": {"mean": 500.0, "std": 0.0}, "reward": {"mean": 0.05544944000244141, "std": 0.00459751749276473}, "last_reward": {"mean": 0.055806300789117816, "std": 0.004385815358780459}, "success_at_end": {"mean": 0.0, "std": 0.0}}, "stages": {"is_grasped": 0, "is_mug_above_table": 0, "is_mug_contact_rack": 0, "is_obj_placed": 0, "success": 0}}, "L2": {"step": 1800, "summary": {"success_once": {"mean": 0.0, "std": 0.0}, "return": {"mean": 0.22955207526683807, "std": 0.030520601198077202}, "episode_len": {"mean": 500.0, "std": 0.0}, "reward": {"mean": 0.000459104174375534, "std": 6.104120367527341e-05}, "last_reward": {"mean": 0.000466948002576828, "std": 6.037587266491664e-05}, "success_at_end": {"mean": 0.0, "std": 0.0}}, "stages": {"is_grasped": 0, "is_mug_above_table": 0, "is_mug_contact_rack": 0, "is_obj_placed": 0, "success": 0}}}
{"step": 1850, "samples": 118400, "level_sample_counts": {"L0": 118400}, "elapsed_train_s": 392.87234388198704, "lr": [9.924038765061042e-05, 9.924038765061042e-06], "loss": 0.059679833427071574, "l1": 0.05533100374042988, "kl": 0.0004348829668015242, "memory_allocated_GiB": 0.27208948135375977}
{"step": 1900, "samples": 121600, "level_sample_counts": {"L0": 121600}, "elapsed_train_s": 396.2445875220001, "lr": [9.915855517973776e-05, 9.915855517973776e-06], "loss": 0.05928759820759297, "l1": 0.054961285963654516, "kl": 0.0004326312057673931, "memory_allocated_GiB": 0.27306604385375977}
{"step": 1950, "samples": 124800, "level_sample_counts": {"L0": 124800}, "elapsed_train_s": 399.9550230949826, "lr": [9.90725746626209e-05, 9.90725746626209e-06], "loss": 0.0573937126994133, "l1": 0.05372915402054787, "kl": 0.0003664558660238981, "memory_allocated_GiB": 0.27367639541625977}
{"step": 2000, "samples": 128000, "level_sample_counts": {"L0": 128000}, "elapsed_train_s": 403.56045464400086, "lr": [9.89824533543787e-05, 9.89824533543787e-06], "loss": 0.05700717374682426, "l1": 0.05300953559577465, "kl": 0.0003997638262808323, "memory_allocated_GiB": 0.27208948135375977}
{"step": 2050, "samples": 131200, "level_sample_counts": {"L0": 131200}, "elapsed_train_s": 407.1376067090023, "lr": [9.888819885953398e-05, 9.888819885953398e-06], "loss": 0.05613553278148174, "l1": 0.0524721322208643, "kl": 0.00036634006537497046, "memory_allocated_GiB": 0.27306604385375977}
{"step": 2100, "samples": 134400, "level_sample_counts": {"L0": 134400}, "elapsed_train_s": 410.7399973409774, "lr": [9.878981913137179e-05, 9.878981913137178e-06], "loss": 0.05514742650091648, "l1": 0.051655093282461165, "kl": 0.0003492332994937897, "memory_allocated_GiB": 0.27367639541625977}
{"step": 2150, "samples": 137600, "level_sample_counts": {"L0": 137600}, "elapsed_train_s": 414.38171572299325, "lr": [9.86873224712684e-05, 9.86873224712684e-06], "loss": 0.05442894198000431, "l1": 0.05067270718514919, "kl": 0.00037562347017228604, "memory_allocated_GiB": 0.27208948135375977}
{"step": 2200, "samples": 140800, "level_sample_counts": {"L0": 140800}, "elapsed_train_s": 418.0239842640003, "lr": [9.85807175279907e-05, 9.85807175279907e-06], "loss": 0.0539353858679533, "l1": 0.050525741055607795, "kl": 0.0003409644961357117, "memory_allocated_GiB": 0.27306604385375977}
{"step": 2250, "samples": 144000, "level_sample_counts": {"L0": 144000}, "elapsed_train_s": 421.71579838197795, "lr": [9.847001329696653e-05, 9.847001329696653e-06], "loss": 0.05292711563408375, "l1": 0.04941843830049038, "kl": 0.00035086773335933684, "memory_allocated_GiB": 0.27367639541625977}
{"step": 2300, "samples": 147200, "level_sample_counts": {"L0": 147200}, "elapsed_train_s": 425.36143870899105, "lr": [9.835521911952555e-05, 9.835521911952554e-06], "loss": 0.052516989856958386, "l1": 0.048925244435667994, "kl": 0.00035917457193136216, "memory_allocated_GiB": 0.27208948135375977}
{"step": 2350, "samples": 150400, "level_sample_counts": {"L0": 150400}, "elapsed_train_s": 428.7956179979956, "lr": [9.823634468211103e-05, 9.823634468211102e-06], "loss": 0.051659642681479455, "l1": 0.04800173304975033, "kl": 0.0003657909482717514, "memory_allocated_GiB": 0.27306604385375977}
{"step": 2400, "samples": 153600, "level_sample_counts": {"L0": 153600}, "elapsed_train_s": 432.45977290099836, "lr": [9.811340001546251e-05, 9.811340001546252e-06], "loss": 0.05097601860761643, "l1": 0.04716470867395401, "kl": 0.00038113100454211234, "memory_allocated_GiB": 0.27367639541625977}
{"step": 2450, "samples": 156800, "level_sample_counts": {"L0": 156800}, "elapsed_train_s": 436.0915735849994, "lr": [9.798639549376945e-05, 9.798639549376946e-06], "loss": 0.05083298541605472, "l1": 0.047040856406092645, "kl": 0.0003792129270732403, "memory_allocated_GiB": 0.27208948135375977}
{"step": 2500, "samples": 160000, "level_sample_counts": {"L0": 160000}, "elapsed_train_s": 439.69277220900403, "lr": [9.785534183379572e-05, 9.785534183379571e-06], "loss": 0.05038768731057644, "l1": 0.04654139824211598, "kl": 0.0003846289124339819, "memory_allocated_GiB": 0.27306604385375977}
{"step": 2550, "samples": 163200, "level_sample_counts": {"L0": 163200}, "elapsed_train_s": 443.29955302597955, "lr": [9.772025009397537e-05, 9.772025009397538e-06], "loss": 0.05103847973048687, "l1": 0.047820564284920694, "kl": 0.000321791535243392, "memory_allocated_GiB": 0.27367639541625977}
{"step": 2600, "samples": 166400, "level_sample_counts": {"L0": 166400}, "elapsed_train_s": 446.8697851600009, "lr": [9.75811316734796e-05, 9.75811316734796e-06], "loss": 0.04994678311049938, "l1": 0.04673119179904461, "kl": 0.0003215591236948967, "memory_allocated_GiB": 0.27208948135375977}
{"step": 2650, "samples": 169600, "level_sample_counts": {"L0": 169600}, "elapsed_train_s": 450.5073033179797, "lr": [9.743799831125472e-05, 9.743799831125472e-06], "loss": 0.04872974090278149, "l1": 0.04529154375195503, "kl": 0.0003438197076320648, "memory_allocated_GiB": 0.27306604385375977}
{"step": 2700, "samples": 172800, "level_sample_counts": {"L0": 172800}, "elapsed_train_s": 454.2418712899962, "lr": [9.729086208503174e-05, 9.729086208503174e-06], "loss": 0.04857082486152649, "l1": 0.04534636802971363, "kl": 0.0003224456962198019, "memory_allocated_GiB": 0.27367639541625977}
{"step": 2750, "samples": 176000, "level_sample_counts": {"L0": 176000}, "elapsed_train_s": 457.8851965399808, "lr": [9.713973541030716e-05, 9.713973541030716e-06], "loss": 0.04893041245639324, "l1": 0.046270334944128994, "kl": 0.00026600775308907034, "memory_allocated_GiB": 0.27208948135375977}
{"step": 2800, "samples": 179200, "level_sample_counts": {"L0": 179200}, "elapsed_train_s": 461.4792615629849, "lr": [9.698463103929542e-05, 9.698463103929542e-06], "loss": 0.047133391872048375, "l1": 0.04471828654408455, "kl": 0.00024151054210960865, "memory_allocated_GiB": 0.27306604385375977}
{"step": 2850, "samples": 182400, "level_sample_counts": {"L0": 182400}, "elapsed_train_s": 465.0994446729892, "lr": [9.682556205985274e-05, 9.682556205985274e-06], "loss": 0.04677810549736023, "l1": 0.04417439140379429, "kl": 0.00026037139818072317, "memory_allocated_GiB": 0.27367639541625977}
{"step": 2900, "samples": 185600, "level_sample_counts": {"L0": 185600}, "elapsed_train_s": 468.71094696299406, "lr": [9.666254189437286e-05, 9.666254189437286e-06], "loss": 0.04614897184073925, "l1": 0.043230147808790205, "kl": 0.0002918824180960655, "memory_allocated_GiB": 0.27208948135375977}
{"step": 2950, "samples": 188800, "level_sample_counts": {"L0": 188800}, "elapsed_train_s": 472.3257806600013, "lr": [9.64955842986544e-05, 9.64955842986544e-06], "loss": 0.04727031014859676, "l1": 0.04439049705862999, "kl": 0.0002879813127219677, "memory_allocated_GiB": 0.27306604385375977}
{"step": 3000, "samples": 192000, "level_sample_counts": {"L0": 192000}, "elapsed_train_s": 475.99713686297764, "lr": [9.632470336074009e-05, 9.632470336074009e-06], "loss": 0.04608208492398262, "l1": 0.04337994031608105, "kl": 0.000270214481279254, "memory_allocated_GiB": 0.27367639541625977}
{"step": 3050, "samples": 195200, "level_sample_counts": {"L0": 195200}, "elapsed_train_s": 479.7216805079952, "lr": [9.614991349972815e-05, 9.614991349972815e-06], "loss": 0.04591181367635727, "l1": 0.04295494481921196, "kl": 0.000295686898753047, "memory_allocated_GiB": 0.27208948135375977}
{"step": 3100, "samples": 198400, "level_sample_counts": {"L0": 198400}, "elapsed_train_s": 483.3566542000044, "lr": [9.59712294645554e-05, 9.597122946455539e-06], "loss": 0.045062069818377494, "l1": 0.042504676058888434, "kl": 0.00025573937222361564, "memory_allocated_GiB": 0.27306604385375977}
{"step": 3150, "samples": 201600, "level_sample_counts": {"L0": 201600}, "elapsed_train_s": 486.9515404019912, "lr": [9.578866633275288e-05, 9.578866633275289e-06], "loss": 0.045121341794729236, "l1": 0.042548982053995134, "kl": 0.000257235961034894, "memory_allocated_GiB": 0.27367639541625977}
{"step": 3200, "samples": 204800, "level_sample_counts": {"L0": 204800}, "elapsed_train_s": 490.5415027209965, "lr": [9.560223950917353e-05, 9.560223950917354e-06], "loss": 0.044661162272095684, "l1": 0.04190098568797111, "kl": 0.00027601768262684344, "memory_allocated_GiB": 0.27208948135375977}
{"step": 3250, "samples": 208000, "level_sample_counts": {"L0": 208000}, "elapsed_train_s": 494.1671564029821, "lr": [9.541196472469233e-05, 9.541196472469234e-06], "loss": 0.043963562846183774, "l1": 0.041093546003103255, "kl": 0.0002870016638189554, "memory_allocated_GiB": 0.27306604385375977}
{"step": 3300, "samples": 211200, "level_sample_counts": {"L0": 211200}, "elapsed_train_s": 497.78821755197714, "lr": [9.521785803487889e-05, 9.521785803487888e-06], "loss": 0.04377742469310761, "l1": 0.04122861258685589, "kl": 0.00025488123297691347, "memory_allocated_GiB": 0.27367639541625977}
{"step": 3350, "samples": 214400, "level_sample_counts": {"L0": 214400}, "elapsed_train_s": 501.57280408000224, "lr": [9.501993581864268e-05, 9.501993581864268e-06], "loss": 0.0440093095600605, "l1": 0.04176124051213265, "kl": 0.00022480691783130169, "memory_allocated_GiB": 0.27208948135375977}
{"step": 3400, "samples": 217600, "level_sample_counts": {"L0": 217600}, "elapsed_train_s": 505.1834017819783, "lr": [9.481821477685101e-05, 9.481821477685102e-06], "loss": 0.043673586025834085, "l1": 0.0412946680188179, "kl": 0.000237891785800457, "memory_allocated_GiB": 0.27306604385375977}
{"step": 3450, "samples": 220800, "level_sample_counts": {"L0": 220800}, "elapsed_train_s": 507.3971425619966, "lr": [9.46127119309197e-05, 9.461271193091971e-06], "loss": 0.0434136962890625, "l1": 0.04086377739906311, "kl": 0.00025499188341200353, "memory_allocated_GiB": 0.27367639541625977}
{"step": 3500, "samples": 224000, "level_sample_counts": {"L0": 224000}, "elapsed_train_s": 509.493302087998, "lr": [9.440344462137689e-05, 9.44034446213769e-06], "loss": 0.042528037056326864, "l1": 0.0400632331520319, "kl": 0.0002464803773909807, "memory_allocated_GiB": 0.27208948135375977}
{"step": 3550, "samples": 227200, "level_sample_counts": {"L0": 227200}, "elapsed_train_s": 511.60793920999276, "lr": [9.419043050639973e-05, 9.419043050639973e-06], "loss": 0.043320333510637285, "l1": 0.04103037439286709, "kl": 0.00022899591363966464, "memory_allocated_GiB": 0.27306604385375977}
{"step": 3600, "samples": 230400, "level_sample_counts": {"L0": 230400}, "elapsed_train_s": 513.7774884109967, "lr": [9.397368756032445e-05, 9.397368756032445e-06], "loss": 0.04248316526412964, "l1": 0.04023498900234699, "kl": 0.000224817618727684, "memory_allocated_GiB": 0.27367639541625977}
{"step": 3650, "samples": 233600, "level_sample_counts": {"L0": 233600}, "elapsed_train_s": 515.9797473299841, "lr": [9.375323407212969e-05, 9.37532340721297e-06], "loss": 0.04280961565673351, "l1": 0.040044260323047635, "kl": 0.00027653553523123266, "memory_allocated_GiB": 0.27208948135375977}
{"step": 3700, "samples": 236800, "level_sample_counts": {"L0": 236800}, "elapsed_train_s": 518.124198103993, "lr": [9.352908864389312e-05, 9.352908864389313e-06], "loss": 0.04201125279068947, "l1": 0.03923975721001625, "kl": 0.00027714952826499937, "memory_allocated_GiB": 0.27306604385375977}
{"step": 3750, "samples": 240000, "level_sample_counts": {"L0": 240000}, "elapsed_train_s": 520.2845839869988, "lr": [9.330127018922194e-05, 9.330127018922195e-06], "loss": 0.04110842615365982, "l1": 0.03881748579442501, "kl": 0.00022909401915967463, "memory_allocated_GiB": 0.27367639541625977}
{"step": 3800, "samples": 243200, "level_sample_counts": {"L0": 243200}, "elapsed_train_s": 522.4830642309971, "lr": [9.306979793165681e-05, 9.306979793165682e-06], "loss": 0.041041414216160775, "l1": 0.038862147331237794, "kl": 0.0002179266605526209, "memory_allocated_GiB": 0.27208948135375977}
{"step": 3850, "samples": 246400, "level_sample_counts": {"L0": 246400}, "elapsed_train_s": 524.7033701259934, "lr": [9.283469140304983e-05, 9.283469140304982e-06], "loss": 0.041451701074838636, "l1": 0.039111063182353974, "kl": 0.00023406375199556351, "memory_allocated_GiB": 0.27306604385375977}
{"step": 3900, "samples": 249600, "level_sample_counts": {"L0": 249600}, "elapsed_train_s": 526.8821332950029, "lr": [9.259597044191636e-05, 9.259597044191635e-06], "loss": 0.040588183403015135, "l1": 0.03849546998739242, "kl": 0.0002092713490128517, "memory_allocated_GiB": 0.27367639541625977}
{"step": 3950, "samples": 252800, "level_sample_counts": {"L0": 252800}, "elapsed_train_s": 529.104288707982, "lr": [9.23536551917611e-05, 9.23536551917611e-06], "loss": 0.04070198900997639, "l1": 0.03866377174854278, "kl": 0.00020382173359394075, "memory_allocated_GiB": 0.27208948135375977}
{"step": 4000, "samples": 256000, "level_sample_counts": {"L0": 256000}, "elapsed_train_s": 531.3946426739858, "lr": [9.210776609937829e-05, 9.21077660993783e-06], "loss": 0.041326895207166675, "l1": 0.0393662378937006, "kl": 0.000196065716445446, "memory_allocated_GiB": 0.27306604385375977}
{"step": 4050, "samples": 259200, "level_sample_counts": {"L0": 259200}, "elapsed_train_s": 533.8440377439838, "lr": [9.185832391312644e-05, 9.185832391312644e-06], "loss": 0.04015291996300221, "l1": 0.03807392828166485, "kl": 0.00020789919421076774, "memory_allocated_GiB": 0.27367639541625977}
{"step": 4100, "samples": 262400, "level_sample_counts": {"L0": 262400}, "elapsed_train_s": 536.2295570959977, "lr": [9.160534968117752e-05, 9.160534968117752e-06], "loss": 0.03996403872966767, "l1": 0.037974874377250674, "kl": 0.00019891642965376378, "memory_allocated_GiB": 0.27208948135375977}
{"step": 4150, "samples": 265600, "level_sample_counts": {"L0": 265600}, "elapsed_train_s": 538.6782557069964, "lr": [9.134886474974091e-05, 9.134886474974092e-06], "loss": 0.03964701071381569, "l1": 0.03744299620389938, "kl": 0.0002204014640301466, "memory_allocated_GiB": 0.27306604385375977}
{"step": 4200, "samples": 268800, "level_sample_counts": {"L0": 268800}, "elapsed_train_s": 541.1083125919977, "lr": [9.108889076126226e-05, 9.108889076126226e-06], "loss": 0.039488504976034164, "l1": 0.03734500788152218, "kl": 0.0002143496833741665, "memory_allocated_GiB": 0.27367639541625977}
{"step": 4250, "samples": 272000, "level_sample_counts": {"L0": 272000}, "elapsed_train_s": 543.5537771169911, "lr": [9.082544965259715e-05, 9.082544965259716e-06], "loss": 0.03900440387427807, "l1": 0.03714717395603657, "kl": 0.00018572301603853703, "memory_allocated_GiB": 0.27208948135375977}
{"step": 4300, "samples": 275200, "level_sample_counts": {"L0": 275200}, "elapsed_train_s": 545.9897802849882, "lr": [9.055856365316011e-05, 9.055856365316012e-06], "loss": 0.039182710498571395, "l1": 0.037427067160606384, "kl": 0.00017556434497237205, "memory_allocated_GiB": 0.27306604385375977}
{"step": 4350, "samples": 278400, "level_sample_counts": {"L0": 278400}, "elapsed_train_s": 548.3760569059814, "lr": [9.028825528304892e-05, 9.028825528304892e-06], "loss": 0.03898722223937511, "l1": 0.03704887665808201, "kl": 0.00019383457489311696, "memory_allocated_GiB": 0.27367639541625977}
{"step": 4400, "samples": 281600, "level_sample_counts": {"L0": 281600}, "elapsed_train_s": 550.8403005369764, "lr": [9.001454735114421e-05, 9.00145473511442e-06], "loss": 0.03841123312711716, "l1": 0.03668221786618233, "kl": 0.00017290151678025722, "memory_allocated_GiB": 0.27208948135375977}
{"step": 4450, "samples": 284800, "level_sample_counts": {"L0": 284800}, "elapsed_train_s": 553.2841452849971, "lr": [8.9737462953185e-05, 8.973746295318499e-06], "loss": 0.038564622849225995, "l1": 0.03653254583477974, "kl": 0.0002032077219337225, "memory_allocated_GiB": 0.27306604385375977}
{"step": 4500, "samples": 288000, "level_sample_counts": {"L0": 288000}, "elapsed_train_s": 555.7506421129801, "lr": [8.945702546981969e-05, 8.94570254698197e-06], "loss": 0.03811305448412895, "l1": 0.03627930007874966, "kl": 0.00018337544053792954, "memory_allocated_GiB": 0.27367639541625977}
{"step": 4550, "samples": 291200, "level_sample_counts": {"L0": 291200}, "elapsed_train_s": 558.1597232350032, "lr": [8.917325856463331e-05, 8.917325856463331e-06], "loss": 0.038367196545004846, "l1": 0.03647768437862396, "kl": 0.00018895124085247517, "memory_allocated_GiB": 0.27208948135375977}
{"step": 4600, "samples": 294400, "level_sample_counts": {"L0": 294400}, "elapsed_train_s": 560.580969150993, "lr": [8.88861861821507e-05, 8.88861861821507e-06], "loss": 0.03768944680690765, "l1": 0.03580754175782204, "kl": 0.0001881905272603035, "memory_allocated_GiB": 0.27306604385375977}
{"step": 4650, "samples": 297600, "level_sample_counts": {"L0": 297600}, "elapsed_train_s": 562.9810085249774, "lr": [8.859583254581605e-05, 8.859583254581604e-06], "loss": 0.03802749551832676, "l1": 0.036162082478404044, "kl": 0.00018654129467904568, "memory_allocated_GiB": 0.27367639541625977}
{"step": 4700, "samples": 300800, "level_sample_counts": {"L0": 300800}, "elapsed_train_s": 565.3927607939986, "lr": [8.83022221559489e-05, 8.83022221559489e-06], "loss": 0.03796512439846993, "l1": 0.036142294630408286, "kl": 0.00018228297121822835, "memory_allocated_GiB": 0.27208948135375977}
{"step": 4750, "samples": 304000, "level_sample_counts": {"L0": 304000}, "elapsed_train_s": 567.8097504949837, "lr": [8.800537978767682e-05, 8.800537978767683e-06], "loss": 0.03768847592175007, "l1": 0.03580206573009491, "kl": 0.0001886410266160965, "memory_allocated_GiB": 0.27306604385375977}
{"step": 4800, "samples": 307200, "level_sample_counts": {"L0": 307200}, "elapsed_train_s": 570.3122616269975, "lr": [8.770533048884482e-05, 8.770533048884483e-06], "loss": 0.037492013350129125, "l1": 0.03583260506391525, "kl": 0.0001659408211708069, "memory_allocated_GiB": 0.27367639541625977}
{"step": 4850, "samples": 310400, "level_sample_counts": {"L0": 310400}, "elapsed_train_s": 572.824388885987, "lr": [8.740209957790178e-05, 8.740209957790179e-06], "loss": 0.03739669419825077, "l1": 0.035674653351306915, "kl": 0.0001722040865570307, "memory_allocated_GiB": 0.27208948135375977}
{"step": 4900, "samples": 313600, "level_sample_counts": {"L0": 313600}, "elapsed_train_s": 575.334188548004, "lr": [8.709571264176409e-05, 8.709571264176408e-06], "loss": 0.036950014084577563, "l1": 0.0350718642026186, "kl": 0.00018781499937176705, "memory_allocated_GiB": 0.27306604385375977}
{"step": 4950, "samples": 316800, "level_sample_counts": {"L0": 316800}, "elapsed_train_s": 577.7391324960045, "lr": [8.678619553365659e-05, 8.67861955336566e-06], "loss": 0.036871500760316846, "l1": 0.03505872808396816, "kl": 0.00018127727322280406, "memory_allocated_GiB": 0.27367639541625977}
{"step": 5000, "samples": 320000, "level_sample_counts": {"L0": 320000}, "elapsed_train_s": 580.1606487119861, "lr": [8.647357437093105e-05, 8.647357437093104e-06], "loss": 0.03713059388101101, "l1": 0.035510914549231526, "kl": 0.00016196792013943196, "memory_allocated_GiB": 0.27208948135375977}
{"step": 5050, "samples": 323200, "level_sample_counts": {"L0": 323200}, "elapsed_train_s": 582.5806465699861, "lr": [8.615787553286234e-05, 8.615787553286235e-06], "loss": 0.036718149706721305, "l1": 0.034985521510243416, "kl": 0.0001732628233730793, "memory_allocated_GiB": 0.27306604385375977}
{"step": 5100, "samples": 326400, "level_sample_counts": {"L0": 326400}, "elapsed_train_s": 585.0298831200053, "lr": [8.583912565842257e-05, 8.583912565842258e-06], "loss": 0.0363185328990221, "l1": 0.03457779809832573, "kl": 0.0001740734837949276, "memory_allocated_GiB": 0.27367639541625977}
{"step": 5150, "samples": 329600, "level_sample_counts": {"L0": 329600}, "elapsed_train_s": 587.4779417219979, "lr": [8.55173516440332e-05, 8.55173516440332e-06], "loss": 0.036587399020791056, "l1": 0.035131104141473773, "kl": 0.00014562945812940598, "memory_allocated_GiB": 0.27208948135375977}
{"step": 5200, "samples": 332800, "level_sample_counts": {"L0": 332800}, "elapsed_train_s": 589.920814549987, "lr": [8.519258064129558e-05, 8.519258064129559e-06], "loss": 0.036332201808691025, "l1": 0.03469084486365318, "kl": 0.00016413567587733268, "memory_allocated_GiB": 0.27306604385375977}
{"step": 5250, "samples": 336000, "level_sample_counts": {"L0": 336000}, "elapsed_train_s": 592.3615215619793, "lr": [8.486484005469977e-05, 8.486484005469977e-06], "loss": 0.036158899366855624, "l1": 0.034694020748138425, "kl": 0.00014648787677288056, "memory_allocated_GiB": 0.27367639541625977}
{"step": 5300, "samples": 339200, "level_sample_counts": {"L0": 339200}, "elapsed_train_s": 594.8048987590009, "lr": [8.453415753931222e-05, 8.453415753931223e-06], "loss": 0.035884795412421226, "l1": 0.034335752800107006, "kl": 0.00015490426681935787, "memory_allocated_GiB": 0.27208948135375977}
{"step": 5350, "samples": 342400, "level_sample_counts": {"L0": 342400}, "elapsed_train_s": 597.2561232470034, "lr": [8.420056099844216e-05, 8.420056099844216e-06], "loss": 0.03668458126485348, "l1": 0.035170853212475775, "kl": 0.00015137280337512493, "memory_allocated_GiB": 0.27306604385375977}
{"step": 5400, "samples": 345600, "level_sample_counts": {"L0": 345600}, "elapsed_train_s": 599.7463456149853, "lr": [8.386407858128706e-05, 8.386407858128707e-06], "loss": 0.035655617341399194, "l1": 0.034227439537644386, "kl": 0.00014281774871051313, "memory_allocated_GiB": 0.27367639541625977}
DEVELOPMENT {"L0": {"step": 5400, "summary": {"success_once": {"mean": 0.95, "std": 0.21794494717703372}, "return": {"mean": 396.9715881347656, "std": 27.77456283569336}, "episode_len": {"mean": 500.0, "std": 0.0}, "reward": {"mean": 0.7939432037353515, "std": 0.055549125849166735}, "last_reward": {"mean": 0.9822262346744537, "std": 0.07747404690026348}, "success_at_end": {"mean": 0.95, "std": 0.21794494717703372}}, "stages": {"is_grasped": 20, "is_mug_above_table": 20, "is_mug_contact_rack": 19, "is_obj_placed": 19, "success": 19}}, "L1": {"step": 5400, "summary": {"success_once": {"mean": 0.0, "std": 0.0}, "return": {"mean": 29.0979061126709, "std": 2.1630940437316895}, "episode_len": {"mean": 500.0, "std": 0.0}, "reward": {"mean": 0.05819581260681152, "std": 0.004326187854629612}, "last_reward": {"mean": 0.05860812813043594, "std": 0.004093857595661218}, "success_at_end": {"mean": 0.0, "std": 0.0}}, "stages": {"is_grasped": 0, "is_mug_above_table": 0, "is_mug_contact_rack": 0, "is_obj_placed": 0, "success": 0}}, "L2": {"step": 5400, "summary": {"success_once": {"mean": 0.0, "std": 0.0}, "return": {"mean": 0.3645254671573639, "std": 0.08910791575908661}, "episode_len": {"mean": 500.0, "std": 0.0}, "reward": {"mean": 0.0007290509387850761, "std": 0.00017821582943094554}, "last_reward": {"mean": 0.0008652053773403167, "std": 0.00023630106599506254}, "success_at_end": {"mean": 0.0, "std": 0.0}}, "stages": {"is_grasped": 0, "is_mug_above_table": 0, "is_mug_contact_rack": 0, "is_obj_placed": 0, "success": 0}}}
{"step": 5450, "samples": 348800, "level_sample_counts": {"L0": 348800}, "elapsed_train_s": 898.7771073250042, "lr": [8.352473868055746e-05, 8.352473868055746e-06], "loss": 0.03556072682142258, "l1": 0.033918671645224094, "kl": 0.00016420554369688033, "memory_allocated_GiB": 0.27208948135375977}
{"step": 5500, "samples": 352000, "level_sample_counts": {"L0": 352000}, "elapsed_train_s": 902.3935461299843, "lr": [8.318256993008107e-05, 8.318256993008108e-06], "loss": 0.035624382942914964, "l1": 0.03404638335108757, "kl": 0.00015779998153448105, "memory_allocated_GiB": 0.27306604385375977}
{"step": 5550, "samples": 355200, "level_sample_counts": {"L0": 355200}, "elapsed_train_s": 906.0521579399938, "lr": [8.283760120238672e-05, 8.283760120238672e-06], "loss": 0.0347997060418129, "l1": 0.03318886045366526, "kl": 0.00016108454205095767, "memory_allocated_GiB": 0.27367639541625977}
{"step": 5600, "samples": 358400, "level_sample_counts": {"L0": 358400}, "elapsed_train_s": 909.6960549590003, "lr": [8.2489861606268e-05, 8.2489861606268e-06], "loss": 0.0348781818151474, "l1": 0.033334844820201395, "kl": 0.0001543336920440197, "memory_allocated_GiB": 0.27208948135375977}
{"step": 5650, "samples": 361600, "level_sample_counts": {"L0": 361600}, "elapsed_train_s": 913.414067892998, "lr": [8.213938048432697e-05, 8.213938048432697e-06], "loss": 0.03492151200771332, "l1": 0.03324551656842232, "kl": 0.00016759952530264854, "memory_allocated_GiB": 0.27306604385375977}
{"step": 5700, "samples": 364800, "level_sample_counts": {"L0": 364800}, "elapsed_train_s": 917.1306584079866, "lr": [8.178618741049842e-05, 8.178618741049841e-06], "loss": 0.03467295251786709, "l1": 0.03310949791222811, "kl": 0.00015634547919034957, "memory_allocated_GiB": 0.27367639541625977}
{"step": 5750, "samples": 368000, "level_sample_counts": {"L0": 368000}, "elapsed_train_s": 920.6467062519805, "lr": [8.14303121875541e-05, 8.143031218755411e-06], "loss": 0.03407917708158493, "l1": 0.03256083913147449, "kl": 0.0001518338080495596, "memory_allocated_GiB": 0.27208948135375977}
{"step": 5800, "samples": 371200, "level_sample_counts": {"L0": 371200}, "elapsed_train_s": 924.1811462019978, "lr": [8.107178484458824e-05, 8.107178484458825e-06], "loss": 0.03448503345251083, "l1": 0.03307245340198278, "kl": 0.00014125799760222435, "memory_allocated_GiB": 0.27306604385375977}
{"step": 5850, "samples": 374400, "level_sample_counts": {"L0": 374400}, "elapsed_train_s": 927.9678634169977, "lr": [8.07106356344834e-05, 8.071063563448341e-06], "loss": 0.03443788561969995, "l1": 0.033022994473576546, "kl": 0.00014148910529911517, "memory_allocated_GiB": 0.27367639541625977}
{"step": 5900, "samples": 377600, "level_sample_counts": {"L0": 377600}, "elapsed_train_s": 931.632742568996, "lr": [8.034689503135783e-05, 8.034689503135785e-06], "loss": 0.03465903617441654, "l1": 0.03329835582524538, "kl": 0.00013606800697743893, "memory_allocated_GiB": 0.27208948135375977}
{"step": 5950, "samples": 380800, "level_sample_counts": {"L0": 380800}, "elapsed_train_s": 935.4043099730043, "lr": [7.998059372799409e-05, 7.998059372799409e-06], "loss": 0.03380246251821518, "l1": 0.032499997168779375, "kl": 0.00013024655170738698, "memory_allocated_GiB": 0.27306604385375977}
{"step": 6000, "samples": 384000, "level_sample_counts": {"L0": 384000}, "elapsed_train_s": 938.9857636829838, "lr": [7.961176263324901e-05, 7.961176263324902e-06], "loss": 0.03380555860698223, "l1": 0.032429397962987425, "kl": 0.00013761607930064203, "memory_allocated_GiB": 0.27367639541625977}
{"step": 6050, "samples": 387200, "level_sample_counts": {"L0": 387200}, "elapsed_train_s": 942.5049064630002, "lr": [7.924043286944569e-05, 7.92404328694457e-06], "loss": 0.03379121340811252, "l1": 0.03232747483998537, "kl": 0.00014637386426329612, "memory_allocated_GiB": 0.27208948135375977}
{"step": 6100, "samples": 390400, "level_sample_counts": {"L0": 390400}, "elapsed_train_s": 946.1708796939929, "lr": [7.886663576974733e-05, 7.886663576974733e-06], "loss": 0.034467452839016914, "l1": 0.0331021785363555, "kl": 0.00013652744702994824, "memory_allocated_GiB": 0.27306604385375977}
{"step": 6150, "samples": 393600, "level_sample_counts": {"L0": 393600}, "elapsed_train_s": 949.838920360984, "lr": [7.849040287551331e-05, 7.849040287551331e-06], "loss": 0.033128689229488376, "l1": 0.0317352620139718, "kl": 0.00013934272341430186, "memory_allocated_GiB": 0.27367639541625977}
{"step": 6200, "samples": 396800, "level_sample_counts": {"L0": 396800}, "elapsed_train_s": 953.4783272859931, "lr": [7.811176593363772e-05, 7.811176593363771e-06], "loss": 0.033447744138538835, "l1": 0.032198036648333074, "kl": 0.00012497073970735073, "memory_allocated_GiB": 0.27208948135375977}
{"step": 6250, "samples": 400000, "level_sample_counts": {"L0": 400000}, "elapsed_train_s": 957.070851720986, "lr": [7.773075689387043e-05, 7.773075689387044e-06], "loss": 0.03363336190581322, "l1": 0.032268440909683706, "kl": 0.00013649212196469306, "memory_allocated_GiB": 0.27306604385375977}
{"step": 6300, "samples": 403200, "level_sample_counts": {"L0": 403200}, "elapsed_train_s": 960.724550687999, "lr": [7.734740790612136e-05, 7.734740790612137e-06], "loss": 0.03307353243231773, "l1": 0.031829799078404906, "kl": 0.0001243733335286379, "memory_allocated_GiB": 0.27367639541625977}
{"step": 6350, "samples": 406400, "level_sample_counts": {"L0": 406400}, "elapsed_train_s": 964.4151688859856, "lr": [7.69617513177473e-05, 7.696175131774731e-06], "loss": 0.032646958120167255, "l1": 0.03144128806889057, "kl": 0.00012056700885295868, "memory_allocated_GiB": 0.27208948135375977}
{"step": 6400, "samples": 409600, "level_sample_counts": {"L0": 409600}, "elapsed_train_s": 967.9137637429812, "lr": [7.65738196708228e-05, 7.65738196708228e-06], "loss": 0.032632496319711206, "l1": 0.03146445050835609, "kl": 0.0001168045774102211, "memory_allocated_GiB": 0.27306604385375977}
{"step": 6450, "samples": 412800, "level_sample_counts": {"L0": 412800}, "elapsed_train_s": 971.6692716580001, "lr": [7.618364569939391e-05, 7.61836456993939e-06], "loss": 0.03302616268396377, "l1": 0.03180390268564224, "kl": 0.00012222600169479848, "memory_allocated_GiB": 0.27367639541625977}
{"step": 6500, "samples": 416000, "level_sample_counts": {"L0": 416000}, "elapsed_train_s": 975.355938941997, "lr": [7.579126232671621e-05, 7.579126232671621e-06], "loss": 0.03263973254710436, "l1": 0.03134873852133751, "kl": 0.0001290993858128786, "memory_allocated_GiB": 0.27208948135375977}
{"step": 6550, "samples": 419200, "level_sample_counts": {"L0": 419200}, "elapsed_train_s": 979.0341715870018, "lr": [7.539670266247671e-05, 7.539670266247672e-06], "loss": 0.03295222360640764, "l1": 0.03179127410054207, "kl": 0.00011609493754804135, "memory_allocated_GiB": 0.27306604385375977}
{"step": 6600, "samples": 422400, "level_sample_counts": {"L0": 422400}, "elapsed_train_s": 982.7221472789824, "lr": [7.500000000000001e-05, 7.500000000000001e-06], "loss": 0.0330042190477252, "l1": 0.031759628169238566, "kl": 0.0001244591176509857, "memory_allocated_GiB": 0.27367639541625977}
{"step": 6650, "samples": 425600, "level_sample_counts": {"L0": 425600}, "elapsed_train_s": 986.368044125993, "lr": [7.460118781343893e-05, 7.460118781343892e-06], "loss": 0.03329940415918827, "l1": 0.03216693826019764, "kl": 0.00011324658989906312, "memory_allocated_GiB": 0.27208948135375977}
{"step": 6700, "samples": 428800, "level_sample_counts": {"L0": 428800}, "elapsed_train_s": 990.0713491479983, "lr": [7.420029975494995e-05, 7.420029975494996e-06], "loss": 0.03220761068165302, "l1": 0.031023850217461586, "kl": 0.00011837602593004703, "memory_allocated_GiB": 0.27306604385375977}
{"step": 6750, "samples": 432000, "level_sample_counts": {"L0": 432000}, "elapsed_train_s": 993.6257181029941, "lr": [7.379736965185368e-05, 7.379736965185369e-06], "loss": 0.032452768571674825, "l1": 0.03134769588708877, "kl": 0.00011050728149712085, "memory_allocated_GiB": 0.27367639541625977}
{"step": 6800, "samples": 435200, "level_sample_counts": {"L0": 435200}, "elapsed_train_s": 997.2284447159909, "lr": [7.33924315037804e-05, 7.33924315037804e-06], "loss": 0.03243973154574633, "l1": 0.03130543731153011, "kl": 0.00011342939920723438, "memory_allocated_GiB": 0.27208948135375977}
{"step": 6850, "samples": 438400, "level_sample_counts": {"L0": 438400}, "elapsed_train_s": 1001.0518453429977, "lr": [7.298551947980113e-05, 7.298551947980114e-06], "loss": 0.03221995536237955, "l1": 0.03116366721689701, "kl": 0.00010562880896031857, "memory_allocated_GiB": 0.27306604385375977}
{"step": 6900, "samples": 441600, "level_sample_counts": {"L0": 441600}, "elapsed_train_s": 1004.6792620339838, "lr": [7.257666791554448e-05, 7.257666791554448e-06], "loss": 0.03207114938646555, "l1": 0.03107203498482704, "kl": 9.991144761443139e-05, "memory_allocated_GiB": 0.27367639541625977}
{"step": 6950, "samples": 444800, "level_sample_counts": {"L0": 444800}, "elapsed_train_s": 1008.4027139709797, "lr": [7.21659113102993e-05, 7.2165911310299305e-06], "loss": 0.031853304021060465, "l1": 0.03077241498976946, "kl": 0.0001080889254808426, "memory_allocated_GiB": 0.27208948135375977}
{"step": 7000, "samples": 448000, "level_sample_counts": {"L0": 448000}, "elapsed_train_s": 1011.959862972988, "lr": [7.175328432410366e-05, 7.175328432410367e-06], "loss": 0.03224436979740858, "l1": 0.031174459010362626, "kl": 0.00010699106380343437, "memory_allocated_GiB": 0.27306604385375977}
{"step": 7050, "samples": 451200, "level_sample_counts": {"L0": 451200}, "elapsed_train_s": 1014.9996023709828, "lr": [7.133882177482019e-05, 7.133882177482019e-06], "loss": 0.03169657316058874, "l1": 0.030689810253679752, "kl": 0.0001006762869656086, "memory_allocated_GiB": 0.27367639541625977}
{"step": 7100, "samples": 454400, "level_sample_counts": {"L0": 454400}, "elapsed_train_s": 1017.0730638859968, "lr": [7.092255863519806e-05, 7.092255863519806e-06], "loss": 0.03152774166315794, "l1": 0.030462913662195206, "kl": 0.00010648280382156371, "memory_allocated_GiB": 0.27208948135375977}
{"step": 7150, "samples": 457600, "level_sample_counts": {"L0": 457600}, "elapsed_train_s": 1019.2080065319897, "lr": [7.050453002992201e-05, 7.050453002992202e-06], "loss": 0.03182764507830143, "l1": 0.030814406052231787, "kl": 0.0001013239286839962, "memory_allocated_GiB": 0.27306604385375977}
{"step": 7200, "samples": 460800, "level_sample_counts": {"L0": 460800}, "elapsed_train_s": 1021.350006987981, "lr": [7.008477123264848e-05, 7.008477123264849e-06], "loss": 0.031588438861072064, "l1": 0.030586735866963862, "kl": 0.000100170336663723, "memory_allocated_GiB": 0.27367639541625977}
{"step": 7250, "samples": 464000, "level_sample_counts": {"L0": 464000}, "elapsed_train_s": 1023.4497856480011, "lr": [6.966331766302916e-05, 6.966331766302916e-06], "loss": 0.03171547994017601, "l1": 0.030751138888299466, "kl": 9.64340940117836e-05, "memory_allocated_GiB": 0.27208948135375977}
{"step": 7300, "samples": 467200, "level_sample_counts": {"L0": 467200}, "elapsed_train_s": 1025.5835595059907, "lr": [6.924020488372229e-05, 6.924020488372229e-06], "loss": 0.03159562293440103, "l1": 0.030594111569225788, "kl": 0.00010015113279223443, "memory_allocated_GiB": 0.27306604385375977}
{"step": 7350, "samples": 470400, "level_sample_counts": {"L0": 470400}, "elapsed_train_s": 1027.7183678819856, "lr": [6.881546859739179e-05, 6.8815468597391785e-06], "loss": 0.031290131136775014, "l1": 0.030302548855543135, "kl": 9.875820949673653e-05, "memory_allocated_GiB": 0.27367639541625977}
{"step": 7400, "samples": 473600, "level_sample_counts": {"L0": 473600}, "elapsed_train_s": 1029.9012085769791, "lr": [6.838914464369467e-05, 6.838914464369467e-06], "loss": 0.03104722198098898, "l1": 0.030070061199367046, "kl": 9.771608747541905e-05, "memory_allocated_GiB": 0.27208948135375977}
{"step": 7450, "samples": 476800, "level_sample_counts": {"L0": 476800}, "elapsed_train_s": 1032.120946045994, "lr": [6.796126899625688e-05, 6.796126899625688e-06], "loss": 0.031126838326454163, "l1": 0.030168038234114646, "kl": 9.588002227246761e-05, "memory_allocated_GiB": 0.27306604385375977}
{"step": 7500, "samples": 480000, "level_sample_counts": {"L0": 480000}, "elapsed_train_s": 1034.3589858179912, "lr": [6.753187775963773e-05, 6.753187775963773e-06], "loss": 0.030951853320002557, "l1": 0.030028429999947547, "kl": 9.234233759343624e-05, "memory_allocated_GiB": 0.27367639541625977}
{"step": 7550, "samples": 483200, "level_sample_counts": {"L0": 483200}, "elapsed_train_s": 1036.5419929819764, "lr": [6.710100716628344e-05, 6.710100716628345e-06], "loss": 0.03053162794560194, "l1": 0.029536476023495198, "kl": 9.951517917215824e-05, "memory_allocated_GiB": 0.27208948135375977}
{"step": 7600, "samples": 486400, "level_sample_counts": {"L0": 486400}, "elapsed_train_s": 1038.7233949079819, "lr": [6.666869357346978e-05, 6.666869357346979e-06], "loss": 0.03054097056388855, "l1": 0.029604889266192914, "kl": 9.360813535749912e-05, "memory_allocated_GiB": 0.27306604385375977}
{"step": 7650, "samples": 489600, "level_sample_counts": {"L0": 489600}, "elapsed_train_s": 1041.092064981989, "lr": [6.623497346023418e-05, 6.6234973460234184e-06], "loss": 0.03107328336685896, "l1": 0.03011041969060898, "kl": 9.628635831177235e-05, "memory_allocated_GiB": 0.27367639541625977}
{"step": 7700, "samples": 492800, "level_sample_counts": {"L0": 492800}, "elapsed_train_s": 1043.6712376149953, "lr": [6.579988342429763e-05, 6.579988342429764e-06], "loss": 0.03092818159610033, "l1": 0.0299417657032609, "kl": 9.864157997071743e-05, "memory_allocated_GiB": 0.27208948135375977}
{"step": 7750, "samples": 496000, "level_sample_counts": {"L0": 496000}, "elapsed_train_s": 1046.044224023004, "lr": [6.536346017897653e-05, 6.5363460178976524e-06], "loss": 0.031002571620047093, "l1": 0.0300852832198143, "kl": 9.172885678708553e-05, "memory_allocated_GiB": 0.27306604385375977}
{"step": 7800, "samples": 499200, "level_sample_counts": {"L0": 499200}, "elapsed_train_s": 1048.4643182809814, "lr": [6.492574055008473e-05, 6.492574055008474e-06], "loss": 0.030184234119951726, "l1": 0.029231657832860948, "kl": 9.525763802230358e-05, "memory_allocated_GiB": 0.27367639541625977}
{"step": 7850, "samples": 502400, "level_sample_counts": {"L0": 502400}, "elapsed_train_s": 1050.9024561659899, "lr": [6.448676147282625e-05, 6.448676147282624e-06], "loss": 0.030311649180948735, "l1": 0.029378284364938737, "kl": 9.333646856248379e-05, "memory_allocated_GiB": 0.27208948135375977}
{"step": 7900, "samples": 505600, "level_sample_counts": {"L0": 505600}, "elapsed_train_s": 1053.355851150991, "lr": [6.404655998867848e-05, 6.4046559988678485e-06], "loss": 0.03004626799374819, "l1": 0.029125286526978017, "kl": 9.209815412759781e-05, "memory_allocated_GiB": 0.27306604385375977}
{"step": 7950, "samples": 508800, "level_sample_counts": {"L0": 508800}, "elapsed_train_s": 1055.769717016985, "lr": [6.360517324226676e-05, 6.360517324226676e-06], "loss": 0.030063595995306967, "l1": 0.029182882308959962, "kl": 8.807135745882987e-05, "memory_allocated_GiB": 0.27367639541625977}
{"step": 8000, "samples": 512000, "level_sample_counts": {"L0": 512000}, "elapsed_train_s": 1058.156175857992, "lr": [6.316263847822997e-05, 6.3162638478229965e-06], "loss": 0.030276029109954833, "l1": 0.0294373719394207, "kl": 8.386569097638131e-05, "memory_allocated_GiB": 0.27208948135375977}
{"step": 8050, "samples": 515200, "level_sample_counts": {"L0": 515200}, "elapsed_train_s": 1060.6090440739936, "lr": [6.271899303807783e-05, 6.271899303807783e-06], "loss": 0.030180667601525782, "l1": 0.029336200803518297, "kl": 8.444667793810367e-05, "memory_allocated_GiB": 0.27306604385375977}
{"step": 8100, "samples": 518400, "level_sample_counts": {"L0": 518400}, "elapsed_train_s": 1063.030936708994, "lr": [6.227427435703997e-05, 6.227427435703997e-06], "loss": 0.030363677963614465, "l1": 0.029505000934004783, "kl": 8.586770854890347e-05, "memory_allocated_GiB": 0.27367639541625977}
{"step": 8150, "samples": 521600, "level_sample_counts": {"L0": 521600}, "elapsed_train_s": 1065.4838566449762, "lr": [6.182851996090713e-05, 6.182851996090713e-06], "loss": 0.030246088914573192, "l1": 0.029354711435735224, "kl": 8.91377404332161e-05, "memory_allocated_GiB": 0.27208948135375977}
{"step": 8200, "samples": 524800, "level_sample_counts": {"L0": 524800}, "elapsed_train_s": 1067.9246846659807, "lr": [6.138176746286468e-05, 6.138176746286468e-06], "loss": 0.029917209483683108, "l1": 0.02905514895915985, "kl": 8.620604872703552e-05, "memory_allocated_GiB": 0.27306604385375977}
{"step": 8250, "samples": 528000, "level_sample_counts": {"L0": 528000}, "elapsed_train_s": 1070.3485874489998, "lr": [6.09340545603188e-05, 6.09340545603188e-06], "loss": 0.029811069071292877, "l1": 0.02897752497345209, "kl": 8.335442282259465e-05, "memory_allocated_GiB": 0.27367639541625977}
{"step": 8300, "samples": 531200, "level_sample_counts": {"L0": 531200}, "elapsed_train_s": 1072.7364149179775, "lr": [6.0485419031715516e-05, 6.048541903171552e-06], "loss": 0.029737509079277514, "l1": 0.028883656561374663, "kl": 8.538524620234967e-05, "memory_allocated_GiB": 0.27208948135375977}
{"step": 8350, "samples": 534400, "level_sample_counts": {"L0": 534400}, "elapsed_train_s": 1075.1314228879928, "lr": [6.003589873335296e-05, 6.003589873335296e-06], "loss": 0.029952342212200164, "l1": 0.029115597046911718, "kl": 8.367450907826424e-05, "memory_allocated_GiB": 0.27306604385375977}
{"step": 8400, "samples": 537600, "level_sample_counts": {"L0": 537600}, "elapsed_train_s": 1077.5510101869877, "lr": [5.958553159618693e-05, 5.958553159618693e-06], "loss": 0.029444258995354175, "l1": 0.02864096961915493, "kl": 8.032893761992454e-05, "memory_allocated_GiB": 0.27367639541625977}
{"step": 8450, "samples": 540800, "level_sample_counts": {"L0": 540800}, "elapsed_train_s": 1079.9741672909877, "lr": [5.9134355622630356e-05, 5.913435562263036e-06], "loss": 0.02961166325956583, "l1": 0.028821081705391407, "kl": 7.905816659331321e-05, "memory_allocated_GiB": 0.27208948135375977}
{"step": 8500, "samples": 544000, "level_sample_counts": {"L0": 544000}, "elapsed_train_s": 1082.4369865839835, "lr": [5.868240888334653e-05, 5.8682408883346535e-06], "loss": 0.029440384767949582, "l1": 0.028658231347799303, "kl": 7.82153382897377e-05, "memory_allocated_GiB": 0.27306604385375977}
{"step": 8550, "samples": 547200, "level_sample_counts": {"L0": 547200}, "elapsed_train_s": 1084.9177404429938, "lr": [5.8229729514036705e-05, 5.82297295140367e-06], "loss": 0.02964096013456583, "l1": 0.028881990909576417, "kl": 7.589693181216717e-05, "memory_allocated_GiB": 0.27367639541625977}
{"step": 8600, "samples": 550400, "level_sample_counts": {"L0": 550400}, "elapsed_train_s": 1087.3563233969908, "lr": [5.7776355712222166e-05, 5.7776355712222165e-06], "loss": 0.029573090746998786, "l1": 0.028808064460754394, "kl": 7.650261744856834e-05, "memory_allocated_GiB": 0.27208948135375977}
{"step": 8650, "samples": 553600, "level_sample_counts": {"L0": 553600}, "elapsed_train_s": 1089.7883325000003, "lr": [5.7322325734021086e-05, 5.732232573402109e-06], "loss": 0.029382918179035187, "l1": 0.028634560704231263, "kl": 7.483574561774731e-05, "memory_allocated_GiB": 0.27306604385375977}
{"step": 8700, "samples": 556800, "level_sample_counts": {"L0": 556800}, "elapsed_train_s": 1092.2588513029914, "lr": [5.686767789092041e-05, 5.686767789092041e-06], "loss": 0.029280348010361196, "l1": 0.028493517749011515, "kl": 7.868302054703236e-05, "memory_allocated_GiB": 0.27367639541625977}
{"step": 8750, "samples": 560000, "level_sample_counts": {"L0": 560000}, "elapsed_train_s": 1094.7066635649826, "lr": [5.641245054654316e-05, 5.6412450546543165e-06], "loss": 0.02907377891242504, "l1": 0.028287069499492647, "kl": 7.867093198001385e-05, "memory_allocated_GiB": 0.27208948135375977}
{"step": 8800, "samples": 563200, "level_sample_counts": {"L0": 563200}, "elapsed_train_s": 1097.1676089099783, "lr": [5.595668211341118e-05, 5.5956682113411184e-06], "loss": 0.028979971706867218, "l1": 0.028235877454280852, "kl": 7.440944202244282e-05, "memory_allocated_GiB": 0.27306604385375977}
{"step": 8850, "samples": 566400, "level_sample_counts": {"L0": 566400}, "elapsed_train_s": 1099.6076427619846, "lr": [5.550041104970397e-05, 5.550041104970398e-06], "loss": 0.02909741397947073, "l1": 0.028320937417447567, "kl": 7.764765061438084e-05, "memory_allocated_GiB": 0.27367639541625977}
{"step": 8900, "samples": 569600, "level_sample_counts": {"L0": 569600}, "elapsed_train_s": 1102.0477723539807, "lr": [5.504367585601342e-05, 5.504367585601342e-06], "loss": 0.02908876057714224, "l1": 0.02834400936961174, "kl": 7.44751188904047e-05, "memory_allocated_GiB": 0.27208948135375977}
{"step": 8950, "samples": 572800, "level_sample_counts": {"L0": 572800}, "elapsed_train_s": 1104.4866664879955, "lr": [5.458651507209518e-05, 5.458651507209518e-06], "loss": 0.029338801689445974, "l1": 0.028552148714661597, "kl": 7.866530679166317e-05, "memory_allocated_GiB": 0.27306604385375977}
{"step": 9000, "samples": 576000, "level_sample_counts": {"L0": 576000}, "elapsed_train_s": 1106.9673136769852, "lr": [5.4128967273616625e-05, 5.412896727361663e-06], "loss": 0.028929761350154876, "l1": 0.02817341770976782, "kl": 7.563436403870582e-05, "memory_allocated_GiB": 0.27367639541625977}
DEVELOPMENT {"L0": {"step": 9000, "summary": {"success_once": {"mean": 1.0, "std": 0.0}, "return": {"mean": 409.90374755859375, "std": 5.387449741363525}, "episode_len": {"mean": 500.0, "std": 0.0}, "reward": {"mean": 0.8198075897216797, "std": 0.01077489902025002}, "last_reward": {"mean": 1.0, "std": 0.0}, "success_at_end": {"mean": 0.95, "std": 0.21794494717703372}}, "stages": {"is_grasped": 20, "is_mug_above_table": 20, "is_mug_contact_rack": 20, "is_obj_placed": 20, "success": 20}}, "L1": {"step": 9000, "summary": {"success_once": {"mean": 0.0, "std": 0.0}, "return": {"mean": 28.9106502532959, "std": 1.9347846508026123}, "episode_len": {"mean": 500.0, "std": 0.0}, "reward": {"mean": 0.057821304321289055, "std": 0.0038695692990900568}, "last_reward": {"mean": 0.05820395871996879, "std": 0.003698257419817123}, "success_at_end": {"mean": 0.0, "std": 0.0}}, "stages": {"is_grasped": 0, "is_mug_above_table": 0, "is_mug_contact_rack": 0, "is_obj_placed": 0, "success": 0}}, "L2": {"step": 9000, "summary": {"success_once": {"mean": 0.0, "std": 0.0}, "return": {"mean": 0.39597007632255554, "std": 0.08817087858915329}, "episode_len": {"mean": 500.0, "std": 0.0}, "reward": {"mean": 0.0007919401451945305, "std": 0.00017634175611097732}, "last_reward": {"mean": 0.0009539909660816193, "std": 0.00021401916322686578}, "success_at_end": {"mean": 0.0, "std": 0.0}}, "stages": {"is_grasped": 0, "is_mug_above_table": 0, "is_mug_contact_rack": 0, "is_obj_placed": 0, "success": 0}}}
{"step": 9050, "samples": 579200, "level_sample_counts": {"L0": 579200}, "elapsed_train_s": 1407.4376204119762, "lr": [5.367107106890177e-05, 5.367107106890177e-06], "loss": 0.029270694255828858, "l1": 0.028530551977455618, "kl": 7.401421666145325e-05, "memory_allocated_GiB": 0.27208948135375977}
{"step": 9100, "samples": 582400, "level_sample_counts": {"L0": 582400}, "elapsed_train_s": 1411.2401382569806, "lr": [5.3212865095673514e-05, 5.321286509567351e-06], "loss": 0.028855654373764993, "l1": 0.028118828795850277, "kl": 7.368256337940693e-05, "memory_allocated_GiB": 0.27306604385375977}
{"step": 9150, "samples": 585600, "level_sample_counts": {"L0": 585600}, "elapsed_train_s": 1414.9752782080031, "lr": [5.2754388017793274e-05, 5.275438801779328e-06], "loss": 0.028581190705299377, "l1": 0.02787672694772482, "kl": 7.044638507068157e-05, "memory_allocated_GiB": 0.27367639541625977}
{"step": 9200, "samples": 588800, "level_sample_counts": {"L0": 588800}, "elapsed_train_s": 1418.618709906994, "lr": [5.229567852199859e-05, 5.22956785219986e-06], "loss": 0.02859444320201874, "l1": 0.02790388271212578, "kl": 6.90560508519411e-05, "memory_allocated_GiB": 0.27208948135375977}
{"step": 9250, "samples": 592000, "level_sample_counts": {"L0": 592000}, "elapsed_train_s": 1422.335797901993, "lr": [5.183677531463863e-05, 5.183677531463863e-06], "loss": 0.028479029163718222, "l1": 0.027797857150435448, "kl": 6.811720319092273e-05, "memory_allocated_GiB": 0.27306604385375977}
{"step": 9300, "samples": 595200, "level_sample_counts": {"L0": 595200}, "elapsed_train_s": 1425.9073037539783, "lr": [5.1377717118408105e-05, 5.137771711840811e-06], "loss": 0.028408763483166694, "l1": 0.027707098610699178, "kl": 7.016649469733238e-05, "memory_allocated_GiB": 0.27367639541625977}
{"step": 9350, "samples": 598400, "level_sample_counts": {"L0": 598400}, "elapsed_train_s": 1429.585012239986, "lr": [5.091854266907987e-05, 5.091854266907987e-06], "loss": 0.028349195681512354, "l1": 0.027668097727000712, "kl": 6.810979917645454e-05, "memory_allocated_GiB": 0.27208948135375977}
{"step": 9400, "samples": 601600, "level_sample_counts": {"L0": 601600}, "elapsed_train_s": 1433.1835285869893, "lr": [5.0459290712236326e-05, 5.045929071223633e-06], "loss": 0.02851033739745617, "l1": 0.027795668356120587, "kl": 7.146689109504223e-05, "memory_allocated_GiB": 0.27306604385375977}
{"step": 9450, "samples": 604800, "level_sample_counts": {"L0": 604800}, "elapsed_train_s": 1436.8641257889976, "lr": [5e-05, 5e-06], "loss": 0.0280691809207201, "l1": 0.02741043731570244, "kl": 6.587437354028226e-05, "memory_allocated_GiB": 0.27367639541625977}
{"step": 9500, "samples": 608000, "level_sample_counts": {"L0": 608000}, "elapsed_train_s": 1440.5490031649824, "lr": [4.9540709287763685e-05, 4.9540709287763685e-06], "loss": 0.02829036012291908, "l1": 0.027649983167648315, "kl": 6.403768435120583e-05, "memory_allocated_GiB": 0.27208948135375977}
{"step": 9550, "samples": 611200, "level_sample_counts": {"L0": 611200}, "elapsed_train_s": 1444.1357770579925, "lr": [4.908145733092013e-05, 4.908145733092013e-06], "loss": 0.028117015250027178, "l1": 0.027424631975591182, "kl": 6.92383199930191e-05, "memory_allocated_GiB": 0.27306604385375977}
{"step": 9600, "samples": 614400, "level_sample_counts": {"L0": 614400}, "elapsed_train_s": 1447.7951226369769, "lr": [4.8622282881591906e-05, 4.862228288159191e-06], "loss": 0.027776039317250253, "l1": 0.02711496885865927, "kl": 6.610705517232418e-05, "memory_allocated_GiB": 0.27367639541625977}
{"step": 9650, "samples": 617600, "level_sample_counts": {"L0": 617600}, "elapsed_train_s": 1451.388266822003, "lr": [4.816322468536139e-05, 4.8163224685361385e-06], "loss": 0.027871333099901675, "l1": 0.027193983346223832, "kl": 6.773496977984905e-05, "memory_allocated_GiB": 0.27208948135375977}
{"step": 9700, "samples": 620800, "level_sample_counts": {"L0": 620800}, "elapsed_train_s": 1455.1289339560026, "lr": [4.7704321478001415e-05, 4.770432147800141e-06], "loss": 0.02801281902939081, "l1": 0.02738357063382864, "kl": 6.292483769357204e-05, "memory_allocated_GiB": 0.27306604385375977}
{"step": 9750, "samples": 624000, "level_sample_counts": {"L0": 624000}, "elapsed_train_s": 1458.6823355319793, "lr": [4.7245611982206724e-05, 4.724561198220672e-06], "loss": 0.028104523308575154, "l1": 0.027500372752547263, "kl": 6.0415053740143774e-05, "memory_allocated_GiB": 0.27367639541625977}
{"step": 9800, "samples": 627200, "level_sample_counts": {"L0": 627200}, "elapsed_train_s": 1462.2915864159877, "lr": [4.6787134904326504e-05, 4.67871349043265e-06], "loss": 0.027616473622620107, "l1": 0.026999736577272414, "kl": 6.167370826005936e-05, "memory_allocated_GiB": 0.27208948135375977}
{"step": 9850, "samples": 630400, "level_sample_counts": {"L0": 630400}, "elapsed_train_s": 1466.0175987989933, "lr": [4.6328928931098236e-05, 4.632892893109823e-06], "loss": 0.027716962397098543, "l1": 0.02707377851009369, "kl": 6.431840360164642e-05, "memory_allocated_GiB": 0.27306604385375977}
{"step": 9900, "samples": 633600, "level_sample_counts": {"L0": 633600}, "elapsed_train_s": 1469.5544049559976, "lr": [4.5871032726383386e-05, 4.587103272638339e-06], "loss": 0.027600977160036563, "l1": 0.026978114768862724, "kl": 6.228623911738395e-05, "memory_allocated_GiB": 0.27367639541625977}
{"step": 9950, "samples": 636800, "level_sample_counts": {"L0": 636800}, "elapsed_train_s": 1473.2160983420035, "lr": [4.541348492790482e-05, 4.541348492790482e-06], "loss": 0.027743049263954163, "l1": 0.027148202173411847, "kl": 5.94846997410059e-05, "memory_allocated_GiB": 0.27208948135375977}
{"step": 10000, "samples": 640000, "level_sample_counts": {"L0": 640000}, "elapsed_train_s": 1476.7772850680049, "lr": [4.4956324143986596e-05, 4.495632414398659e-06], "loss": 0.027640531100332738, "l1": 0.027020356617867947, "kl": 6.201745010912418e-05, "memory_allocated_GiB": 0.27306604385375977}
{"step": 10050, "samples": 643200, "level_sample_counts": {"L0": 643200}, "elapsed_train_s": 1480.5689801469853, "lr": [4.449958895029604e-05, 4.449958895029604e-06], "loss": 0.0275851896032691, "l1": 0.026945674940943718, "kl": 6.395148113369942e-05, "memory_allocated_GiB": 0.27367639541625977}
{"step": 10100, "samples": 646400, "level_sample_counts": {"L0": 646400}, "elapsed_train_s": 1484.1990026939893, "lr": [4.404331788658882e-05, 4.404331788658882e-06], "loss": 0.027731213085353375, "l1": 0.027094225957989694, "kl": 6.369870156049729e-05, "memory_allocated_GiB": 0.27208948135375977}
{"step": 10150, "samples": 649600, "level_sample_counts": {"L0": 649600}, "elapsed_train_s": 1487.7598101899785, "lr": [4.358754945345684e-05, 4.358754945345684e-06], "loss": 0.027688657119870185, "l1": 0.02705650147050619, "kl": 6.321556866168976e-05, "memory_allocated_GiB": 0.27306604385375977}
{"step": 10200, "samples": 652800, "level_sample_counts": {"L0": 652800}, "elapsed_train_s": 1491.4083541930013, "lr": [4.3132322109079596e-05, 4.313232210907959e-06], "loss": 0.028053318373858927, "l1": 0.027414070181548594, "kl": 6.392482668161392e-05, "memory_allocated_GiB": 0.27367639541625977}
{"step": 10250, "samples": 656000, "level_sample_counts": {"L0": 656000}, "elapsed_train_s": 1495.0412296169961, "lr": [4.267767426597893e-05, 4.267767426597893e-06], "loss": 0.027487299777567385, "l1": 0.02687971282750368, "kl": 6.0758693143725397e-05, "memory_allocated_GiB": 0.27208948135375977}
{"step": 10300, "samples": 659200, "level_sample_counts": {"L0": 659200}, "elapsed_train_s": 1498.6887982119806, "lr": [4.222364428777786e-05, 4.222364428777786e-06], "loss": 0.027230847738683225, "l1": 0.026638165935873984, "kl": 5.9268176555633546e-05, "memory_allocated_GiB": 0.27306604385375977}
{"step": 10350, "samples": 662400, "level_sample_counts": {"L0": 662400}, "elapsed_train_s": 1502.2844798529986, "lr": [4.17702704859633e-05, 4.17702704859633e-06], "loss": 0.027527143880724907, "l1": 0.026886148452758787, "kl": 6.409954279661179e-05, "memory_allocated_GiB": 0.27367639541625977}
{"step": 10400, "samples": 665600, "level_sample_counts": {"L0": 665600}, "elapsed_train_s": 1505.792029267992, "lr": [4.131759111665349e-05, 4.131759111665349e-06], "loss": 0.027391106188297272, "l1": 0.026795814372599126, "kl": 5.952919833362102e-05, "memory_allocated_GiB": 0.27208948135375977}
{"step": 10450, "samples": 668800, "level_sample_counts": {"L0": 668800}, "elapsed_train_s": 1509.465177028993, "lr": [4.086564437736966e-05, 4.0865644377369666e-06], "loss": 0.027374681383371353, "l1": 0.02680380370467901, "kl": 5.708777345716953e-05, "memory_allocated_GiB": 0.27306604385375977}
{"step": 10500, "samples": 672000, "level_sample_counts": {"L0": 672000}, "elapsed_train_s": 1513.2211651039834, "lr": [4.0414468403813095e-05, 4.041446840381309e-06], "loss": 0.027727712020277975, "l1": 0.027149095460772515, "kl": 5.786165595054627e-05, "memory_allocated_GiB": 0.27367639541625977}
{"step": 10550, "samples": 675200, "level_sample_counts": {"L0": 675200}, "elapsed_train_s": 1516.911467443977, "lr": [3.9964101266647044e-05, 3.996410126664705e-06], "loss": 0.027237516790628434, "l1": 0.02666833747178316, "kl": 5.691793747246265e-05, "memory_allocated_GiB": 0.27208948135375977}
{"step": 10600, "samples": 678400, "level_sample_counts": {"L0": 678400}, "elapsed_train_s": 1520.0627104489831, "lr": [3.951458096828449e-05, 3.951458096828449e-06], "loss": 0.026991187743842602, "l1": 0.02640064962208271, "kl": 5.9053804725408555e-05, "memory_allocated_GiB": 0.27306604385375977}
{"step": 10650, "samples": 681600, "level_sample_counts": {"L0": 681600}, "elapsed_train_s": 1522.1262642660004, "lr": [3.9065945439681214e-05, 3.906594543968122e-06], "loss": 0.026955213695764542, "l1": 0.026408069282770157, "kl": 5.4714446887373926e-05, "memory_allocated_GiB": 0.27367639541625977}
{"step": 10700, "samples": 684800, "level_sample_counts": {"L0": 684800}, "elapsed_train_s": 1524.248221699003, "lr": [3.861823253713535e-05, 3.861823253713535e-06], "loss": 0.02732724916189909, "l1": 0.0267802769318223, "kl": 5.4697198793292044e-05, "memory_allocated_GiB": 0.27208948135375977}
{"step": 10750, "samples": 688000, "level_sample_counts": {"L0": 688000}, "elapsed_train_s": 1526.3644792379928, "lr": [3.817148003909288e-05, 3.817148003909288e-06], "loss": 0.026665612868964673, "l1": 0.026128394827246666, "kl": 5.372181534767151e-05, "memory_allocated_GiB": 0.27306604385375977}
{"step": 10800, "samples": 691200, "level_sample_counts": {"L0": 691200}, "elapsed_train_s": 1528.5158294529829, "lr": [3.772572564296005e-05, 3.7725725642960047e-06], "loss": 0.027101059667766093, "l1": 0.02657208066433668, "kl": 5.2897902205586436e-05, "memory_allocated_GiB": 0.27367639541625977}
{"step": 10850, "samples": 694400, "level_sample_counts": {"L0": 694400}, "elapsed_train_s": 1530.7882393820037, "lr": [3.728100696192218e-05, 3.7281006961922184e-06], "loss": 0.026928085163235665, "l1": 0.026432616598904134, "kl": 4.9546854570508e-05, "memory_allocated_GiB": 0.27208948135375977}
{"step": 10900, "samples": 697600, "level_sample_counts": {"L0": 697600}, "elapsed_train_s": 1532.9308566569816, "lr": [3.683736152177005e-05, 3.6837361521770056e-06], "loss": 0.026792548820376395, "l1": 0.026254029124975205, "kl": 5.385197699069977e-05, "memory_allocated_GiB": 0.27306604385375977}
{"step": 10950, "samples": 700800, "level_sample_counts": {"L0": 700800}, "elapsed_train_s": 1535.1027091349824, "lr": [3.639482675773324e-05, 3.639482675773324e-06], "loss": 0.026877904012799263, "l1": 0.026357352435588836, "kl": 5.205514840781689e-05, "memory_allocated_GiB": 0.27367639541625977}
{"step": 11000, "samples": 704000, "level_sample_counts": {"L0": 704000}, "elapsed_train_s": 1537.2883287849836, "lr": [3.595344001132154e-05, 3.595344001132154e-06], "loss": 0.027045662216842174, "l1": 0.02654102373868227, "kl": 5.04638534039259e-05, "memory_allocated_GiB": 0.27208948135375977}
{"step": 11050, "samples": 707200, "level_sample_counts": {"L0": 707200}, "elapsed_train_s": 1539.548579299997, "lr": [3.551323852717378e-05, 3.5513238527173775e-06], "loss": 0.026711156480014323, "l1": 0.026169051043689252, "kl": 5.421054549515247e-05, "memory_allocated_GiB": 0.27306604385375977}
{"step": 11100, "samples": 710400, "level_sample_counts": {"L0": 710400}, "elapsed_train_s": 1541.8612730359891, "lr": [3.5074259449915284e-05, 3.507425944991529e-06], "loss": 0.026483395248651505, "l1": 0.025965381488204, "kl": 5.180137231945992e-05, "memory_allocated_GiB": 0.27367639541625977}
{"step": 11150, "samples": 713600, "level_sample_counts": {"L0": 713600}, "elapsed_train_s": 1544.052523157996, "lr": [3.463653982102347e-05, 3.4636539821023475e-06], "loss": 0.026702924445271493, "l1": 0.026143432520329954, "kl": 5.594920367002487e-05, "memory_allocated_GiB": 0.27208948135375977}
{"step": 11200, "samples": 716800, "level_sample_counts": {"L0": 716800}, "elapsed_train_s": 1546.4579876849893, "lr": [3.420011657570238e-05, 3.420011657570238e-06], "loss": 0.026856310553848742, "l1": 0.026328600719571115, "kl": 5.277100019156933e-05, "memory_allocated_GiB": 0.27306604385375977}
{"step": 11250, "samples": 720000, "level_sample_counts": {"L0": 720000}, "elapsed_train_s": 1548.9251801520004, "lr": [3.3765026539765834e-05, 3.3765026539765832e-06], "loss": 0.026562199890613557, "l1": 0.02604010857641697, "kl": 5.220911465585232e-05, "memory_allocated_GiB": 0.27367639541625977}
{"step": 11300, "samples": 723200, "level_sample_counts": {"L0": 723200}, "elapsed_train_s": 1551.355439128005, "lr": [3.333130642653024e-05, 3.333130642653024e-06], "loss": 0.026523704081773757, "l1": 0.02602232128381729, "kl": 5.0138281658291816e-05, "memory_allocated_GiB": 0.27208948135375977}
{"step": 11350, "samples": 726400, "level_sample_counts": {"L0": 726400}, "elapsed_train_s": 1553.8411846929812, "lr": [3.289899283371657e-05, 3.289899283371657e-06], "loss": 0.0265400393307209, "l1": 0.026041224896907807, "kl": 4.988144151866436e-05, "memory_allocated_GiB": 0.27306604385375977}
{"step": 11400, "samples": 729600, "level_sample_counts": {"L0": 729600}, "elapsed_train_s": 1556.3246106589795, "lr": [3.2468122240362284e-05, 3.2468122240362287e-06], "loss": 0.026499494202435015, "l1": 0.025990066900849342, "kl": 5.0942730158567425e-05, "memory_allocated_GiB": 0.27367639541625977}
{"step": 11450, "samples": 732800, "level_sample_counts": {"L0": 732800}, "elapsed_train_s": 1558.8166365239886, "lr": [3.203873100374314e-05, 3.203873100374314e-06], "loss": 0.02677531722933054, "l1": 0.026260262243449687, "kl": 5.1505491137504576e-05, "memory_allocated_GiB": 0.27208948135375977}
{"step": 11500, "samples": 736000, "level_sample_counts": {"L0": 736000}, "elapsed_train_s": 1561.3109059259878, "lr": [3.1610855356305354e-05, 3.1610855356305354e-06], "loss": 0.026302004903554915, "l1": 0.02579032249748707, "kl": 5.1168240606784824e-05, "memory_allocated_GiB": 0.27306604385375977}
{"step": 11550, "samples": 739200, "level_sample_counts": {"L0": 739200}, "elapsed_train_s": 1563.7873481809802, "lr": [3.118453140260823e-05, 3.118453140260823e-06], "loss": 0.026510656885802744, "l1": 0.02594560131430626, "kl": 5.650556646287441e-05, "memory_allocated_GiB": 0.27367639541625977}
{"step": 11600, "samples": 742400, "level_sample_counts": {"L0": 742400}, "elapsed_train_s": 1566.2767392699898, "lr": [3.0759795116277725e-05, 3.0759795116277723e-06], "loss": 0.02608781147748232, "l1": 0.025590869896113873, "kl": 4.969417117536068e-05, "memory_allocated_GiB": 0.27208948135375977}
{"step": 11650, "samples": 745600, "level_sample_counts": {"L0": 745600}, "elapsed_train_s": 1568.7684756249946, "lr": [3.0336682336970846e-05, 3.0336682336970845e-06], "loss": 0.0264505710080266, "l1": 0.025977792143821718, "kl": 4.727788269519806e-05, "memory_allocated_GiB": 0.27306604385375977}
{"step": 11700, "samples": 748800, "level_sample_counts": {"L0": 748800}, "elapsed_train_s": 1571.2461533089809, "lr": [2.991522876735154e-05, 2.991522876735154e-06], "loss": 0.02641171298921108, "l1": 0.025931786559522153, "kl": 4.799263551831245e-05, "memory_allocated_GiB": 0.27367639541625977}
{"step": 11750, "samples": 752000, "level_sample_counts": {"L0": 752000}, "elapsed_train_s": 1573.7263758489862, "lr": [2.9495469970078e-05, 2.9495469970078e-06], "loss": 0.026300820410251616, "l1": 0.025821110978722573, "kl": 4.7970935702323915e-05, "memory_allocated_GiB": 0.27208948135375977}
{"step": 11800, "samples": 755200, "level_sample_counts": {"L0": 755200}, "elapsed_train_s": 1576.1331917239877, "lr": [2.9077441364801938e-05, 2.907744136480194e-06], "loss": 0.026072194017469883, "l1": 0.025590897127985953, "kl": 4.812968894839287e-05, "memory_allocated_GiB": 0.27306604385375977}
{"step": 11850, "samples": 758400, "level_sample_counts": {"L0": 758400}, "elapsed_train_s": 1578.5456548919901, "lr": [2.866117822517982e-05, 2.866117822517982e-06], "loss": 0.02636390898376703, "l1": 0.025884826481342316, "kl": 4.790826700627804e-05, "memory_allocated_GiB": 0.27367639541625977}
{"step": 11900, "samples": 761600, "level_sample_counts": {"L0": 761600}, "elapsed_train_s": 1581.003652971005, "lr": [2.824671567589635e-05, 2.8246715675896354e-06], "loss": 0.026267368979752063, "l1": 0.025811383910477163, "kl": 4.559850320219993e-05, "memory_allocated_GiB": 0.27208948135375977}
{"step": 11950, "samples": 764800, "level_sample_counts": {"L0": 764800}, "elapsed_train_s": 1583.4499184250017, "lr": [2.783408868970071e-05, 2.783408868970071e-06], "loss": 0.026348999813199044, "l1": 0.025881204418838025, "kl": 4.6779541298747064e-05, "memory_allocated_GiB": 0.27306604385375977}
{"step": 12000, "samples": 768000, "level_sample_counts": {"L0": 768000}, "elapsed_train_s": 1585.8936554419925, "lr": [2.7423332084455544e-05, 2.7423332084455543e-06], "loss": 0.025955788008868694, "l1": 0.025500006191432476, "kl": 4.557817243039608e-05, "memory_allocated_GiB": 0.27367639541625977}
{"step": 12050, "samples": 771200, "level_sample_counts": {"L0": 771200}, "elapsed_train_s": 1588.319022382988, "lr": [2.701448052019888e-05, 2.7014480520198882e-06], "loss": 0.026096216924488543, "l1": 0.025656175315380097, "kl": 4.400416277348995e-05, "memory_allocated_GiB": 0.27208948135375977}
{"step": 12100, "samples": 774400, "level_sample_counts": {"L0": 774400}, "elapsed_train_s": 1590.7419919779932, "lr": [2.660756849621962e-05, 2.660756849621962e-06], "loss": 0.02587375193834305, "l1": 0.025436018705368043, "kl": 4.377332516014576e-05, "memory_allocated_GiB": 0.27306604385375977}
{"step": 12150, "samples": 777600, "level_sample_counts": {"L0": 777600}, "elapsed_train_s": 1593.1518711789977, "lr": [2.6202630348146324e-05, 2.6202630348146323e-06], "loss": 0.02585628256201744, "l1": 0.025428103134036064, "kl": 4.281793721020222e-05, "memory_allocated_GiB": 0.27367639541625977}
{"step": 12200, "samples": 780800, "level_sample_counts": {"L0": 780800}, "elapsed_train_s": 1595.629069852992, "lr": [2.5799700245050074e-05, 2.5799700245050074e-06], "loss": 0.025927258506417274, "l1": 0.025497297830879687, "kl": 4.299608059227467e-05, "memory_allocated_GiB": 0.27208948135375977}
{"step": 12250, "samples": 784000, "level_sample_counts": {"L0": 784000}, "elapsed_train_s": 1598.1368418579805, "lr": [2.5398812186561095e-05, 2.5398812186561095e-06], "loss": 0.025638509206473828, "l1": 0.025199826508760452, "kl": 4.3868273496627805e-05, "memory_allocated_GiB": 0.27306604385375977}
{"step": 12300, "samples": 787200, "level_sample_counts": {"L0": 787200}, "elapsed_train_s": 1600.6211551929882, "lr": [2.500000000000001e-05, 2.5000000000000015e-06], "loss": 0.02605142530053854, "l1": 0.025576427914202213, "kl": 4.7499760985374454e-05, "memory_allocated_GiB": 0.27367639541625977}
{"step": 12350, "samples": 790400, "level_sample_counts": {"L0": 790400}, "elapsed_train_s": 1603.0799027209869, "lr": [2.4603297337523294e-05, 2.4603297337523297e-06], "loss": 0.02560255739837885, "l1": 0.025155345760285854, "kl": 4.4721160084009174e-05, "memory_allocated_GiB": 0.27208948135375977}
{"step": 12400, "samples": 793600, "level_sample_counts": {"L0": 793600}, "elapsed_train_s": 1605.4709921159956, "lr": [2.4208737673283815e-05, 2.4208737673283818e-06], "loss": 0.025918080061674117, "l1": 0.02549237456172705, "kl": 4.2570559307932855e-05, "memory_allocated_GiB": 0.27306604385375977}
{"step": 12450, "samples": 796800, "level_sample_counts": {"L0": 796800}, "elapsed_train_s": 1607.9008147319837, "lr": [2.381635430060611e-05, 2.381635430060611e-06], "loss": 0.025667567774653434, "l1": 0.025235166065394877, "kl": 4.3240170925855636e-05, "memory_allocated_GiB": 0.27367639541625977}
{"step": 12500, "samples": 800000, "level_sample_counts": {"L0": 800000}, "elapsed_train_s": 1610.3476144250017, "lr": [2.3426180329177215e-05, 2.3426180329177217e-06], "loss": 0.02595049999654293, "l1": 0.025516943112015723, "kl": 4.335568286478519e-05, "memory_allocated_GiB": 0.27208948135375977}
{"step": 12550, "samples": 803200, "level_sample_counts": {"L0": 803200}, "elapsed_train_s": 1612.82061259498, "lr": [2.3038248682252693e-05, 2.3038248682252695e-06], "loss": 0.02564431868493557, "l1": 0.025191518999636172, "kl": 4.527997225522995e-05, "memory_allocated_GiB": 0.27306604385375977}
{"step": 12600, "samples": 806400, "level_sample_counts": {"L0": 806400}, "elapsed_train_s": 1615.238546824985, "lr": [2.2652592093878666e-05, 2.265259209387867e-06], "loss": 0.02548665653914213, "l1": 0.025047568194568156, "kl": 4.390883259475231e-05, "memory_allocated_GiB": 0.27367639541625977}
DEVELOPMENT {"L0": {"step": 12600, "summary": {"success_once": {"mean": 1.0, "std": 0.0}, "return": {"mean": 408.8005065917969, "std": 5.0436906814575195}, "episode_len": {"mean": 500.0, "std": 0.0}, "reward": {"mean": 0.8176010192871093, "std": 0.01008738107683003}, "last_reward": {"mean": 1.0, "std": 0.0}, "success_at_end": {"mean": 1.0, "std": 0.0}}, "stages": {"is_grasped": 20, "is_mug_above_table": 20, "is_mug_contact_rack": 20, "is_obj_placed": 20, "success": 20}}, "L1": {"step": 12600, "summary": {"success_once": {"mean": 0.0, "std": 0.0}, "return": {"mean": 30.400196075439453, "std": 1.7936553955078125}, "episode_len": {"mean": 500.0, "std": 0.0}, "reward": {"mean": 0.060800389862060544, "std": 0.0035873108290861325}, "last_reward": {"mean": 0.061909981071949005, "std": 0.003612752749591274}, "success_at_end": {"mean": 0.0, "std": 0.0}}, "stages": {"is_grasped": 0, "is_mug_above_table": 0, "is_mug_contact_rack": 0, "is_obj_placed": 0, "success": 0}}, "L2": {"step": 12600, "summary": {"success_once": {"mean": 0.0, "std": 0.0}, "return": {"mean": 0.38994306325912476, "std": 0.06723207980394363}, "episode_len": {"mean": 500.0, "std": 0.0}, "reward": {"mean": 0.0007798860147595406, "std": 0.00013446415110498952}, "last_reward": {"mean": 0.001023673266172409, "std": 0.00016597246673757458}, "success_at_end": {"mean": 0.0, "std": 0.0}}, "stages": {"is_grasped": 0, "is_mug_above_table": 0, "is_mug_contact_rack": 0, "is_obj_placed": 0, "success": 0}}}
{"step": 12650, "samples": 809600, "level_sample_counts": {"L0": 809600}, "elapsed_train_s": 1913.8236084689852, "lr": [2.226924310612956e-05, 2.2269243106129563e-06], "loss": 0.025751857310533522, "l1": 0.02531830482184887, "kl": 4.335525445640087e-05, "memory_allocated_GiB": 0.27208948135375977}
{"step": 12700, "samples": 812800, "level_sample_counts": {"L0": 812800}, "elapsed_train_s": 1917.3979359179793, "lr": [2.1888234066362302e-05, 2.1888234066362303e-06], "loss": 0.025777573995292187, "l1": 0.025354735143482684, "kl": 4.2283888906240466e-05, "memory_allocated_GiB": 0.27306604385375977}
{"step": 12750, "samples": 816000, "level_sample_counts": {"L0": 816000}, "elapsed_train_s": 1921.0623941399972, "lr": [2.150959712448669e-05, 2.1509597124486693e-06], "loss": 0.025417996533215047, "l1": 0.025001254603266715, "kl": 4.167420789599418e-05, "memory_allocated_GiB": 0.27367639541625977}
{"step": 12800, "samples": 819200, "level_sample_counts": {"L0": 819200}, "elapsed_train_s": 1924.755348915991, "lr": [2.1133364230252688e-05, 2.113336423025269e-06], "loss": 0.025779292061924933, "l1": 0.025347806923091413, "kl": 4.314851947128773e-05, "memory_allocated_GiB": 0.27208948135375977}
{"step": 12850, "samples": 822400, "level_sample_counts": {"L0": 822400}, "elapsed_train_s": 1928.5154840149917, "lr": [2.075956713055432e-05, 2.075956713055432e-06], "loss": 0.025503885224461554, "l1": 0.025078703090548514, "kl": 4.251820966601372e-05, "memory_allocated_GiB": 0.27306604385375977}
{"step": 12900, "samples": 825600, "level_sample_counts": {"L0": 825600}, "elapsed_train_s": 1932.2621890519804, "lr": [2.0388237366751006e-05, 2.0388237366751005e-06], "loss": 0.025527465380728243, "l1": 0.02509803619235754, "kl": 4.2942920699715615e-05, "memory_allocated_GiB": 0.27367639541625977}
{"step": 12950, "samples": 828800, "level_sample_counts": {"L0": 828800}, "elapsed_train_s": 1935.9197564029892, "lr": [2.0019406272005915e-05, 2.0019406272005913e-06], "loss": 0.025443867295980454, "l1": 0.025000440888106823, "kl": 4.4342642650008204e-05, "memory_allocated_GiB": 0.27208948135375977}
{"step": 13000, "samples": 832000, "level_sample_counts": {"L0": 832000}, "elapsed_train_s": 1939.7341117920005, "lr": [1.9653104968642173e-05, 1.965310496864217e-06], "loss": 0.025145739912986756, "l1": 0.02473037000745535, "kl": 4.153699614107609e-05, "memory_allocated_GiB": 0.27306604385375977}
{"step": 13050, "samples": 835200, "level_sample_counts": {"L0": 835200}, "elapsed_train_s": 1943.394354279997, "lr": [1.928936436551661e-05, 1.928936436551661e-06], "loss": 0.02537418894469738, "l1": 0.024956086985766887, "kl": 4.181019030511379e-05, "memory_allocated_GiB": 0.27367639541625977}
{"step": 13100, "samples": 838400, "level_sample_counts": {"L0": 838400}, "elapsed_train_s": 1947.0326160370023, "lr": [1.8928215155411773e-05, 1.8928215155411773e-06], "loss": 0.02547292899340391, "l1": 0.025056446753442287, "kl": 4.164822399616242e-05, "memory_allocated_GiB": 0.27208948135375977}
{"step": 13150, "samples": 841600, "level_sample_counts": {"L0": 841600}, "elapsed_train_s": 1950.6092394519947, "lr": [1.8569687812445896e-05, 1.8569687812445898e-06], "loss": 0.025333145521581172, "l1": 0.024929033145308494, "kl": 4.041123203933239e-05, "memory_allocated_GiB": 0.27306604385375977}
{"step": 13200, "samples": 844800, "level_sample_counts": {"L0": 844800}, "elapsed_train_s": 1954.2169081579777, "lr": [1.821381258950161e-05, 1.8213812589501611e-06], "loss": 0.02525883950293064, "l1": 0.024865376129746437, "kl": 3.934633918106556e-05, "memory_allocated_GiB": 0.27367639541625977}
{"step": 13250, "samples": 848000, "level_sample_counts": {"L0": 848000}, "elapsed_train_s": 1957.8862697540026, "lr": [1.7860619515673033e-05, 1.7860619515673034e-06], "loss": 0.025360323004424572, "l1": 0.024965102225542067, "kl": 3.95220797508955e-05, "memory_allocated_GiB": 0.27208948135375977}
{"step": 13300, "samples": 851200, "level_sample_counts": {"L0": 851200}, "elapsed_train_s": 1961.5032876379846, "lr": [1.7510138393732028e-05, 1.7510138393732029e-06], "loss": 0.02554209150373936, "l1": 0.025132962204515934, "kl": 4.091293551027775e-05, "memory_allocated_GiB": 0.27306604385375977}
{"step": 13350, "samples": 854400, "level_sample_counts": {"L0": 854400}, "elapsed_train_s": 1965.1576147939777, "lr": [1.7162398797613282e-05, 1.7162398797613284e-06], "loss": 0.025313415452837943, "l1": 0.024921187944710255, "kl": 3.9222761988639834e-05, "memory_allocated_GiB": 0.27367639541625977}
{"step": 13400, "samples": 857600, "level_sample_counts": {"L0": 857600}, "elapsed_train_s": 1968.845075686986, "lr": [1.681743006991894e-05, 1.6817430069918939e-06], "loss": 0.02513556517660618, "l1": 0.024755452945828437, "kl": 3.8011213764548305e-05, "memory_allocated_GiB": 0.27208948135375977}
{"step": 13450, "samples": 860800, "level_sample_counts": {"L0": 860800}, "elapsed_train_s": 1972.4795390179788, "lr": [1.6475261319442553e-05, 1.6475261319442553e-06], "loss": 0.02546571530401707, "l1": 0.025070137232542037, "kl": 3.955780528485775e-05, "memory_allocated_GiB": 0.27306604385375977}
{"step": 13500, "samples": 864000, "level_sample_counts": {"L0": 864000}, "elapsed_train_s": 1976.0908833489812, "lr": [1.6135921418712956e-05, 1.6135921418712959e-06], "loss": 0.025352180115878583, "l1": 0.024951055087149142, "kl": 4.011250101029873e-05, "memory_allocated_GiB": 0.27367639541625977}
{"step": 13550, "samples": 867200, "level_sample_counts": {"L0": 867200}, "elapsed_train_s": 1979.7688358339947, "lr": [1.5799439001557846e-05, 1.5799439001557847e-06], "loss": 0.025209593772888183, "l1": 0.024826631993055345, "kl": 3.82961705327034e-05, "memory_allocated_GiB": 0.27208948135375977}
{"step": 13600, "samples": 870400, "level_sample_counts": {"L0": 870400}, "elapsed_train_s": 1983.327446582989, "lr": [1.5465842460687784e-05, 1.5465842460687786e-06], "loss": 0.0252863247692585, "l1": 0.024896096661686896, "kl": 3.902280703186989e-05, "memory_allocated_GiB": 0.27306604385375977}
{"step": 13650, "samples": 873600, "level_sample_counts": {"L0": 873600}, "elapsed_train_s": 1986.9827055179921, "lr": [1.5135159945300231e-05, 1.5135159945300232e-06], "loss": 0.025242720805108546, "l1": 0.0248456921055913, "kl": 3.970285877585411e-05, "memory_allocated_GiB": 0.27367639541625977}
{"step": 13700, "samples": 876800, "level_sample_counts": {"L0": 876800}, "elapsed_train_s": 1990.582917712978, "lr": [1.4807419358704433e-05, 1.4807419358704433e-06], "loss": 0.025336832739412785, "l1": 0.02495654344558716, "kl": 3.802891820669174e-05, "memory_allocated_GiB": 0.27208948135375977}
{"step": 13750, "samples": 880000, "level_sample_counts": {"L0": 880000}, "elapsed_train_s": 1994.2351180409896, "lr": [1.44826483559668e-05, 1.44826483559668e-06], "loss": 0.025072309337556362, "l1": 0.024696177318692208, "kl": 3.7613213062286375e-05, "memory_allocated_GiB": 0.27306604385375977}
{"step": 13800, "samples": 883200, "level_sample_counts": {"L0": 883200}, "elapsed_train_s": 1997.8722411079798, "lr": [1.4160874341577446e-05, 1.4160874341577447e-06], "loss": 0.025256082005798815, "l1": 0.024874223619699477, "kl": 3.818584606051445e-05, "memory_allocated_GiB": 0.27367639541625977}
{"step": 13850, "samples": 886400, "level_sample_counts": {"L0": 886400}, "elapsed_train_s": 2001.3945963939768, "lr": [1.3842124467137662e-05, 1.3842124467137664e-06], "loss": 0.025556230284273625, "l1": 0.025179304666817188, "kl": 3.769256174564362e-05, "memory_allocated_GiB": 0.27208948135375977}
{"step": 13900, "samples": 889600, "level_sample_counts": {"L0": 889600}, "elapsed_train_s": 2005.0441212459991, "lr": [1.3526425629068967e-05, 1.3526425629068968e-06], "loss": 0.02498165626078844, "l1": 0.024614816941320897, "kl": 3.6683939397335054e-05, "memory_allocated_GiB": 0.27306604385375977}
{"step": 13950, "samples": 892800, "level_sample_counts": {"L0": 892800}, "elapsed_train_s": 2008.722688059992, "lr": [1.3213804466343421e-05, 1.321380446634342e-06], "loss": 0.025137660279870033, "l1": 0.02476474121212959, "kl": 3.7291906774044034e-05, "memory_allocated_GiB": 0.27367639541625977}
{"step": 14000, "samples": 896000, "level_sample_counts": {"L0": 896000}, "elapsed_train_s": 2012.3615517459984, "lr": [1.2904287358235928e-05, 1.290428735823593e-06], "loss": 0.025158214271068572, "l1": 0.024789500646293164, "kl": 3.687135875225067e-05, "memory_allocated_GiB": 0.27208948135375977}
{"step": 14050, "samples": 899200, "level_sample_counts": {"L0": 899200}, "elapsed_train_s": 2016.0259918079828, "lr": [1.259790042209823e-05, 1.259790042209823e-06], "loss": 0.025043244622647762, "l1": 0.024675318449735643, "kl": 3.679261542856693e-05, "memory_allocated_GiB": 0.27306604385375977}
{"step": 14100, "samples": 902400, "level_sample_counts": {"L0": 902400}, "elapsed_train_s": 2019.6267847529962, "lr": [1.2294669511155193e-05, 1.2294669511155193e-06], "loss": 0.025259299501776696, "l1": 0.024888303764164448, "kl": 3.709958866238594e-05, "memory_allocated_GiB": 0.27367639541625977}
{"step": 14150, "samples": 905600, "level_sample_counts": {"L0": 905600}, "elapsed_train_s": 2023.4367250879877, "lr": [1.1994620212323177e-05, 1.1994620212323177e-06], "loss": 0.02507332179695368, "l1": 0.024703759849071503, "kl": 3.695618361234665e-05, "memory_allocated_GiB": 0.27208948135375977}
{"step": 14200, "samples": 908800, "level_sample_counts": {"L0": 908800}, "elapsed_train_s": 2026.9350966450002, "lr": [1.1697777844051105e-05, 1.1697777844051105e-06], "loss": 0.025110867545008658, "l1": 0.024748591370880604, "kl": 3.622761927545071e-05, "memory_allocated_GiB": 0.27306604385375977}
{"step": 14250, "samples": 912000, "level_sample_counts": {"L0": 912000}, "elapsed_train_s": 2030.6144988079905, "lr": [1.1404167454183957e-05, 1.1404167454183957e-06], "loss": 0.025162834115326403, "l1": 0.024789627492427826, "kl": 3.732063807547093e-05, "memory_allocated_GiB": 0.27367639541625977}
{"step": 14300, "samples": 915200, "level_sample_counts": {"L0": 915200}, "elapsed_train_s": 2034.253423853981, "lr": [1.111381381784931e-05, 1.1113813817849312e-06], "loss": 0.025139333307743074, "l1": 0.024790519811213017, "kl": 3.488133661448956e-05, "memory_allocated_GiB": 0.27208948135375977}
{"step": 14350, "samples": 918400, "level_sample_counts": {"L0": 918400}, "elapsed_train_s": 2037.9078420790029, "lr": [1.0826741435366695e-05, 1.0826741435366694e-06], "loss": 0.024963800124824048, "l1": 0.024623837508261203, "kl": 3.399625420570373e-05, "memory_allocated_GiB": 0.27306604385375977}
{"step": 14400, "samples": 921600, "level_sample_counts": {"L0": 921600}, "elapsed_train_s": 2041.439034244977, "lr": [1.0542974530180327e-05, 1.0542974530180327e-06], "loss": 0.024987101666629315, "l1": 0.02461803276091814, "kl": 3.6906898021698e-05, "memory_allocated_GiB": 0.27367639541625977}
{"step": 14450, "samples": 924800, "level_sample_counts": {"L0": 924800}, "elapsed_train_s": 2045.0394505189906, "lr": [1.0262537046815018e-05, 1.026253704681502e-06], "loss": 0.02511285066604614, "l1": 0.024762627333402634, "kl": 3.5022338852286336e-05, "memory_allocated_GiB": 0.27208948135375977}
{"step": 14500, "samples": 928000, "level_sample_counts": {"L0": 928000}, "elapsed_train_s": 2048.7013993949804, "lr": [9.985452648855803e-06, 9.985452648855803e-07], "loss": 0.024933916181325913, "l1": 0.02457771521061659, "kl": 3.562008030712604e-05, "memory_allocated_GiB": 0.27306604385375977}
{"step": 14550, "samples": 931200, "level_sample_counts": {"L0": 931200}, "elapsed_train_s": 2052.3551873919787, "lr": [9.711744716951093e-06, 9.711744716951093e-07], "loss": 0.024976103156805037, "l1": 0.024612047858536244, "kl": 3.640553914010525e-05, "memory_allocated_GiB": 0.27367639541625977}
{"step": 14600, "samples": 934400, "level_sample_counts": {"L0": 934400}, "elapsed_train_s": 2056.0025102770014, "lr": [9.441436346839894e-06, 9.441436346839894e-07], "loss": 0.02499746311455965, "l1": 0.024638033472001553, "kl": 3.594297915697098e-05, "memory_allocated_GiB": 0.27208948135375977}
{"step": 14650, "samples": 937600, "level_sample_counts": {"L0": 937600}, "elapsed_train_s": 2059.713432360004, "lr": [9.174550347402855e-06, 9.174550347402856e-07], "loss": 0.024834519438445567, "l1": 0.02448567245155573, "kl": 3.488470800220966e-05, "memory_allocated_GiB": 0.27306604385375977}
{"step": 14700, "samples": 940800, "level_sample_counts": {"L0": 940800}, "elapsed_train_s": 2063.337181584997, "lr": [8.911109238737747e-06, 8.911109238737748e-07], "loss": 0.024977853298187257, "l1": 0.02462999988347292, "kl": 3.478535450994968e-05, "memory_allocated_GiB": 0.27367639541625977}
{"step": 14750, "samples": 944000, "level_sample_counts": {"L0": 944000}, "elapsed_train_s": 2066.9796307669894, "lr": [8.651135250259091e-06, 8.651135250259091e-07], "loss": 0.0248166299238801, "l1": 0.024468613490462303, "kl": 3.4801624715328216e-05, "memory_allocated_GiB": 0.27208948135375977}
{"step": 14800, "samples": 947200, "level_sample_counts": {"L0": 947200}, "elapsed_train_s": 2070.649417752982, "lr": [8.3946503188225e-06, 8.3946503188225e-07], "loss": 0.02482191026210785, "l1": 0.024469257816672325, "kl": 3.526525571942329e-05, "memory_allocated_GiB": 0.27306604385375977}
{"step": 14850, "samples": 950400, "level_sample_counts": {"L0": 950400}, "elapsed_train_s": 2074.28463757399, "lr": [8.141676086873572e-06, 8.141676086873574e-07], "loss": 0.024653851278126238, "l1": 0.02431232053786516, "kl": 3.415308892726898e-05, "memory_allocated_GiB": 0.27367639541625977}
{"step": 14900, "samples": 953600, "level_sample_counts": {"L0": 953600}, "elapsed_train_s": 2077.9351001479954, "lr": [7.89223390062172e-06, 7.89223390062172e-07], "loss": 0.025011038929224013, "l1": 0.024673254489898683, "kl": 3.3778445795178415e-05, "memory_allocated_GiB": 0.27208948135375977}
{"step": 14950, "samples": 956800, "level_sample_counts": {"L0": 956800}, "elapsed_train_s": 2081.704347155988, "lr": [7.646344808238903e-06, 7.646344808238904e-07], "loss": 0.024676397740840912, "l1": 0.02434381067752838, "kl": 3.3258702605962755e-05, "memory_allocated_GiB": 0.27306604385375977}
{"step": 15000, "samples": 960000, "level_sample_counts": {"L0": 960000}, "elapsed_train_s": 2085.325033193978, "lr": [7.404029558083653e-06, 7.404029558083653e-07], "loss": 0.02462180271744728, "l1": 0.024277916252613066, "kl": 3.4388648346066474e-05, "memory_allocated_GiB": 0.27367639541625977}
{"step": 15050, "samples": 963200, "level_sample_counts": {"L0": 963200}, "elapsed_train_s": 2088.967349696002, "lr": [7.165308596950182e-06, 7.165308596950182e-07], "loss": 0.024657895043492317, "l1": 0.024332484304904936, "kl": 3.2541081309318544e-05, "memory_allocated_GiB": 0.27208948135375977}
{"step": 15100, "samples": 966400, "level_sample_counts": {"L0": 966400}, "elapsed_train_s": 2092.6385911589896, "lr": [6.9302020683432055e-06, 6.930202068343206e-07], "loss": 0.024806751944124697, "l1": 0.024472576528787614, "kl": 3.341752104461193e-05, "memory_allocated_GiB": 0.27306604385375977}
{"step": 15150, "samples": 969600, "level_sample_counts": {"L0": 969600}, "elapsed_train_s": 2096.331475485, "lr": [6.698729810778065e-06, 6.698729810778065e-07], "loss": 0.024770203903317453, "l1": 0.024434516206383705, "kl": 3.356876783072949e-05, "memory_allocated_GiB": 0.27367639541625977}
{"step": 15200, "samples": 972800, "level_sample_counts": {"L0": 972800}, "elapsed_train_s": 2099.9317300099938, "lr": [6.470911356106885e-06, 6.470911356106885e-07], "loss": 0.024574892409145833, "l1": 0.024240651689469813, "kl": 3.342405892908573e-05, "memory_allocated_GiB": 0.27208948135375977}
{"step": 15250, "samples": 976000, "level_sample_counts": {"L0": 976000}, "elapsed_train_s": 2103.472500503005, "lr": [6.246765927870313e-06, 6.246765927870313e-07], "loss": 0.024835283495485784, "l1": 0.02451234858483076, "kl": 3.2293470576405524e-05, "memory_allocated_GiB": 0.27306604385375977}
{"step": 15300, "samples": 979200, "level_sample_counts": {"L0": 979200}, "elapsed_train_s": 2107.1281882359763, "lr": [6.026312439675552e-06, 6.026312439675553e-07], "loss": 0.024656025543808937, "l1": 0.02432371973991394, "kl": 3.323059529066086e-05, "memory_allocated_GiB": 0.27367639541625977}
{"step": 15350, "samples": 982400, "level_sample_counts": {"L0": 982400}, "elapsed_train_s": 2110.763175376982, "lr": [5.809569493600281e-06, 5.809569493600281e-07], "loss": 0.0244789844378829, "l1": 0.02416577368974686, "kl": 3.1321076676249504e-05, "memory_allocated_GiB": 0.27208948135375977}
{"step": 15400, "samples": 985600, "level_sample_counts": {"L0": 985600}, "elapsed_train_s": 2114.332326631993, "lr": [5.596555378623125e-06, 5.596555378623126e-07], "loss": 0.024535204023122786, "l1": 0.024227764829993247, "kl": 3.07439174503088e-05, "memory_allocated_GiB": 0.27306604385375977}
{"step": 15450, "samples": 988800, "level_sample_counts": {"L0": 988800}, "elapsed_train_s": 2117.821363830997, "lr": [5.387288069080299e-06, 5.387288069080298e-07], "loss": 0.02460228305310011, "l1": 0.024292390905320645, "kl": 3.098920919001103e-05, "memory_allocated_GiB": 0.27367639541625977}
{"step": 15500, "samples": 992000, "level_sample_counts": {"L0": 992000}, "elapsed_train_s": 2121.4843748849817, "lr": [5.181785223148999e-06, 5.181785223148999e-07], "loss": 0.024562949538230894, "l1": 0.024239837005734444, "kl": 3.231125883758068e-05, "memory_allocated_GiB": 0.27208948135375977}
{"step": 15550, "samples": 995200, "level_sample_counts": {"L0": 995200}, "elapsed_train_s": 2124.9851874290034, "lr": [4.980064181357319e-06, 4.980064181357319e-07], "loss": 0.02474297519773245, "l1": 0.02442127265036106, "kl": 3.217024728655815e-05, "memory_allocated_GiB": 0.27306604385375977}
{"step": 15600, "samples": 998400, "level_sample_counts": {"L0": 998400}, "elapsed_train_s": 2128.8108273029793, "lr": [4.782141965121128e-06, 4.782141965121129e-07], "loss": 0.024410258941352368, "l1": 0.02410128068178892, "kl": 3.089780919253826e-05, "memory_allocated_GiB": 0.27367639541625977}
{"step": 15650, "samples": 1001600, "level_sample_counts": {"L0": 1001600}, "elapsed_train_s": 2132.5853704639885, "lr": [4.588035275307689e-06, 4.5880352753076894e-07], "loss": 0.024312492720782758, "l1": 0.0240091909468174, "kl": 3.0330168083310128e-05, "memory_allocated_GiB": 0.27208948135375977}
{"step": 15700, "samples": 1004800, "level_sample_counts": {"L0": 1004800}, "elapsed_train_s": 2136.2140931329923, "lr": [4.397760490826481e-06, 4.39776049082648e-07], "loss": 0.024456727914512158, "l1": 0.024144744649529457, "kl": 3.119832836091518e-05, "memory_allocated_GiB": 0.27306604385375977}
{"step": 15750, "samples": 1008000, "level_sample_counts": {"L0": 1008000}, "elapsed_train_s": 2139.8770866669947, "lr": [4.2113336672471245e-06, 4.211333667247125e-07], "loss": 0.02469153143465519, "l1": 0.02438095573335886, "kl": 3.10575682669878e-05, "memory_allocated_GiB": 0.27367639541625977}
{"step": 15800, "samples": 1011200, "level_sample_counts": {"L0": 1011200}, "elapsed_train_s": 2143.472898467997, "lr": [4.028770535444615e-06, 4.0287705354446147e-07], "loss": 0.02431596327573061, "l1": 0.024008551202714442, "kl": 3.074121661484241e-05, "memory_allocated_GiB": 0.27208948135375977}
{"step": 15850, "samples": 1014400, "level_sample_counts": {"L0": 1014400}, "elapsed_train_s": 2147.018656122993, "lr": [3.850086500271871e-06, 3.850086500271871e-07], "loss": 0.02445808980613947, "l1": 0.024153477512300014, "kl": 3.0461233109235764e-05, "memory_allocated_GiB": 0.27306604385375977}
{"step": 15900, "samples": 1017600, "level_sample_counts": {"L0": 1017600}, "elapsed_train_s": 2150.7959608209785, "lr": [3.675296639259912e-06, 3.675296639259912e-07], "loss": 0.02411137945950031, "l1": 0.023811683282256125, "kl": 2.9969615861773492e-05, "memory_allocated_GiB": 0.27367639541625977}
{"step": 15950, "samples": 1020800, "level_sample_counts": {"L0": 1020800}, "elapsed_train_s": 2154.449312326993, "lr": [3.504415701345615e-06, 3.504415701345615e-07], "loss": 0.024388051591813564, "l1": 0.024080963246524333, "kl": 3.070884384214878e-05, "memory_allocated_GiB": 0.27208948135375977}
{"step": 16000, "samples": 1024000, "level_sample_counts": {"L0": 1024000}, "elapsed_train_s": 2158.120755840995, "lr": [3.3374581056271447e-06, 3.337458105627145e-07], "loss": 0.02458579234778881, "l1": 0.024284312538802623, "kl": 3.014798276126385e-05, "memory_allocated_GiB": 0.27306604385375977}
{"step": 16050, "samples": 1027200, "level_sample_counts": {"L0": 1027200}, "elapsed_train_s": 2160.800344913994, "lr": [3.1744379401472677e-06, 3.174437940147268e-07], "loss": 0.02432610832154751, "l1": 0.02402202446013689, "kl": 3.040837123990059e-05, "memory_allocated_GiB": 0.27367639541625977}
{"step": 16100, "samples": 1030400, "level_sample_counts": {"L0": 1030400}, "elapsed_train_s": 2162.9651563410007, "lr": [3.0153689607045845e-06, 3.015368960704584e-07], "loss": 0.02439123149961233, "l1": 0.02408969685435295, "kl": 3.0153458938002585e-05, "memory_allocated_GiB": 0.27208948135375977}
{"step": 16150, "samples": 1033600, "level_sample_counts": {"L0": 1033600}, "elapsed_train_s": 2165.1128566699917, "lr": [2.8602645896928295e-06, 2.860264589692829e-07], "loss": 0.024364569820463658, "l1": 0.024064125530421733, "kl": 3.00444383174181e-05, "memory_allocated_GiB": 0.27306604385375977}
{"step": 16200, "samples": 1036800, "level_sample_counts": {"L0": 1036800}, "elapsed_train_s": 2167.2290994799987, "lr": [2.7091379149682685e-06, 2.7091379149682683e-07], "loss": 0.02436478652060032, "l1": 0.02407242212444544, "kl": 2.9236432164907456e-05, "memory_allocated_GiB": 0.27367639541625977}
{"step": 16250, "samples": 1040000, "level_sample_counts": {"L0": 1040000}, "elapsed_train_s": 2169.410103935981, "lr": [2.562001688745291e-06, 2.562001688745291e-07], "loss": 0.024504547864198686, "l1": 0.024208346009254457, "kl": 2.9620183631777764e-05, "memory_allocated_GiB": 0.27208948135375977}
{"step": 16300, "samples": 1043200, "level_sample_counts": {"L0": 1043200}, "elapsed_train_s": 2171.5143360609945, "lr": [2.4188683265204127e-06, 2.4188683265204125e-07], "loss": 0.02446548730134964, "l1": 0.024171164631843566, "kl": 2.9432270675897598e-05, "memory_allocated_GiB": 0.27306604385375977}
{"step": 16350, "samples": 1046400, "level_sample_counts": {"L0": 1046400}, "elapsed_train_s": 2173.661496980989, "lr": [2.2797499060246253e-06, 2.2797499060246253e-07], "loss": 0.02422113724052906, "l1": 0.023927051797509192, "kl": 2.940854988992214e-05, "memory_allocated_GiB": 0.27367639541625977}
{"step": 16400, "samples": 1049600, "level_sample_counts": {"L0": 1049600}, "elapsed_train_s": 2175.860665004002, "lr": [2.1446581662042942e-06, 2.1446581662042943e-07], "loss": 0.02419627919793129, "l1": 0.023895401544868945, "kl": 3.00877820700407e-05, "memory_allocated_GiB": 0.27208948135375977}
{"step": 16450, "samples": 1052800, "level_sample_counts": {"L0": 1052800}, "elapsed_train_s": 2178.0847003049857, "lr": [2.013604506230554e-06, 2.0136045062305543e-07], "loss": 0.024549335800111295, "l1": 0.024256239049136638, "kl": 2.9309671372175217e-05, "memory_allocated_GiB": 0.27306604385375977}
{"step": 16500, "samples": 1056000, "level_sample_counts": {"L0": 1056000}, "elapsed_train_s": 2180.346319086995, "lr": [1.8865999845374793e-06, 1.8865999845374794e-07], "loss": 0.024651498012244703, "l1": 0.024354985170066356, "kl": 2.9651289805769922e-05, "memory_allocated_GiB": 0.27367639541625977}
{"step": 16550, "samples": 1059200, "level_sample_counts": {"L0": 1059200}, "elapsed_train_s": 2182.517348945985, "lr": [1.7636553178889792e-06, 1.7636553178889792e-07], "loss": 0.02426961075514555, "l1": 0.023975784219801427, "kl": 2.938264049589634e-05, "memory_allocated_GiB": 0.27208948135375977}
{"step": 16600, "samples": 1062400, "level_sample_counts": {"L0": 1062400}, "elapsed_train_s": 2184.758342724992, "lr": [1.6447808804744668e-06, 1.6447808804744668e-07], "loss": 0.024516424387693404, "l1": 0.024232685305178164, "kl": 2.8373906388878822e-05, "memory_allocated_GiB": 0.27306604385375977}
{"step": 16650, "samples": 1065600, "level_sample_counts": {"L0": 1065600}, "elapsed_train_s": 2187.379331613978, "lr": [1.5299867030334814e-06, 1.5299867030334815e-07], "loss": 0.024344712570309637, "l1": 0.024058346189558506, "kl": 2.8636632487177847e-05, "memory_allocated_GiB": 0.27367639541625977}
{"step": 16700, "samples": 1068800, "level_sample_counts": {"L0": 1068800}, "elapsed_train_s": 2189.8196122859954, "lr": [1.419282472009309e-06, 1.419282472009309e-07], "loss": 0.02452484406530857, "l1": 0.02423848260194063, "kl": 2.8636138886213302e-05, "memory_allocated_GiB": 0.27208948135375977}
{"step": 16750, "samples": 1072000, "level_sample_counts": {"L0": 1072000}, "elapsed_train_s": 2192.38944958098, "lr": [1.3126775287316151e-06, 1.312677528731615e-07], "loss": 0.024295035637915133, "l1": 0.024008586667478085, "kl": 2.864489331841469e-05, "memory_allocated_GiB": 0.27306604385375977}
{"step": 16800, "samples": 1075200, "level_sample_counts": {"L0": 1075200}, "elapsed_train_s": 2194.912862255005, "lr": [1.210180868628219e-06, 1.210180868628219e-07], "loss": 0.024247777238488196, "l1": 0.023958372473716735, "kl": 2.8940476477146147e-05, "memory_allocated_GiB": 0.27367639541625977}
{"step": 16850, "samples": 1078400, "level_sample_counts": {"L0": 1078400}, "elapsed_train_s": 2197.3887650510005, "lr": [1.11180114046604e-06, 1.11180114046604e-07], "loss": 0.02404959611594677, "l1": 0.023762478567659853, "kl": 2.8711743652820587e-05, "memory_allocated_GiB": 0.27208948135375977}
{"step": 16900, "samples": 1081600, "level_sample_counts": {"L0": 1081600}, "elapsed_train_s": 2199.8786991289817, "lr": [1.0175466456213034e-06, 1.0175466456213034e-07], "loss": 0.024075702130794525, "l1": 0.023787305131554602, "kl": 2.8839688748121263e-05, "memory_allocated_GiB": 0.27306604385375977}
{"step": 16950, "samples": 1084800, "level_sample_counts": {"L0": 1084800}, "elapsed_train_s": 2202.3712138730043, "lr": [9.274253373791064e-07, 9.274253373791064e-08], "loss": 0.024694522581994532, "l1": 0.02440490111708641, "kl": 2.8962139040231705e-05, "memory_allocated_GiB": 0.27367639541625977}
{"step": 17000, "samples": 1088000, "level_sample_counts": {"L0": 1088000}, "elapsed_train_s": 2204.9069488219975, "lr": [8.414448202622494e-07, 8.414448202622494e-08], "loss": 0.02453824393451214, "l1": 0.024256618656218053, "kl": 2.8162505477666853e-05, "memory_allocated_GiB": 0.27208948135375977}
{"step": 17050, "samples": 1091200, "level_sample_counts": {"L0": 1091200}, "elapsed_train_s": 2207.469799335988, "lr": [7.596123493895991e-07, 7.59612349389599e-08], "loss": 0.024263101778924465, "l1": 0.02397849503904581, "kl": 2.8460677713155745e-05, "memory_allocated_GiB": 0.27306604385375977}
{"step": 17100, "samples": 1094400, "level_sample_counts": {"L0": 1094400}, "elapsed_train_s": 2210.056740017986, "lr": [6.819348298638839e-07, 6.819348298638839e-08], "loss": 0.024331397414207458, "l1": 0.02404741808772087, "kl": 2.8397925198078156e-05, "memory_allocated_GiB": 0.27367639541625977}
{"step": 17150, "samples": 1097600, "level_sample_counts": {"L0": 1097600}, "elapsed_train_s": 2212.596586581989, "lr": [6.084188161890325e-07, 6.084188161890326e-08], "loss": 0.024203550294041632, "l1": 0.0239168718457222, "kl": 2.8667841106653214e-05, "memory_allocated_GiB": 0.27208948135375977}
{"step": 17200, "samples": 1100800, "level_sample_counts": {"L0": 1100800}, "elapsed_train_s": 2215.117404479999, "lr": [5.390705117171047e-07, 5.390705117171047e-08], "loss": 0.024309820458292962, "l1": 0.024031528532505037, "kl": 2.7829185128211976e-05, "memory_allocated_GiB": 0.27306604385375977}
{"step": 17250, "samples": 1104000, "level_sample_counts": {"L0": 1104000}, "elapsed_train_s": 2217.5890291009855, "lr": [4.738957681248379e-07, 4.73895768124838e-08], "loss": 0.024246036373078823, "l1": 0.02396424863487482, "kl": 2.8178775683045387e-05, "memory_allocated_GiB": 0.27367639541625977}
{"step": 17300, "samples": 1107200, "level_sample_counts": {"L0": 1107200}, "elapsed_train_s": 2220.0715353279957, "lr": [4.129000849198872e-07, 4.129000849198872e-08], "loss": 0.02426011346280575, "l1": 0.023976164348423482, "kl": 2.83949077129364e-05, "memory_allocated_GiB": 0.27208948135375977}
{"step": 17350, "samples": 1110400, "level_sample_counts": {"L0": 1110400}, "elapsed_train_s": 2222.4857541539823, "lr": [3.5608860897675677e-07, 3.560886089767568e-08], "loss": 0.024213818795979024, "l1": 0.02393102627247572, "kl": 2.827925607562065e-05, "memory_allocated_GiB": 0.27306604385375977}
{"step": 17400, "samples": 1113600, "level_sample_counts": {"L0": 1113600}, "elapsed_train_s": 2224.9608380709833, "lr": [3.034661341025258e-07, 3.034661341025258e-08], "loss": 0.024328812807798385, "l1": 0.024044980220496656, "kl": 2.838323824107647e-05, "memory_allocated_GiB": 0.27367639541625977}
{"step": 17450, "samples": 1116800, "level_sample_counts": {"L0": 1116800}, "elapsed_train_s": 2227.425703060988, "lr": [2.55037100632316e-07, 2.55037100632316e-08], "loss": 0.024208877347409726, "l1": 0.023925810977816583, "kl": 2.8306636959314347e-05, "memory_allocated_GiB": 0.27208948135375977}
{"step": 17500, "samples": 1120000, "level_sample_counts": {"L0": 1120000}, "elapsed_train_s": 2229.9241965079855, "lr": [2.1080559505462505e-07, 2.1080559505462504e-08], "loss": 0.02414951741695404, "l1": 0.023867214359343053, "kl": 2.8230324387550356e-05, "memory_allocated_GiB": 0.27306604385375977}
{"step": 17550, "samples": 1123200, "level_sample_counts": {"L0": 1123200}, "elapsed_train_s": 2232.390271946002, "lr": [1.7077534966650766e-07, 1.7077534966650767e-08], "loss": 0.02431084096431732, "l1": 0.024028912223875522, "kl": 2.8192875906825065e-05, "memory_allocated_GiB": 0.27367639541625977}
{"step": 17600, "samples": 1126400, "level_sample_counts": {"L0": 1126400}, "elapsed_train_s": 2234.8818371319794, "lr": [1.3494974225863322e-07, 1.3494974225863322e-08], "loss": 0.024388600885868073, "l1": 0.02411240555346012, "kl": 2.7619516476988792e-05, "memory_allocated_GiB": 0.27208948135375977}
{"step": 17650, "samples": 1129600, "level_sample_counts": {"L0": 1129600}, "elapsed_train_s": 2237.378015361988, "lr": [1.033317958302693e-07, 1.033317958302693e-08], "loss": 0.024062589667737486, "l1": 0.023780627436935903, "kl": 2.8196219354867934e-05, "memory_allocated_GiB": 0.27306604385375977}
{"step": 17700, "samples": 1132800, "level_sample_counts": {"L0": 1132800}, "elapsed_train_s": 2239.8511454109976, "lr": [7.59241783341913e-08, 7.59241783341913e-09], "loss": 0.024243728928267955, "l1": 0.023965857438743115, "kl": 2.778717316687107e-05, "memory_allocated_GiB": 0.27367639541625977}
{"step": 17750, "samples": 1136000, "level_sample_counts": {"L0": 1136000}, "elapsed_train_s": 2242.3045311159804, "lr": [5.272920245156798e-08, 5.2729202451567985e-09], "loss": 0.024192970916628836, "l1": 0.023912325873970984, "kl": 2.8064511716365815e-05, "memory_allocated_GiB": 0.27208948135375977}
{"step": 17800, "samples": 1139200, "level_sample_counts": {"L0": 1139200}, "elapsed_train_s": 2244.815726247005, "lr": [3.374882539681767e-08, 3.3748825396817675e-09], "loss": 0.024277487695217134, "l1": 0.02399871587753296, "kl": 2.787717618048191e-05, "memory_allocated_GiB": 0.27306604385375977}
{"step": 17850, "samples": 1142400, "level_sample_counts": {"L0": 1142400}, "elapsed_train_s": 2247.3138890439877, "lr": [1.8984648752429225e-08, 1.8984648752429222e-09], "loss": 0.024271332696080207, "l1": 0.023994851522147656, "kl": 2.764812670648098e-05, "memory_allocated_GiB": 0.27367639541625977}
{"step": 17900, "samples": 1145600, "level_sample_counts": {"L0": 1145600}, "elapsed_train_s": 2249.811217305978, "lr": [8.437918333864536e-09, 8.437918333864537e-10], "loss": 0.02420808795839548, "l1": 0.023932967744767667, "kl": 2.7512013912200927e-05, "memory_allocated_GiB": 0.27208948135375977}
{"step": 17950, "samples": 1148800, "level_sample_counts": {"L0": 1148800}, "elapsed_train_s": 2252.2839181009913, "lr": [2.109524084381587e-09, 2.1095240843815868e-10], "loss": 0.02406790528446436, "l1": 0.02378909233957529, "kl": 2.7881292626261712e-05, "memory_allocated_GiB": 0.27306604385375977}
{"step": 18000, "samples": 1152000, "level_sample_counts": {"L0": 1152000}, "elapsed_train_s": 2254.6198450869997, "lr": [0.0, 0.0], "loss": 0.02420585699379444, "l1": 0.023930921293795107, "kl": 2.7493592351675034e-05, "memory_allocated_GiB": 0.27367639541625977}
DEVELOPMENT {"L0": {"step": 18000, "summary": {"success_once": {"mean": 1.0, "std": 0.0}, "return": {"mean": 407.5245056152344, "std": 4.61755895614624}, "episode_len": {"mean": 500.0, "std": 0.0}, "reward": {"mean": 0.8150490356445312, "std": 0.00923511877087022}, "last_reward": {"mean": 1.0, "std": 0.0}, "success_at_end": {"mean": 1.0, "std": 0.0}}, "stages": {"is_grasped": 20, "is_mug_above_table": 20, "is_mug_contact_rack": 20, "is_obj_placed": 20, "success": 20}}, "L1": {"step": 18000, "summary": {"success_once": {"mean": 0.0, "std": 0.0}, "return": {"mean": 30.60104751586914, "std": 1.7369556427001953}, "episode_len": {"mean": 500.0, "std": 0.0}, "reward": {"mean": 0.06120210208892822, "std": 0.0034739112218680284}, "last_reward": {"mean": 0.06239528506994248, "std": 0.003594419152398206}, "success_at_end": {"mean": 0.0, "std": 0.0}}, "stages": {"is_grasped": 0, "is_mug_above_table": 0, "is_mug_contact_rack": 0, "is_obj_placed": 0, "success": 0}}, "L2": {"step": 18000, "summary": {"success_once": {"mean": 0.0, "std": 0.0}, "return": {"mean": 0.38242557644844055, "std": 0.06525032967329025}, "episode_len": {"mean": 500.0, "std": 0.0}, "reward": {"mean": 0.0007648511320352554, "std": 0.00013050066479091326}, "last_reward": {"mean": 0.000965891033411026, "std": 0.0001679922658924696}, "success_at_end": {"mean": 0.0, "std": 0.0}}, "stages": {"is_grasped": 0, "is_mug_above_table": 0, "is_mug_contact_rack": 0, "is_obj_placed": 0, "success": 0}}}
TRAIN COMPLETE {"status": "complete", "condition": "B0", "seed": 3, "steps": 18000, "samples": 1152000, "batch_size": 64, "workers": 8, "wall_seconds": 2571.669763803482, "initialization_seconds": 65.15097141265869, "steady_steps": 17950, "steady_step_median_s": 0.05358464550226927, "steady_step_p95_s": 0.08250496099062729, "steady_mean_step_s": 0.05912765283732607, "samples_per_second": 1082.4038656849593, "data_wait_mean_s": 0.00038335568443930405, "gpu_update_ms_median": 53.002193450927734, "peak_allocated_GiB": 1.5646319389343262, "peak_reserved_GiB": 1.837890625, "level_sample_counts": {"L0": 1152000}, "sampling": {"seed": 10003, "completed_batches": 18000, "extra_rotation": 0, "plan_sha256": "26acae302992600f7cb54ee3933b29b280ae82291dc4abdc194d7dbdd047331a", "counts": {"L0": 1152000}, "passes_and_cursors": {"L0": {"pass_index": 102, "cursor": 6744}}}}
