/home/zxc/miniconda3/envs/imitator/lib/python3.12/site-packages/torch/cuda/__init__.py:61: FutureWarning: The pynvml package is deprecated. Please install nvidia-ml-py instead. If you did not install pynvml directly, please report this to the maintainers of the package that installed pynvml for you.
  import pynvml  # type: ignore[import]
2026-10-07 00:29:24.691078: I tensorflow/core/util/port.cc:153] oneDNN custom operations are on. You may see slightly different numerical results due to floating-point round-off errors from different computation orders. To turn them off, set the environment variable `TF_ENABLE_ONEDNN_OPTS=0`.
2026-10-07 00:29:24.705310: E external/local_xla/xla/stream_executor/cuda/cuda_fft.cc:467] Unable to register cuFFT factory: Attempting to register factory for plugin cuFFT when one has already been registered
WARNING: All log messages before absl::InitializeLog() is called are written to STDERR
E0000 00:00:1791304164.717012  678379 cuda_dnn.cc:8579] Unable to register cuDNN factory: Attempting to register factory for plugin cuDNN when one has already been registered
E0000 00:00:1791304164.721958  678379 cuda_blas.cc:1407] Unable to register cuBLAS factory: Attempting to register factory for plugin cuBLAS when one has already been registered
W0000 00:00:1791304164.735058  678379 computation_placer.cc:177] computation placer already registered. Please check linkage and avoid linking the same target more than once.
W0000 00:00:1791304164.735099  678379 computation_placer.cc:177] computation placer already registered. Please check linkage and avoid linking the same target more than once.
W0000 00:00:1791304164.735103  678379 computation_placer.cc:177] computation placer already registered. Please check linkage and avoid linking the same target more than once.
W0000 00:00:1791304164.735106  678379 computation_placer.cc:177] computation placer already registered. Please check linkage and avoid linking the same target more than once.
2026-10-07 00:29:24.737570: I tensorflow/core/platform/cpu_feature_guard.cc:210] This TensorFlow binary is optimized to use available CPU instructions in performance-critical operations.
To enable the following instructions: AVX2 AVX512F AVX512_VNNI AVX512_BF16 FMA, in other operations, rebuild TensorFlow with the appropriate compiler flags.

================================================================================
🔄 INITIALIZING HUMAN-SIM PAIRED DATASET
================================================================================
   Input mode: video_only
   Include first frame: True

📖 Loading task mapping from: examples/baselines/lerobot_dataset/task_mapping.json
   ✓ 53 human task descriptions
   ✓ 200 sim task descriptions

✓ Mapping loaded:
  - 53 human tasks: ['human_H1', 'human_H10', 'human_H11', 'human_H12', 'human_H13', 'human_H14', 'human_H15', 'human_H16', 'human_H17', 'human_H18', 'human_H19', 'human_H2', 'human_H20', 'human_H21', 'human_H22', 'human_H23', 'human_H24', 'human_H25', 'human_H26', 'human_H27', 'human_H28', 'human_H29', 'human_H3', 'human_H30', 'human_H31', 'human_H32', 'human_H33', 'human_H34', 'human_H35', 'human_H36', 'human_H37', 'human_H38', 'human_H39', 'human_H4', 'human_H40', 'human_H41', 'human_H42', 'human_H43', 'human_H44', 'human_H45', 'human_H46', 'human_H47', 'human_H48', 'human_H49', 'human_H5', 'human_H50', 'human_H56', 'human_H57', 'human_H58', 'human_H6', 'human_H7', 'human_H8', 'human_H9']
  - 200 sim tasks: ['L0_TwoRobotCleanCup-v1', 'L0_TwoRobotCleanDesk-v1', 'L0_TwoRobotCutFruit-v1', 'L0_TwoRobotFoldBox-v1', 'L0_TwoRobotFoldTowel-v1', 'L0_TwoRobotGrindFood-v1', 'L0_TwoRobotKnifeBowlFork-v1', 'L0_TwoRobotLiftLidFromSkillet-v1', 'L0_TwoRobotOpenBox-v1', 'L0_TwoRobotOpenLiquidCap-v1', 'L0_TwoRobotPickAppleBananaToBaskets-v1', 'L0_TwoRobotPickAppleBasket-v1', 'L0_TwoRobotPickAppleToScale-v1', 'L0_TwoRobotPickFood-v1', 'L0_TwoRobotPickFruitsToPlate-v1', 'L0_TwoRobotPickPillToRegions-v1', 'L0_TwoRobotPickRemoteControl-v1', 'L0_TwoRobotPickTennisBallGolfBall-v1', 'L0_TwoRobotPickWash-v1', 'L0_TwoRobotPlaceBookBookcase-v1', 'L0_TwoRobotPlaceBrushRest-v1', 'L0_TwoRobotPlaceBurgerTray-v1', 'L0_TwoRobotPlaceChipsRack-v1', 'L0_TwoRobotPlaceClothBasket-v1', 'L0_TwoRobotPlaceCommodityRack-v1', 'L0_TwoRobotPlaceCupPlate-v1', 'L0_TwoRobotPlaceFileFolder-v1', 'L0_TwoRobotPlaceFoodScale-v1', 'L0_TwoRobotPlaceFruitBox-v1', 'L0_TwoRobotPlaceMagazineFolder-v1', 'L0_TwoRobotPlaceMugRack-v1', 'L0_TwoRobotPlacePillBox-v1', 'L0_TwoRobotPlacePlateRack-v1', 'L0_TwoRobotPlaceScrewdriver-v1', 'L0_TwoRobotPlaceShoeBox-v1', 'L0_TwoRobotPourCup-v1', 'L0_TwoRobotPourKetchupFries-v1', 'L0_TwoRobotPourKettle-v1', 'L0_TwoRobotPourLiquidCup-v1', 'L0_TwoRobotPourLiquidFilter-v1', 'L0_TwoRobotPourLiquidMug-v1', 'L0_TwoRobotPressJuicer-v1', 'L0_TwoRobotPressStapler-v1', 'L0_TwoRobotPutBox-v1', 'L0_TwoRobotPutCubeOnScale-v1', 'L0_TwoRobotScanMilkBox-v1', 'L0_TwoRobotScanPillBottle-v1', 'L0_TwoRobotStirSpoon-v1', 'L0_TwoRobotTransFood-v1', 'L0_TwoRobotWipePot-v1', 'L1_TwoRobotCleanCup-v1', 'L1_TwoRobotCleanDesk-v1', 'L1_TwoRobotCutFruit-v1', 'L1_TwoRobotFoldBox-v1', 'L1_TwoRobotFoldTowel-v1', 'L1_TwoRobotGrindFood-v1', 'L1_TwoRobotKnifeBowlFork-v1', 'L1_TwoRobotLiftLidFromSkillet-v1', 'L1_TwoRobotOpenBox-v1', 'L1_TwoRobotOpenLiquidCap-v1', 'L1_TwoRobotPickAppleBananaToBaskets-v1', 'L1_TwoRobotPickAppleBasket-v1', 'L1_TwoRobotPickAppleToScale-v1', 'L1_TwoRobotPickFood-v1', 'L1_TwoRobotPickFruitsToPlate-v1', 'L1_TwoRobotPickPillToRegions-v1', 'L1_TwoRobotPickRemoteControl-v1', 'L1_TwoRobotPickTennisBallGolfBall-v1', 'L1_TwoRobotPickWash-v1', 'L1_TwoRobotPlaceBookBookcase-v1', 'L1_TwoRobotPlaceBrushRest-v1', 'L1_TwoRobotPlaceBurgerTray-v1', 'L1_TwoRobotPlaceChipsRack-v1', 'L1_TwoRobotPlaceClothBasket-v1', 'L1_TwoRobotPlaceCommodityRack-v1', 'L1_TwoRobotPlaceCupPlate-v1', 'L1_TwoRobotPlaceFileFolder-v1', 'L1_TwoRobotPlaceFoodScale-v1', 'L1_TwoRobotPlaceFruitBox-v1', 'L1_TwoRobotPlaceMagazineFolder-v1', 'L1_TwoRobotPlaceMugRack-v1', 'L1_TwoRobotPlacePillBox-v1', 'L1_TwoRobotPlacePlateRack-v1', 'L1_TwoRobotPlaceScrewdriver-v1', 'L1_TwoRobotPlaceShoeBox-v1', 'L1_TwoRobotPourCup-v1', 'L1_TwoRobotPourKetchupFries-v1', 'L1_TwoRobotPourKettle-v1', 'L1_TwoRobotPourLiquidCup-v1', 'L1_TwoRobotPourLiquidFilter-v1', 'L1_TwoRobotPourLiquidMug-v1', 'L1_TwoRobotPressJuicer-v1', 'L1_TwoRobotPressStapler-v1', 'L1_TwoRobotPutBox-v1', 'L1_TwoRobotPutCubeOnScale-v1', 'L1_TwoRobotScanMilkBox-v1', 'L1_TwoRobotScanPillBottle-v1', 'L1_TwoRobotStirSpoon-v1', 'L1_TwoRobotTransFood-v1', 'L1_TwoRobotWipePot-v1', 'L2_TwoRobotCleanCup-v1', 'L2_TwoRobotCleanDesk-v1', 'L2_TwoRobotCutFruit-v1', 'L2_TwoRobotFoldBox-v1', 'L2_TwoRobotFoldTowel-v1', 'L2_TwoRobotGrindFood-v1', 'L2_TwoRobotKnifeBowlFork-v1', 'L2_TwoRobotLiftLidFromSkillet-v1', 'L2_TwoRobotOpenBox-v1', 'L2_TwoRobotOpenLiquidCap-v1', 'L2_TwoRobotPickAppleBananaToBaskets-v1', 'L2_TwoRobotPickAppleBasket-v1', 'L2_TwoRobotPickAppleToScale-v1', 'L2_TwoRobotPickFood-v1', 'L2_TwoRobotPickFruitsToPlate-v1', 'L2_TwoRobotPickPillToRegions-v1', 'L2_TwoRobotPickRemoteControl-v1', 'L2_TwoRobotPickTennisBallGolfBall-v1', 'L2_TwoRobotPickWash-v1', 'L2_TwoRobotPlaceBookBookcase-v1', 'L2_TwoRobotPlaceBrushRest-v1', 'L2_TwoRobotPlaceBurgerTray-v1', 'L2_TwoRobotPlaceChipsRack-v1', 'L2_TwoRobotPlaceClothBasket-v1', 'L2_TwoRobotPlaceCommodityRack-v1', 'L2_TwoRobotPlaceCupPlate-v1', 'L2_TwoRobotPlaceFileFolder-v1', 'L2_TwoRobotPlaceFoodScale-v1', 'L2_TwoRobotPlaceFruitBox-v1', 'L2_TwoRobotPlaceMagazineFolder-v1', 'L2_TwoRobotPlaceMugRack-v1', 'L2_TwoRobotPlacePillBox-v1', 'L2_TwoRobotPlacePlateRack-v1', 'L2_TwoRobotPlaceScrewdriver-v1', 'L2_TwoRobotPlaceShoeBox-v1', 'L2_TwoRobotPourCup-v1', 'L2_TwoRobotPourKetchupFries-v1', 'L2_TwoRobotPourKettle-v1', 'L2_TwoRobotPourLiquidCup-v1', 'L2_TwoRobotPourLiquidFilter-v1', 'L2_TwoRobotPourLiquidMug-v1', 'L2_TwoRobotPressJuicer-v1', 'L2_TwoRobotPressStapler-v1', 'L2_TwoRobotPutBox-v1', 'L2_TwoRobotPutCubeOnScale-v1', 'L2_TwoRobotScanMilkBox-v1', 'L2_TwoRobotScanPillBottle-v1', 'L2_TwoRobotStirSpoon-v1', 'L2_TwoRobotTransFood-v1', 'L2_TwoRobotWipePot-v1', 'L3_TwoRobotCleanCup-v1', 'L3_TwoRobotCleanDesk-v1', 'L3_TwoRobotCutFruit-v1', 'L3_TwoRobotFoldBox-v1', 'L3_TwoRobotFoldTowel-v1', 'L3_TwoRobotGrindFood-v1', 'L3_TwoRobotKnifeBowlFork-v1', 'L3_TwoRobotLiftLidFromSkillet-v1', 'L3_TwoRobotOpenBox-v1', 'L3_TwoRobotOpenLiquidCap-v1', 'L3_TwoRobotPickAppleBananaToBaskets-v1', 'L3_TwoRobotPickAppleBasket-v1', 'L3_TwoRobotPickAppleToScale-v1', 'L3_TwoRobotPickFood-v1', 'L3_TwoRobotPickFruitsToPlate-v1', 'L3_TwoRobotPickPillToRegions-v1', 'L3_TwoRobotPickRemoteControl-v1', 'L3_TwoRobotPickTennisBallGolfBall-v1', 'L3_TwoRobotPickWash-v1', 'L3_TwoRobotPlaceBookBookcase-v1', 'L3_TwoRobotPlaceBrushRest-v1', 'L3_TwoRobotPlaceBurgerTray-v1', 'L3_TwoRobotPlaceChipsRack-v1', 'L3_TwoRobotPlaceClothBasket-v1', 'L3_TwoRobotPlaceCommodityRack-v1', 'L3_TwoRobotPlaceCupPlate-v1', 'L3_TwoRobotPlaceFileFolder-v1', 'L3_TwoRobotPlaceFoodScale-v1', 'L3_TwoRobotPlaceFruitBox-v1', 'L3_TwoRobotPlaceMagazineFolder-v1', 'L3_TwoRobotPlaceMugRack-v1', 'L3_TwoRobotPlacePillBox-v1', 'L3_TwoRobotPlacePlateRack-v1', 'L3_TwoRobotPlaceScrewdriver-v1', 'L3_TwoRobotPlaceShoeBox-v1', 'L3_TwoRobotPourCup-v1', 'L3_TwoRobotPourKetchupFries-v1', 'L3_TwoRobotPourKettle-v1', 'L3_TwoRobotPourLiquidCup-v1', 'L3_TwoRobotPourLiquidFilter-v1', 'L3_TwoRobotPourLiquidMug-v1', 'L3_TwoRobotPressJuicer-v1', 'L3_TwoRobotPressStapler-v1', 'L3_TwoRobotPutBox-v1', 'L3_TwoRobotPutCubeOnScale-v1', 'L3_TwoRobotScanMilkBox-v1', 'L3_TwoRobotScanPillBottle-v1', 'L3_TwoRobotStirSpoon-v1', 'L3_TwoRobotTransFood-v1', 'L3_TwoRobotWipePot-v1']

✓ Filtered human configs: 1 loaded, 0 skipped

✓ Filtered sim configs: 1 loaded, 0 skipped

================================================================================
🎥 LOADING HUMAN VIDEO DATASET
================================================================================
Loading datasets from config: /var/tmp/imitator-game-zxc/tmp/tmp1aa8fmbz.json
Loading datasets:   0%|          | 0/1 [00:00<?, ?it/s]Loading datasets: 100%|██████████| 1/1 [00:00<00:00,  6.09it/s]Loading datasets: 100%|██████████| 1/1 [00:00<00:00,  6.08it/s]
[94mLoading episodes [0] from /var/tmp/imitator-game-zxc/data/imitator_human_v1/human_H57 with split train[0m
✓ Loaded 1 unique tasks
✓ HumanVideoDataset initialized
  - Tasks: 1
  - Cameras: ['zed2i']
  - Frames per sample: 10
  - Sampling strategy: uniform_jitter

================================================================================
🤖 LOADING SIM TRAJECTORY DATASET
================================================================================
  0%|          | 0/1 [00:00<?, ?it/s]100%|██████████| 1/1 [00:00<00:00,  2.53it/s]100%|██████████| 1/1 [00:00<00:00,  2.53it/s]
/home/zxc/miniconda3/envs/imitator/lib/python3.12/site-packages/albumentations/core/validation.py:114: UserWarning: ShiftScaleRotate is a special case of Affine transform. Please use Affine transform instead.
  original_init(self, **validated_kwargs)
/home/zxc/miniconda3/envs/imitator/lib/python3.12/site-packages/torchvision/models/_utils.py:208: UserWarning: The parameter 'pretrained' is deprecated since 0.13 and may be removed in the future, please use 'weights' instead.
  warnings.warn(
/home/zxc/miniconda3/envs/imitator/lib/python3.12/site-packages/torchvision/models/_utils.py:223: UserWarning: Arguments other than a weight enum or `None` for 'weights' are deprecated since 0.13 and may be removed in the future. The current behavior is equivalent to passing `weights=ResNet18_Weights.IMAGENET1K_V1`. You can also use `weights=ResNet18_Weights.DEFAULT` to get the most up-to-date weights.
  warnings.warn(msg)
[94mloading episodes [0, 1, 2, 3, 4, 5, 6, 7, 8, 9, 10, 11, 12, 13, 14, 15, 16, 17, 18, 19, 20, 21, 22, 23, 24, 25, 26, 27, 28, 29, 30, 31, 32, 33, 34, 35, 36, 37, 38, 39, 40, 41, 42, 43, 44, 45, 46, 47, 48, 49] from /home/zxc/Imitator/experiments/act_placemugrack_study/prepared/A50/sim/L0_TwoRobotPlaceMugRack-v1 with split train[0m

================================================================================
🔗 VALIDATING HUMAN-SIM TASK PAIRINGS
================================================================================

🔑 Indexing human videos...
   ✓ human_H57 - 1 episodes

🔑 Indexing sim trajectories (O(sub-datasets))...
   L0_TwoRobotPlaceMugRack-v1: 11228 samples

🔍 Validating pairings...

✅ Successfully paired: 1 task pair(s)


================================================================================
✅ HUMAN-SIM PAIRED DATASET READY
================================================================================
📊 Summary:
   - Total sim samples: 11228
   - Valid paired samples: 11228
   - Skipped samples: 0
   - Valid paired tasks: 1
   - Input mode: video_only
   - Include first frame: True
================================================================================

\n   Building FrozenVideoBackbone (dinov2_vitl14) [Frozen] ...

============================================================
[FrozenBB] Setting up frozen backbone cache (dinov2_vitl14)
  Backbone: 0 frozen tensors | Adapter: 525.8K trainable params
  [RawFeatCache] Loaded 1 entries ← /home/zxc/Imitator/experiments/act_placemugrack_study/runs/A50_s3/te_cache/backbone_dinov2_vitl14/raw_features.pt
  [RawFeatCache] Cache ready: 1 entries loaded from disk.
  [Done] CachedFrozenBackbone ready.
  Expected per-step cost: ~0.15 ms  (dict lookup + adapter)
============================================================

   FrozenVideoBackbone: backbone frozen, cache active, adapter trainable.
  [SkipVideo] skip_human_video=True activated on dataset (1 cache entries cover all tasks).
  Video decode cost (~50-100 ms/sample) eliminated for training.

   ACTAgent ready
   Task encoder:  frozen_backbone (dinov2_vitl14)
   Input mode:    video_only
   Total params:  17.21M  |  Trainable: 17.21M
/home/zxc/miniconda3/envs/imitator/lib/python3.12/site-packages/torch/cuda/__init__.py:61: FutureWarning: The pynvml package is deprecated. Please install nvidia-ml-py instead. If you did not install pynvml directly, please report this to the maintainers of the package that installed pynvml for you.
  import pynvml  # type: ignore[import]
2026-10-07 00:29:32.781082: E external/local_xla/xla/stream_executor/cuda/cuda_fft.cc:467] Unable to register cuFFT factory: Attempting to register factory for plugin cuFFT when one has already been registered
WARNING: All log messages before absl::InitializeLog() is called are written to STDERR
E0000 00:00:1791304172.795068  679009 cuda_dnn.cc:8579] Unable to register cuDNN factory: Attempting to register factory for plugin cuDNN when one has already been registered
E0000 00:00:1791304172.798902  679009 cuda_blas.cc:1407] Unable to register cuBLAS factory: Attempting to register factory for plugin cuBLAS when one has already been registered
W0000 00:00:1791304172.812164  679009 computation_placer.cc:177] computation placer already registered. Please check linkage and avoid linking the same target more than once.
W0000 00:00:1791304172.812222  679009 computation_placer.cc:177] computation placer already registered. Please check linkage and avoid linking the same target more than once.
W0000 00:00:1791304172.812225  679009 computation_placer.cc:177] computation placer already registered. Please check linkage and avoid linking the same target more than once.
W0000 00:00:1791304172.812228  679009 computation_placer.cc:177] computation placer already registered. Please check linkage and avoid linking the same target more than once.
/home/zxc/miniconda3/envs/imitator/lib/python3.12/site-packages/torch/cuda/__init__.py:61: FutureWarning: The pynvml package is deprecated. Please install nvidia-ml-py instead. If you did not install pynvml directly, please report this to the maintainers of the package that installed pynvml for you.
  import pynvml  # type: ignore[import]
2026-10-07 00:29:39.950547: E external/local_xla/xla/stream_executor/cuda/cuda_fft.cc:467] Unable to register cuFFT factory: Attempting to register factory for plugin cuFFT when one has already been registered
WARNING: All log messages before absl::InitializeLog() is called are written to STDERR
E0000 00:00:1791304179.964720  679608 cuda_dnn.cc:8579] Unable to register cuDNN factory: Attempting to register factory for plugin cuDNN when one has already been registered
E0000 00:00:1791304179.969200  679608 cuda_blas.cc:1407] Unable to register cuBLAS factory: Attempting to register factory for plugin cuBLAS when one has already been registered
W0000 00:00:1791304179.979508  679608 computation_placer.cc:177] computation placer already registered. Please check linkage and avoid linking the same target more than once.
W0000 00:00:1791304179.979543  679608 computation_placer.cc:177] computation placer already registered. Please check linkage and avoid linking the same target more than once.
W0000 00:00:1791304179.979546  679608 computation_placer.cc:177] computation placer already registered. Please check linkage and avoid linking the same target more than once.
W0000 00:00:1791304179.979549  679608 computation_placer.cc:177] computation placer already registered. Please check linkage and avoid linking the same target more than once.
/home/zxc/miniconda3/envs/imitator/lib/python3.12/site-packages/torch/cuda/__init__.py:61: FutureWarning: The pynvml package is deprecated. Please install nvidia-ml-py instead. If you did not install pynvml directly, please report this to the maintainers of the package that installed pynvml for you.
  import pynvml  # type: ignore[import]
2026-10-07 00:29:46.830615: E external/local_xla/xla/stream_executor/cuda/cuda_fft.cc:467] Unable to register cuFFT factory: Attempting to register factory for plugin cuFFT when one has already been registered
WARNING: All log messages before absl::InitializeLog() is called are written to STDERR
E0000 00:00:1791304186.847204  680122 cuda_dnn.cc:8579] Unable to register cuDNN factory: Attempting to register factory for plugin cuDNN when one has already been registered
E0000 00:00:1791304186.851205  680122 cuda_blas.cc:1407] Unable to register cuBLAS factory: Attempting to register factory for plugin cuBLAS when one has already been registered
W0000 00:00:1791304186.864832  680122 computation_placer.cc:177] computation placer already registered. Please check linkage and avoid linking the same target more than once.
W0000 00:00:1791304186.864903  680122 computation_placer.cc:177] computation placer already registered. Please check linkage and avoid linking the same target more than once.
W0000 00:00:1791304186.864908  680122 computation_placer.cc:177] computation placer already registered. Please check linkage and avoid linking the same target more than once.
W0000 00:00:1791304186.864911  680122 computation_placer.cc:177] computation placer already registered. Please check linkage and avoid linking the same target more than once.
/home/zxc/miniconda3/envs/imitator/lib/python3.12/site-packages/torch/cuda/__init__.py:61: FutureWarning: The pynvml package is deprecated. Please install nvidia-ml-py instead. If you did not install pynvml directly, please report this to the maintainers of the package that installed pynvml for you.
  import pynvml  # type: ignore[import]
2026-10-07 00:29:53.837710: E external/local_xla/xla/stream_executor/cuda/cuda_fft.cc:467] Unable to register cuFFT factory: Attempting to register factory for plugin cuFFT when one has already been registered
WARNING: All log messages before absl::InitializeLog() is called are written to STDERR
E0000 00:00:1791304193.849502  680642 cuda_dnn.cc:8579] Unable to register cuDNN factory: Attempting to register factory for plugin cuDNN when one has already been registered
E0000 00:00:1791304193.853279  680642 cuda_blas.cc:1407] Unable to register cuBLAS factory: Attempting to register factory for plugin cuBLAS when one has already been registered
W0000 00:00:1791304193.866593  680642 computation_placer.cc:177] computation placer already registered. Please check linkage and avoid linking the same target more than once.
W0000 00:00:1791304193.866647  680642 computation_placer.cc:177] computation placer already registered. Please check linkage and avoid linking the same target more than once.
W0000 00:00:1791304193.866652  680642 computation_placer.cc:177] computation placer already registered. Please check linkage and avoid linking the same target more than once.
W0000 00:00:1791304193.866672  680642 computation_placer.cc:177] computation placer already registered. Please check linkage and avoid linking the same target more than once.
/home/zxc/miniconda3/envs/imitator/lib/python3.12/site-packages/torch/cuda/__init__.py:61: FutureWarning: The pynvml package is deprecated. Please install nvidia-ml-py instead. If you did not install pynvml directly, please report this to the maintainers of the package that installed pynvml for you.
  import pynvml  # type: ignore[import]
2026-10-07 00:30:01.036362: E external/local_xla/xla/stream_executor/cuda/cuda_fft.cc:467] Unable to register cuFFT factory: Attempting to register factory for plugin cuFFT when one has already been registered
WARNING: All log messages before absl::InitializeLog() is called are written to STDERR
E0000 00:00:1791304201.048029  681254 cuda_dnn.cc:8579] Unable to register cuDNN factory: Attempting to register factory for plugin cuDNN when one has already been registered
E0000 00:00:1791304201.052267  681254 cuda_blas.cc:1407] Unable to register cuBLAS factory: Attempting to register factory for plugin cuBLAS when one has already been registered
W0000 00:00:1791304201.065316  681254 computation_placer.cc:177] computation placer already registered. Please check linkage and avoid linking the same target more than once.
W0000 00:00:1791304201.065383  681254 computation_placer.cc:177] computation placer already registered. Please check linkage and avoid linking the same target more than once.
W0000 00:00:1791304201.065388  681254 computation_placer.cc:177] computation placer already registered. Please check linkage and avoid linking the same target more than once.
W0000 00:00:1791304201.065391  681254 computation_placer.cc:177] computation placer already registered. Please check linkage and avoid linking the same target more than once.
/home/zxc/miniconda3/envs/imitator/lib/python3.12/site-packages/torch/cuda/__init__.py:61: FutureWarning: The pynvml package is deprecated. Please install nvidia-ml-py instead. If you did not install pynvml directly, please report this to the maintainers of the package that installed pynvml for you.
  import pynvml  # type: ignore[import]
2026-10-07 00:30:08.124807: E external/local_xla/xla/stream_executor/cuda/cuda_fft.cc:467] Unable to register cuFFT factory: Attempting to register factory for plugin cuFFT when one has already been registered
WARNING: All log messages before absl::InitializeLog() is called are written to STDERR
E0000 00:00:1791304208.136723  681772 cuda_dnn.cc:8579] Unable to register cuDNN factory: Attempting to register factory for plugin cuDNN when one has already been registered
E0000 00:00:1791304208.140528  681772 cuda_blas.cc:1407] Unable to register cuBLAS factory: Attempting to register factory for plugin cuBLAS when one has already been registered
W0000 00:00:1791304208.151283  681772 computation_placer.cc:177] computation placer already registered. Please check linkage and avoid linking the same target more than once.
W0000 00:00:1791304208.151311  681772 computation_placer.cc:177] computation placer already registered. Please check linkage and avoid linking the same target more than once.
W0000 00:00:1791304208.151315  681772 computation_placer.cc:177] computation placer already registered. Please check linkage and avoid linking the same target more than once.
W0000 00:00:1791304208.151318  681772 computation_placer.cc:177] computation placer already registered. Please check linkage and avoid linking the same target more than once.
/home/zxc/miniconda3/envs/imitator/lib/python3.12/site-packages/torch/cuda/__init__.py:61: FutureWarning: The pynvml package is deprecated. Please install nvidia-ml-py instead. If you did not install pynvml directly, please report this to the maintainers of the package that installed pynvml for you.
  import pynvml  # type: ignore[import]
2026-10-07 00:30:14.912683: E external/local_xla/xla/stream_executor/cuda/cuda_fft.cc:467] Unable to register cuFFT factory: Attempting to register factory for plugin cuFFT when one has already been registered
WARNING: All log messages before absl::InitializeLog() is called are written to STDERR
E0000 00:00:1791304214.924748  682363 cuda_dnn.cc:8579] Unable to register cuDNN factory: Attempting to register factory for plugin cuDNN when one has already been registered
E0000 00:00:1791304214.929821  682363 cuda_blas.cc:1407] Unable to register cuBLAS factory: Attempting to register factory for plugin cuBLAS when one has already been registered
W0000 00:00:1791304214.942616  682363 computation_placer.cc:177] computation placer already registered. Please check linkage and avoid linking the same target more than once.
W0000 00:00:1791304214.942662  682363 computation_placer.cc:177] computation placer already registered. Please check linkage and avoid linking the same target more than once.
W0000 00:00:1791304214.942666  682363 computation_placer.cc:177] computation placer already registered. Please check linkage and avoid linking the same target more than once.
W0000 00:00:1791304214.942668  682363 computation_placer.cc:177] computation placer already registered. Please check linkage and avoid linking the same target more than once.
/home/zxc/miniconda3/envs/imitator/lib/python3.12/site-packages/torch/cuda/__init__.py:61: FutureWarning: The pynvml package is deprecated. Please install nvidia-ml-py instead. If you did not install pynvml directly, please report this to the maintainers of the package that installed pynvml for you.
  import pynvml  # type: ignore[import]
2026-10-07 00:30:22.201236: E external/local_xla/xla/stream_executor/cuda/cuda_fft.cc:467] Unable to register cuFFT factory: Attempting to register factory for plugin cuFFT when one has already been registered
WARNING: All log messages before absl::InitializeLog() is called are written to STDERR
E0000 00:00:1791304222.214435  682907 cuda_dnn.cc:8579] Unable to register cuDNN factory: Attempting to register factory for plugin cuDNN when one has already been registered
E0000 00:00:1791304222.218077  682907 cuda_blas.cc:1407] Unable to register cuBLAS factory: Attempting to register factory for plugin cuBLAS when one has already been registered
W0000 00:00:1791304222.230819  682907 computation_placer.cc:177] computation placer already registered. Please check linkage and avoid linking the same target more than once.
W0000 00:00:1791304222.230858  682907 computation_placer.cc:177] computation placer already registered. Please check linkage and avoid linking the same target more than once.
W0000 00:00:1791304222.230861  682907 computation_placer.cc:177] computation placer already registered. Please check linkage and avoid linking the same target more than once.
W0000 00:00:1791304222.230864  682907 computation_placer.cc:177] computation placer already registered. Please check linkage and avoid linking the same target more than once.
{"step": 1, "samples": 64, "pass": 0, "elapsed_train_s": 2.26390173999971, "lr": [1.1111111111111112e-07, 1.1111111111111112e-08], "loss": 99.84213256835938, "l1": 0.7355625629425049, "kl": 9.910656929016113, "memory_allocated_GiB": 0.2731194496154785}
{"step": 50, "samples": 3200, "pass": 0, "elapsed_train_s": 5.613309979002224, "lr": [5.555555555555556e-06, 5.555555555555555e-07], "loss": 90.85629054478237, "l1": 0.6267171027709026, "kl": 9.022957354175801, "memory_allocated_GiB": 0.27367639541625977}
{"step": 100, "samples": 6400, "pass": 0, "elapsed_train_s": 9.184645311001077, "lr": [1.1111111111111112e-05, 1.111111111111111e-06], "loss": 47.76319965362549, "l1": 0.47475395500659945, "kl": 4.728844537734985, "memory_allocated_GiB": 0.27306604385375977}
{"step": 150, "samples": 9600, "pass": 0, "elapsed_train_s": 12.59490162200018, "lr": [1.6666666666666667e-05, 1.6666666666666667e-06], "loss": 8.698061723709106, "l1": 0.37995383620262146, "kl": 0.8318107920885086, "memory_allocated_GiB": 0.27306604385375977}
{"step": 200, "samples": 12800, "pass": 1, "elapsed_train_s": 16.85253971900238, "lr": [2.2222222222222223e-05, 2.222222222222222e-06], "loss": 3.1188742780685423, "l1": 0.30502322137355803, "kl": 0.2813851058483124, "memory_allocated_GiB": 0.27367639541625977}
{"step": 250, "samples": 16000, "pass": 1, "elapsed_train_s": 20.46478326900251, "lr": [2.777777777777778e-05, 2.7777777777777783e-06], "loss": 2.1874792981147766, "l1": 0.2621905556321144, "kl": 0.19252887547016143, "memory_allocated_GiB": 0.27306604385375977}
{"step": 300, "samples": 19200, "pass": 1, "elapsed_train_s": 24.049863864001964, "lr": [3.3333333333333335e-05, 3.3333333333333333e-06], "loss": 1.5868063902854919, "l1": 0.2216517934203148, "kl": 0.13651545971632004, "memory_allocated_GiB": 0.27306604385375977}
{"step": 350, "samples": 22400, "pass": 1, "elapsed_train_s": 27.14496575100202, "lr": [3.888888888888889e-05, 3.88888888888889e-06], "loss": 1.130597608089447, "l1": 0.19394824296236038, "kl": 0.09366493687033653, "memory_allocated_GiB": 0.27367639541625977}
{"step": 400, "samples": 25600, "pass": 2, "elapsed_train_s": 31.424174840001797, "lr": [4.4444444444444447e-05, 4.444444444444444e-06], "loss": 0.7859308111667633, "l1": 0.17401187896728515, "kl": 0.061191892400383946, "memory_allocated_GiB": 0.27306604385375977}
{"step": 450, "samples": 28800, "pass": 2, "elapsed_train_s": 35.1325725759998, "lr": [5e-05, 5e-06], "loss": 0.5458721101284028, "l1": 0.1611305034160614, "kl": 0.03847416091710329, "memory_allocated_GiB": 0.27306604385375977}
{"step": 500, "samples": 32000, "pass": 2, "elapsed_train_s": 38.73617654700138, "lr": [5.555555555555556e-05, 5.555555555555557e-06], "loss": 0.3890822595357895, "l1": 0.14911272197961808, "kl": 0.023996953666210175, "memory_allocated_GiB": 0.27367639541625977}
{"step": 550, "samples": 35200, "pass": 3, "elapsed_train_s": 42.41370697300226, "lr": [6.111111111111112e-05, 6.111111111111112e-06], "loss": 0.2903375643491745, "l1": 0.13751548290252685, "kl": 0.01528220796957612, "memory_allocated_GiB": 0.27306604385375977}
{"step": 600, "samples": 38400, "pass": 3, "elapsed_train_s": 45.93977853400065, "lr": [6.666666666666667e-05, 6.666666666666667e-06], "loss": 0.22486064940690995, "l1": 0.12868817627429963, "kl": 0.00961724723689258, "memory_allocated_GiB": 0.27306604385375977}
{"step": 650, "samples": 41600, "pass": 3, "elapsed_train_s": 49.61278686600053, "lr": [7.222222222222222e-05, 7.222222222222223e-06], "loss": 0.18487758934497833, "l1": 0.11911703392863274, "kl": 0.006576055614277721, "memory_allocated_GiB": 0.27367639541625977}
{"step": 700, "samples": 44800, "pass": 3, "elapsed_train_s": 52.852950986001815, "lr": [7.777777777777778e-05, 7.77777777777778e-06], "loss": 0.16037569016218187, "l1": 0.11323824390769005, "kl": 0.004713744726032019, "memory_allocated_GiB": 0.27306604385375977}
{"step": 750, "samples": 48000, "pass": 4, "elapsed_train_s": 57.50875462000113, "lr": [8.333333333333334e-05, 8.333333333333334e-06], "loss": 0.14090864717960358, "l1": 0.10466725632548332, "kl": 0.0036241391021758318, "memory_allocated_GiB": 0.27306604385375977}
{"step": 800, "samples": 51200, "pass": 4, "elapsed_train_s": 61.043655289002345, "lr": [8.888888888888889e-05, 8.888888888888888e-06], "loss": 0.12931278839707375, "l1": 0.09994125857949257, "kl": 0.0029371530190110207, "memory_allocated_GiB": 0.27367639541625977}
{"step": 850, "samples": 54400, "pass": 4, "elapsed_train_s": 64.55166447400188, "lr": [9.444444444444444e-05, 9.444444444444445e-06], "loss": 0.12032161116600036, "l1": 0.09611951440572739, "kl": 0.0024202096182852984, "memory_allocated_GiB": 0.27306604385375977}
{"step": 900, "samples": 57600, "pass": 5, "elapsed_train_s": 68.77179674000217, "lr": [0.0001, 1e-05], "loss": 0.11198243156075477, "l1": 0.09074163049459458, "kl": 0.0021240801084786653, "memory_allocated_GiB": 0.27306604385375977}
{"step": 950, "samples": 60800, "pass": 5, "elapsed_train_s": 72.50235043800058, "lr": [9.999789047591562e-05, 9.999789047591563e-06], "loss": 0.10538097649812699, "l1": 0.08701173767447472, "kl": 0.0018369239661842585, "memory_allocated_GiB": 0.27367639541625977}
{"step": 1000, "samples": 64000, "pass": 5, "elapsed_train_s": 76.13344869300272, "lr": [9.999156208166614e-05, 9.999156208166614e-06], "loss": 0.09893045216798782, "l1": 0.08292049080133439, "kl": 0.001600996134802699, "memory_allocated_GiB": 0.27306604385375977}
{"step": 1050, "samples": 67200, "pass": 5, "elapsed_train_s": 78.1819450610019, "lr": [9.998101535124758e-05, 9.998101535124758e-06], "loss": 0.09300322860479354, "l1": 0.07958125099539756, "kl": 0.0013421977683901786, "memory_allocated_GiB": 0.27306604385375977}
{"step": 1100, "samples": 70400, "pass": 6, "elapsed_train_s": 81.04586977600047, "lr": [9.996625117460318e-05, 9.996625117460319e-06], "loss": 0.08833271414041519, "l1": 0.07645772606134414, "kl": 0.0011874987836927176, "memory_allocated_GiB": 0.27367639541625977}
{"step": 1150, "samples": 73600, "pass": 6, "elapsed_train_s": 83.30367093400127, "lr": [9.994727079754844e-05, 9.994727079754845e-06], "loss": 0.08451708793640136, "l1": 0.07393939599394798, "kl": 0.0010577691905200482, "memory_allocated_GiB": 0.27306604385375977}
{"step": 1200, "samples": 76800, "pass": 6, "elapsed_train_s": 85.60746590100098, "lr": [9.992407582166581e-05, 9.992407582166582e-06], "loss": 0.08248218193650246, "l1": 0.07205409064888954, "kl": 0.001042809123173356, "memory_allocated_GiB": 0.27306604385375977}
{"step": 1250, "samples": 80000, "pass": 7, "elapsed_train_s": 88.19527523299985, "lr": [9.989666820416974e-05, 9.989666820416974e-06], "loss": 0.07880800649523735, "l1": 0.06987497568130493, "kl": 0.0008933030348271131, "memory_allocated_GiB": 0.27367639541625977}
{"step": 1300, "samples": 83200, "pass": 7, "elapsed_train_s": 90.45902380200278, "lr": [9.986505025774138e-05, 9.986505025774137e-06], "loss": 0.07604863703250885, "l1": 0.06793350100517273, "kl": 0.0008115136157721281, "memory_allocated_GiB": 0.27306604385375977}
{"step": 1350, "samples": 86400, "pass": 7, "elapsed_train_s": 92.83148631200311, "lr": [9.98292246503335e-05, 9.98292246503335e-06], "loss": 0.07409040808677674, "l1": 0.06637747533619404, "kl": 0.0007712932676076889, "memory_allocated_GiB": 0.27306604385375977}
{"step": 1400, "samples": 89600, "pass": 7, "elapsed_train_s": 94.93313782000041, "lr": [9.978919440494539e-05, 9.978919440494538e-06], "loss": 0.07153377577662468, "l1": 0.06446891255676747, "kl": 0.0007064863760024309, "memory_allocated_GiB": 0.27367639541625977}
{"step": 1450, "samples": 92800, "pass": 8, "elapsed_train_s": 97.87693430299987, "lr": [9.974496289936769e-05, 9.974496289936769e-06], "loss": 0.07022625833749771, "l1": 0.06376375131309032, "kl": 0.0006462507508695125, "memory_allocated_GiB": 0.27306604385375977}
{"step": 1500, "samples": 96000, "pass": 8, "elapsed_train_s": 100.2485551030004, "lr": [9.969653386589748e-05, 9.969653386589749e-06], "loss": 0.06819806605577469, "l1": 0.06231813676655293, "kl": 0.0005879929196089506, "memory_allocated_GiB": 0.27306604385375977}
{"step": 1550, "samples": 99200, "pass": 8, "elapsed_train_s": 102.76492903700273, "lr": [9.964391139102325e-05, 9.964391139102325e-06], "loss": 0.06698627099394798, "l1": 0.06143260456621647, "kl": 0.0005553666595369578, "memory_allocated_GiB": 0.27367639541625977}
{"step": 1600, "samples": 102400, "pass": 9, "elapsed_train_s": 105.60502573300255, "lr": [9.958709991508012e-05, 9.958709991508013e-06], "loss": 0.06507091395556927, "l1": 0.0595428866147995, "kl": 0.0005528027284890414, "memory_allocated_GiB": 0.27306604385375977}
{"step": 1650, "samples": 105600, "pass": 9, "elapsed_train_s": 108.24113233200114, "lr": [9.952610423187516e-05, 9.952610423187516e-06], "loss": 0.06391546219587325, "l1": 0.05882321543991566, "kl": 0.0005092247109860182, "memory_allocated_GiB": 0.27306604385375977}
{"step": 1700, "samples": 108800, "pass": 9, "elapsed_train_s": 110.78059499600204, "lr": [9.946092948828289e-05, 9.94609294882829e-06], "loss": 0.06348490476608276, "l1": 0.05876536659896374, "kl": 0.00047195376828312874, "memory_allocated_GiB": 0.27367639541625977}
{"step": 1750, "samples": 112000, "pass": 9, "elapsed_train_s": 113.01839223000206, "lr": [9.939158118381098e-05, 9.939158118381097e-06], "loss": 0.062243912816047665, "l1": 0.05784200944006443, "kl": 0.0004401903320103884, "memory_allocated_GiB": 0.27306604385375977}
{"step": 1800, "samples": 115200, "pass": 10, "elapsed_train_s": 116.03353048200006, "lr": [9.931806517013612e-05, 9.931806517013612e-06], "loss": 0.06093851134181023, "l1": 0.05599689930677414, "kl": 0.0004941611923277378, "memory_allocated_GiB": 0.27306604385375977}
DEVELOPMENT {"step": 1800, "summary": {"success_once": {"mean": 1.0, "std": 0.0}, "return": {"mean": 411.2119140625, "std": 6.347783088684082}, "episode_len": {"mean": 500.0, "std": 0.0}, "reward": {"mean": 0.822423764038086, "std": 0.012695566100851707}, "last_reward": {"mean": 1.0, "std": 0.0}, "success_at_end": {"mean": 0.9, "std": 0.30000000000000004}}, "stages": {"is_grasped": 20, "is_mug_above_table": 20, "is_mug_contact_rack": 20, "is_obj_placed": 20, "success": 20}}
{"step": 1850, "samples": 118400, "pass": 10, "elapsed_train_s": 260.4384287270004, "lr": [9.924038765061042e-05, 9.924038765061042e-06], "loss": 0.06039322853088379, "l1": 0.056166766211390495, "kl": 0.00042264624498784543, "memory_allocated_GiB": 0.27367639541625977}
{"step": 1900, "samples": 121600, "pass": 10, "elapsed_train_s": 263.89287691100253, "lr": [9.915855517973776e-05, 9.915855517973776e-06], "loss": 0.05939037933945656, "l1": 0.05486284494400025, "kl": 0.0004527534358203411, "memory_allocated_GiB": 0.27306604385375977}
{"step": 1950, "samples": 124800, "pass": 11, "elapsed_train_s": 267.498882459, "lr": [9.90725746626209e-05, 9.90725746626209e-06], "loss": 0.05781972624361515, "l1": 0.05356420218944549, "kl": 0.00042555240914225577, "memory_allocated_GiB": 0.27306604385375977}
{"step": 2000, "samples": 128000, "pass": 11, "elapsed_train_s": 271.273629350002, "lr": [9.89824533543787e-05, 9.89824533543787e-06], "loss": 0.057247843369841574, "l1": 0.053531582430005074, "kl": 0.0003716260939836502, "memory_allocated_GiB": 0.27367639541625977}
{"step": 2050, "samples": 131200, "pass": 11, "elapsed_train_s": 274.9668871950016, "lr": [9.888819885953398e-05, 9.888819885953398e-06], "loss": 0.05627559371292591, "l1": 0.052549077570438384, "kl": 0.0003726515732705593, "memory_allocated_GiB": 0.27306604385375977}
{"step": 2100, "samples": 134400, "pass": 11, "elapsed_train_s": 278.15521081300176, "lr": [9.878981913137179e-05, 9.878981913137178e-06], "loss": 0.055233663618564605, "l1": 0.051392402574419974, "kl": 0.00038412611931562426, "memory_allocated_GiB": 0.27306604385375977}
{"step": 2150, "samples": 137600, "pass": 12, "elapsed_train_s": 282.66304722800123, "lr": [9.86873224712684e-05, 9.86873224712684e-06], "loss": 0.05414021551609039, "l1": 0.0508404154330492, "kl": 0.00032998001202940943, "memory_allocated_GiB": 0.27367639541625977}
{"step": 2200, "samples": 140800, "pass": 12, "elapsed_train_s": 286.2506282510003, "lr": [9.85807175279907e-05, 9.85807175279907e-06], "loss": 0.05393480233848095, "l1": 0.05031802363693714, "kl": 0.00036167788319289683, "memory_allocated_GiB": 0.27306604385375977}
{"step": 2250, "samples": 144000, "pass": 12, "elapsed_train_s": 289.6684286050004, "lr": [9.847001329696653e-05, 9.847001329696653e-06], "loss": 0.05392452247440815, "l1": 0.04988257333636284, "kl": 0.00040419491939246654, "memory_allocated_GiB": 0.27306604385375977}
{"step": 2300, "samples": 147200, "pass": 13, "elapsed_train_s": 293.8080547740028, "lr": [9.835521911952555e-05, 9.835521911952554e-06], "loss": 0.05275573000311851, "l1": 0.049255831688642504, "kl": 0.0003499898500740528, "memory_allocated_GiB": 0.27367639541625977}
{"step": 2350, "samples": 150400, "pass": 13, "elapsed_train_s": 297.4731131860026, "lr": [9.823634468211103e-05, 9.823634468211102e-06], "loss": 0.05267687104642391, "l1": 0.049178140833973885, "kl": 0.00034987302497029303, "memory_allocated_GiB": 0.27306604385375977}
{"step": 2400, "samples": 153600, "pass": 13, "elapsed_train_s": 300.72984773400094, "lr": [9.811340001546251e-05, 9.811340001546252e-06], "loss": 0.05121509239077568, "l1": 0.047997481971979145, "kl": 0.0003217610251158476, "memory_allocated_GiB": 0.27306604385375977}
{"step": 2450, "samples": 156800, "pass": 13, "elapsed_train_s": 303.87271886000235, "lr": [9.798639549376945e-05, 9.798639549376946e-06], "loss": 0.050318095833063126, "l1": 0.04705184713006019, "kl": 0.0003266248665750027, "memory_allocated_GiB": 0.27367639541625977}
{"step": 2500, "samples": 160000, "pass": 14, "elapsed_train_s": 308.6008027099997, "lr": [9.785534183379572e-05, 9.785534183379571e-06], "loss": 0.0507413274794817, "l1": 0.047675297036767005, "kl": 0.00030660305172204973, "memory_allocated_GiB": 0.27306604385375977}
{"step": 2550, "samples": 163200, "pass": 14, "elapsed_train_s": 312.35213867100174, "lr": [9.772025009397537e-05, 9.772025009397538e-06], "loss": 0.04947658881545067, "l1": 0.046557789593935014, "kl": 0.0002918799128383398, "memory_allocated_GiB": 0.27306604385375977}
{"step": 2600, "samples": 166400, "pass": 14, "elapsed_train_s": 315.8800773090006, "lr": [9.75811316734796e-05, 9.75811316734796e-06], "loss": 0.04948743395507336, "l1": 0.04625872634351254, "kl": 0.0003228707704693079, "memory_allocated_GiB": 0.27367639541625977}
{"step": 2650, "samples": 169600, "pass": 15, "elapsed_train_s": 319.954820353003, "lr": [9.743799831125472e-05, 9.743799831125472e-06], "loss": 0.04799595698714256, "l1": 0.04482431709766388, "kl": 0.0003171639796346426, "memory_allocated_GiB": 0.27306604385375977}
{"step": 2700, "samples": 172800, "pass": 15, "elapsed_train_s": 323.7214408530017, "lr": [9.729086208503174e-05, 9.729086208503174e-06], "loss": 0.04794508785009384, "l1": 0.04521544113755226, "kl": 0.00027296463958919047, "memory_allocated_GiB": 0.27306604385375977}
{"step": 2750, "samples": 176000, "pass": 15, "elapsed_train_s": 327.288920271003, "lr": [9.713973541030716e-05, 9.713973541030716e-06], "loss": 0.04806218363344669, "l1": 0.04492302350699902, "kl": 0.0003139160107821226, "memory_allocated_GiB": 0.27367639541625977}
{"step": 2800, "samples": 179200, "pass": 15, "elapsed_train_s": 330.5990535400015, "lr": [9.698463103929542e-05, 9.698463103929542e-06], "loss": 0.04761441603302956, "l1": 0.044832834601402284, "kl": 0.00027815814130008223, "memory_allocated_GiB": 0.27306604385375977}
{"step": 2850, "samples": 182400, "pass": 16, "elapsed_train_s": 335.41398896900137, "lr": [9.682556205985274e-05, 9.682556205985274e-06], "loss": 0.04742295496165752, "l1": 0.0442724784463644, "kl": 0.00031504761427640914, "memory_allocated_GiB": 0.27306604385375977}
{"step": 2900, "samples": 185600, "pass": 16, "elapsed_train_s": 339.1738675779998, "lr": [9.666254189437286e-05, 9.666254189437286e-06], "loss": 0.04589599691331386, "l1": 0.04296275608241558, "kl": 0.0002933240681886673, "memory_allocated_GiB": 0.27367639541625977}
{"step": 2950, "samples": 188800, "pass": 16, "elapsed_train_s": 342.5957100630003, "lr": [9.64955842986544e-05, 9.64955842986544e-06], "loss": 0.046857794374227525, "l1": 0.044095609560608866, "kl": 0.0002762184850871563, "memory_allocated_GiB": 0.27306604385375977}
{"step": 3000, "samples": 192000, "pass": 17, "elapsed_train_s": 346.6364061500026, "lr": [9.632470336074009e-05, 9.632470336074009e-06], "loss": 0.04598246939480305, "l1": 0.04340069159865379, "kl": 0.00025817777030169966, "memory_allocated_GiB": 0.27306604385375977}
{"step": 3050, "samples": 195200, "pass": 17, "elapsed_train_s": 350.4807322910019, "lr": [9.614991349972815e-05, 9.614991349972815e-06], "loss": 0.045590715557336806, "l1": 0.04329361490905285, "kl": 0.00022971006110310553, "memory_allocated_GiB": 0.27367639541625977}
{"step": 3100, "samples": 198400, "pass": 17, "elapsed_train_s": 354.19799591500123, "lr": [9.59712294645554e-05, 9.597122946455539e-06], "loss": 0.045431233048439025, "l1": 0.0430787555873394, "kl": 0.0002352477703243494, "memory_allocated_GiB": 0.27306604385375977}
{"step": 3150, "samples": 201600, "pass": 17, "elapsed_train_s": 357.0890470750019, "lr": [9.578866633275288e-05, 9.578866633275289e-06], "loss": 0.04447308592498302, "l1": 0.0419577331840992, "kl": 0.0002515352796763182, "memory_allocated_GiB": 0.27306604385375977}
{"step": 3200, "samples": 204800, "pass": 18, "elapsed_train_s": 361.32395882200217, "lr": [9.560223950917353e-05, 9.560223950917354e-06], "loss": 0.04461490690708161, "l1": 0.04197047263383866, "kl": 0.00026444341987371447, "memory_allocated_GiB": 0.27367639541625977}
{"step": 3250, "samples": 208000, "pass": 18, "elapsed_train_s": 365.11147689500285, "lr": [9.541196472469233e-05, 9.541196472469234e-06], "loss": 0.04366482704877853, "l1": 0.04105691462755203, "kl": 0.00026079123839735987, "memory_allocated_GiB": 0.27306604385375977}
{"step": 3300, "samples": 211200, "pass": 18, "elapsed_train_s": 368.8052869500025, "lr": [9.521785803487889e-05, 9.521785803487888e-06], "loss": 0.044066144227981566, "l1": 0.04153475515544414, "kl": 0.00025313892401754854, "memory_allocated_GiB": 0.27306604385375977}
{"step": 3350, "samples": 214400, "pass": 19, "elapsed_train_s": 372.56337320100283, "lr": [9.501993581864268e-05, 9.501993581864268e-06], "loss": 0.04312855012714863, "l1": 0.040539517849683765, "kl": 0.0002589032333344221, "memory_allocated_GiB": 0.27367639541625977}
{"step": 3400, "samples": 217600, "pass": 19, "elapsed_train_s": 376.2910150320022, "lr": [9.481821477685101e-05, 9.481821477685102e-06], "loss": 0.04349500462412834, "l1": 0.040932608917355534, "kl": 0.0002562395762652159, "memory_allocated_GiB": 0.27306604385375977}
{"step": 3450, "samples": 220800, "pass": 19, "elapsed_train_s": 380.0470674470016, "lr": [9.46127119309197e-05, 9.461271193091971e-06], "loss": 0.043115067332983016, "l1": 0.04049604393541813, "kl": 0.00026190235279500485, "memory_allocated_GiB": 0.27306604385375977}
{"step": 3500, "samples": 224000, "pass": 19, "elapsed_train_s": 383.13636458100154, "lr": [9.440344462137689e-05, 9.44034446213769e-06], "loss": 0.042759551778435705, "l1": 0.04038707360625267, "kl": 0.00023724781349301338, "memory_allocated_GiB": 0.27367639541625977}
{"step": 3550, "samples": 227200, "pass": 20, "elapsed_train_s": 387.54801928000234, "lr": [9.419043050639973e-05, 9.419043050639973e-06], "loss": 0.043228226751089095, "l1": 0.0407285051047802, "kl": 0.0002499721571803093, "memory_allocated_GiB": 0.27306604385375977}
{"step": 3600, "samples": 230400, "pass": 20, "elapsed_train_s": 391.39931244200125, "lr": [9.397368756032445e-05, 9.397368756032445e-06], "loss": 0.04208109475672245, "l1": 0.03961712673306465, "kl": 0.0002463968005031347, "memory_allocated_GiB": 0.27306604385375977}
{"step": 3650, "samples": 233600, "pass": 20, "elapsed_train_s": 394.87378925899975, "lr": [9.375323407212969e-05, 9.37532340721297e-06], "loss": 0.041532459259033205, "l1": 0.03941517867147923, "kl": 0.0002117280475795269, "memory_allocated_GiB": 0.27367639541625977}
{"step": 3700, "samples": 236800, "pass": 21, "elapsed_train_s": 398.8900005280011, "lr": [9.352908864389312e-05, 9.352908864389313e-06], "loss": 0.041867020949721334, "l1": 0.03951655827462673, "kl": 0.00023504626005887985, "memory_allocated_GiB": 0.27306604385375977}
{"step": 3750, "samples": 240000, "pass": 21, "elapsed_train_s": 402.53221287900305, "lr": [9.330127018922194e-05, 9.330127018922195e-06], "loss": 0.04085896924138069, "l1": 0.03864483840763569, "kl": 0.00022141311317682265, "memory_allocated_GiB": 0.27306604385375977}
{"step": 3800, "samples": 243200, "pass": 21, "elapsed_train_s": 406.18107376100306, "lr": [9.306979793165681e-05, 9.306979793165682e-06], "loss": 0.041324702575802806, "l1": 0.03937099888920784, "kl": 0.00019537032581865788, "memory_allocated_GiB": 0.27367639541625977}
{"step": 3850, "samples": 246400, "pass": 21, "elapsed_train_s": 409.450538213001, "lr": [9.283469140304983e-05, 9.283469140304982e-06], "loss": 0.04087677761912346, "l1": 0.03868259504437446, "kl": 0.00021941828541457653, "memory_allocated_GiB": 0.27306604385375977}
{"step": 3900, "samples": 249600, "pass": 22, "elapsed_train_s": 414.00993443100015, "lr": [9.259597044191636e-05, 9.259597044191635e-06], "loss": 0.04095036692917347, "l1": 0.03851544938981533, "kl": 0.00024349174462258815, "memory_allocated_GiB": 0.27306604385375977}
{"step": 3950, "samples": 252800, "pass": 22, "elapsed_train_s": 417.7726056470019, "lr": [9.23536551917611e-05, 9.23536551917611e-06], "loss": 0.0407242688536644, "l1": 0.03885114617645741, "kl": 0.00018731225281953812, "memory_allocated_GiB": 0.27367639541625977}
{"step": 4000, "samples": 256000, "pass": 22, "elapsed_train_s": 421.4208863109998, "lr": [9.210776609937829e-05, 9.21077660993783e-06], "loss": 0.04093344159424305, "l1": 0.03889945261180401, "kl": 0.00020339891314506532, "memory_allocated_GiB": 0.27306604385375977}
{"step": 4050, "samples": 259200, "pass": 23, "elapsed_train_s": 425.5024729150027, "lr": [9.185832391312644e-05, 9.185832391312644e-06], "loss": 0.039903363361954686, "l1": 0.03795591711997986, "kl": 0.00019474461674690247, "memory_allocated_GiB": 0.27306604385375977}
{"step": 4100, "samples": 262400, "pass": 23, "elapsed_train_s": 429.4084468660003, "lr": [9.160534968117752e-05, 9.160534968117752e-06], "loss": 0.03983231820166111, "l1": 0.03800111286342144, "kl": 0.00018312053754925727, "memory_allocated_GiB": 0.27367639541625977}
{"step": 4150, "samples": 265600, "pass": 23, "elapsed_train_s": 433.14229402000274, "lr": [9.134886474974091e-05, 9.134886474974092e-06], "loss": 0.03923829436302185, "l1": 0.037421544045209885, "kl": 0.00018167502246797085, "memory_allocated_GiB": 0.27306604385375977}
{"step": 4200, "samples": 268800, "pass": 23, "elapsed_train_s": 436.28129942000305, "lr": [9.108889076126226e-05, 9.108889076126226e-06], "loss": 0.03945417918264866, "l1": 0.03757621847093105, "kl": 0.00018779607489705086, "memory_allocated_GiB": 0.27306604385375977}
{"step": 4250, "samples": 272000, "pass": 24, "elapsed_train_s": 440.68085958400115, "lr": [9.082544965259715e-05, 9.082544965259716e-06], "loss": 0.03930657044053078, "l1": 0.03738171629607678, "kl": 0.000192485386505723, "memory_allocated_GiB": 0.27367639541625977}
{"step": 4300, "samples": 275200, "pass": 24, "elapsed_train_s": 444.3283271190012, "lr": [9.055856365316011e-05, 9.055856365316012e-06], "loss": 0.039364140778779984, "l1": 0.037292112782597545, "kl": 0.00020720279775559902, "memory_allocated_GiB": 0.27306604385375977}
{"step": 4350, "samples": 278400, "pass": 24, "elapsed_train_s": 447.91862448699976, "lr": [9.028825528304892e-05, 9.028825528304892e-06], "loss": 0.03881435364484787, "l1": 0.03690600924193859, "kl": 0.00019083444960415363, "memory_allocated_GiB": 0.27306604385375977}
{"step": 4400, "samples": 281600, "pass": 25, "elapsed_train_s": 451.6443723520024, "lr": [9.001454735114421e-05, 9.00145473511442e-06], "loss": 0.0390623726695776, "l1": 0.03724627450108528, "kl": 0.00018160982057452202, "memory_allocated_GiB": 0.27367639541625977}
{"step": 4450, "samples": 284800, "pass": 25, "elapsed_train_s": 455.3758485290018, "lr": [8.9737462953185e-05, 8.973746295318499e-06], "loss": 0.038321215137839315, "l1": 0.03633137919008732, "kl": 0.0001989835873246193, "memory_allocated_GiB": 0.27306604385375977}
{"step": 4500, "samples": 288000, "pass": 25, "elapsed_train_s": 459.0351918580018, "lr": [8.945702546981969e-05, 8.94570254698197e-06], "loss": 0.03816861294209957, "l1": 0.03630124911665916, "kl": 0.00018673639744520187, "memory_allocated_GiB": 0.27306604385375977}
{"step": 4550, "samples": 291200, "pass": 25, "elapsed_train_s": 461.77372137600105, "lr": [8.917325856463331e-05, 8.917325856463331e-06], "loss": 0.03802631266415119, "l1": 0.03620261549949646, "kl": 0.0001823697052896023, "memory_allocated_GiB": 0.27367639541625977}
{"step": 4600, "samples": 294400, "pass": 26, "elapsed_train_s": 464.5505578350021, "lr": [8.88861861821507e-05, 8.88861861821507e-06], "loss": 0.037712567150592805, "l1": 0.03601016476750374, "kl": 0.00017024023458361625, "memory_allocated_GiB": 0.27306604385375977}
{"step": 4650, "samples": 297600, "pass": 26, "elapsed_train_s": 466.8134156260021, "lr": [8.859583254581605e-05, 8.859583254581604e-06], "loss": 0.038251978233456614, "l1": 0.036593690291047094, "kl": 0.00016582880169153214, "memory_allocated_GiB": 0.27306604385375977}
{"step": 4700, "samples": 300800, "pass": 26, "elapsed_train_s": 469.0270527900029, "lr": [8.83022221559489e-05, 8.83022221559489e-06], "loss": 0.038287822306156155, "l1": 0.036722082868218424, "kl": 0.00015657395124435425, "memory_allocated_GiB": 0.27367639541625977}
{"step": 4750, "samples": 304000, "pass": 27, "elapsed_train_s": 471.66957886100136, "lr": [8.800537978767682e-05, 8.800537978767683e-06], "loss": 0.03735708393156528, "l1": 0.035620319470763204, "kl": 0.00017367643304169177, "memory_allocated_GiB": 0.27306604385375977}
{"step": 4800, "samples": 307200, "pass": 27, "elapsed_train_s": 473.9862391930001, "lr": [8.770533048884482e-05, 8.770533048884483e-06], "loss": 0.037202511131763455, "l1": 0.03541396051645279, "kl": 0.00017885505221784114, "memory_allocated_GiB": 0.27306604385375977}
{"step": 4850, "samples": 310400, "pass": 27, "elapsed_train_s": 476.3057464400008, "lr": [8.740209957790178e-05, 8.740209957790179e-06], "loss": 0.03751221530139446, "l1": 0.03571135826408863, "kl": 0.0001800856925547123, "memory_allocated_GiB": 0.27367639541625977}
{"step": 4900, "samples": 313600, "pass": 27, "elapsed_train_s": 478.43484523400184, "lr": [8.709571264176409e-05, 8.709571264176408e-06], "loss": 0.03707587450742721, "l1": 0.035447616651654246, "kl": 0.00016282575204968453, "memory_allocated_GiB": 0.27306604385375977}
{"step": 4950, "samples": 316800, "pass": 28, "elapsed_train_s": 481.4103862250013, "lr": [8.678619553365659e-05, 8.67861955336566e-06], "loss": 0.03673218496143818, "l1": 0.03506678134202957, "kl": 0.0001665403973311186, "memory_allocated_GiB": 0.27306604385375977}
{"step": 5000, "samples": 320000, "pass": 28, "elapsed_train_s": 483.8364696750032, "lr": [8.647357437093105e-05, 8.647357437093104e-06], "loss": 0.03667992815375328, "l1": 0.035140014588832855, "kl": 0.0001539913658052683, "memory_allocated_GiB": 0.27367639541625977}
{"step": 5050, "samples": 323200, "pass": 28, "elapsed_train_s": 486.34839572400233, "lr": [8.615787553286234e-05, 8.615787553286235e-06], "loss": 0.03667760878801346, "l1": 0.03515961050987244, "kl": 0.0001517998334020376, "memory_allocated_GiB": 0.27306604385375977}
{"step": 5100, "samples": 326400, "pass": 29, "elapsed_train_s": 489.32755166100105, "lr": [8.583912565842257e-05, 8.583912565842258e-06], "loss": 0.03617486782371998, "l1": 0.034680422320961954, "kl": 0.00014944453723728657, "memory_allocated_GiB": 0.27306604385375977}
{"step": 5150, "samples": 329600, "pass": 29, "elapsed_train_s": 491.9163126810017, "lr": [8.55173516440332e-05, 8.55173516440332e-06], "loss": 0.03641793124377728, "l1": 0.03498896263539791, "kl": 0.00014289685525000094, "memory_allocated_GiB": 0.27367639541625977}
{"step": 5200, "samples": 332800, "pass": 29, "elapsed_train_s": 494.49623675300245, "lr": [8.519258064129558e-05, 8.519258064129559e-06], "loss": 0.03619844876229763, "l1": 0.03459350146353245, "kl": 0.00016049471683800222, "memory_allocated_GiB": 0.27306604385375977}
{"step": 5250, "samples": 336000, "pass": 29, "elapsed_train_s": 496.7642449470004, "lr": [8.486484005469977e-05, 8.486484005469977e-06], "loss": 0.03613427750766277, "l1": 0.03461703114211559, "kl": 0.0001517246291041374, "memory_allocated_GiB": 0.27306604385375977}
{"step": 5300, "samples": 339200, "pass": 30, "elapsed_train_s": 499.81791152799997, "lr": [8.453415753931222e-05, 8.453415753931223e-06], "loss": 0.03559251599013805, "l1": 0.03404011901468038, "kl": 0.00015523971058428287, "memory_allocated_GiB": 0.27367639541625977}
{"step": 5350, "samples": 342400, "pass": 30, "elapsed_train_s": 502.4749700499997, "lr": [8.420056099844216e-05, 8.420056099844216e-06], "loss": 0.03587109357118606, "l1": 0.03430120039731264, "kl": 0.00015698932111263275, "memory_allocated_GiB": 0.27306604385375977}
{"step": 5400, "samples": 345600, "pass": 30, "elapsed_train_s": 504.8924528110001, "lr": [8.386407858128706e-05, 8.386407858128707e-06], "loss": 0.035405765473842624, "l1": 0.03393393032252789, "kl": 0.00014718352816998957, "memory_allocated_GiB": 0.27306604385375977}
DEVELOPMENT {"step": 5400, "summary": {"success_once": {"mean": 1.0, "std": 0.0}, "return": {"mean": 400.3897705078125, "std": 4.864016056060791}, "episode_len": {"mean": 500.0, "std": 0.0}, "reward": {"mean": 0.8007795989990235, "std": 0.009728031834811125}, "last_reward": {"mean": 1.0, "std": 0.0}, "success_at_end": {"mean": 0.95, "std": 0.21794494717703372}}, "stages": {"is_grasped": 20, "is_mug_above_table": 20, "is_mug_contact_rack": 20, "is_obj_placed": 20, "success": 20}}
{"step": 5450, "samples": 348800, "pass": 31, "elapsed_train_s": 647.1835977850023, "lr": [8.352473868055746e-05, 8.352473868055746e-06], "loss": 0.03609576776623726, "l1": 0.034784119576215744, "kl": 0.00013116481713950633, "memory_allocated_GiB": 0.27367639541625977}
{"step": 5500, "samples": 352000, "pass": 31, "elapsed_train_s": 650.9194113560006, "lr": [8.318256993008107e-05, 8.318256993008108e-06], "loss": 0.03537339761853218, "l1": 0.03384743720293045, "kl": 0.00015259603038430213, "memory_allocated_GiB": 0.27306604385375977}
{"step": 5550, "samples": 355200, "pass": 31, "elapsed_train_s": 654.6766171190029, "lr": [8.283760120238672e-05, 8.283760120238672e-06], "loss": 0.03469924598932266, "l1": 0.033154197335243225, "kl": 0.00015450485982000827, "memory_allocated_GiB": 0.27306604385375977}
{"step": 5600, "samples": 358400, "pass": 31, "elapsed_train_s": 657.8514552230008, "lr": [8.2489861606268e-05, 8.2489861606268e-06], "loss": 0.0350530719012022, "l1": 0.03351005673408508, "kl": 0.00015430153347551824, "memory_allocated_GiB": 0.27367639541625977}
{"step": 5650, "samples": 361600, "pass": 32, "elapsed_train_s": 662.3985827970027, "lr": [8.213938048432697e-05, 8.213938048432697e-06], "loss": 0.03533431619405746, "l1": 0.03353442180901766, "kl": 0.00017998943105340003, "memory_allocated_GiB": 0.27306604385375977}
{"step": 5700, "samples": 364800, "pass": 32, "elapsed_train_s": 666.1155611020004, "lr": [8.178618741049842e-05, 8.178618741049841e-06], "loss": 0.03434314779937267, "l1": 0.032815823704004286, "kl": 0.00015273242257535458, "memory_allocated_GiB": 0.27306604385375977}
{"step": 5750, "samples": 368000, "pass": 32, "elapsed_train_s": 669.7690062390029, "lr": [8.14303121875541e-05, 8.143031218755411e-06], "loss": 0.03469786532223225, "l1": 0.03331132683902979, "kl": 0.0001386538427323103, "memory_allocated_GiB": 0.27367639541625977}
{"step": 5800, "samples": 371200, "pass": 33, "elapsed_train_s": 673.8048987220027, "lr": [8.107178484458824e-05, 8.107178484458825e-06], "loss": 0.03499787777662277, "l1": 0.03355614870786667, "kl": 0.0001441729161888361, "memory_allocated_GiB": 0.27306604385375977}
{"step": 5850, "samples": 374400, "pass": 33, "elapsed_train_s": 677.5953572819999, "lr": [8.07106356344834e-05, 8.071063563448341e-06], "loss": 0.03503623314201832, "l1": 0.03338729187846184, "kl": 0.00016489414498209952, "memory_allocated_GiB": 0.27306604385375977}
{"step": 5900, "samples": 377600, "pass": 33, "elapsed_train_s": 681.2077874820025, "lr": [8.034689503135783e-05, 8.034689503135785e-06], "loss": 0.034358346983790394, "l1": 0.03290753576904535, "kl": 0.00014508111402392388, "memory_allocated_GiB": 0.27367639541625977}
{"step": 5950, "samples": 380800, "pass": 33, "elapsed_train_s": 684.4351134880017, "lr": [7.998059372799409e-05, 7.998059372799409e-06], "loss": 0.03402825437486172, "l1": 0.03253238577395678, "kl": 0.00014958687126636504, "memory_allocated_GiB": 0.27306604385375977}
{"step": 6000, "samples": 384000, "pass": 34, "elapsed_train_s": 689.0424368439999, "lr": [7.961176263324901e-05, 7.961176263324902e-06], "loss": 0.03425929255783558, "l1": 0.03295929186046123, "kl": 0.00013000007718801497, "memory_allocated_GiB": 0.27306604385375977}
{"step": 6050, "samples": 387200, "pass": 34, "elapsed_train_s": 692.8152914660022, "lr": [7.924043286944569e-05, 7.92404328694457e-06], "loss": 0.03432467482984066, "l1": 0.03297632142901421, "kl": 0.00013483532704412936, "memory_allocated_GiB": 0.27367639541625977}
{"step": 6100, "samples": 390400, "pass": 34, "elapsed_train_s": 696.5296870640013, "lr": [7.886663576974733e-05, 7.886663576974733e-06], "loss": 0.03417952544987202, "l1": 0.03286065731197595, "kl": 0.00013188683427870274, "memory_allocated_GiB": 0.27306604385375977}
{"step": 6150, "samples": 393600, "pass": 35, "elapsed_train_s": 700.9176760830014, "lr": [7.849040287551331e-05, 7.849040287551331e-06], "loss": 0.033929790891706946, "l1": 0.03268050275743008, "kl": 0.00012492882087826728, "memory_allocated_GiB": 0.27306604385375977}
{"step": 6200, "samples": 396800, "pass": 35, "elapsed_train_s": 704.753400165002, "lr": [7.811176593363772e-05, 7.811176593363771e-06], "loss": 0.03387504376471043, "l1": 0.032633356973528864, "kl": 0.00012416868470609187, "memory_allocated_GiB": 0.27367639541625977}
{"step": 6250, "samples": 400000, "pass": 35, "elapsed_train_s": 708.483725602, "lr": [7.773075689387043e-05, 7.773075689387044e-06], "loss": 0.03355843774974346, "l1": 0.03217397402971983, "kl": 0.00013844636268913745, "memory_allocated_GiB": 0.27306604385375977}
{"step": 6300, "samples": 403200, "pass": 35, "elapsed_train_s": 711.6545689510021, "lr": [7.734740790612136e-05, 7.734740790612137e-06], "loss": 0.033622692115604876, "l1": 0.03235292311757803, "kl": 0.00012697690166532994, "memory_allocated_GiB": 0.27306604385375977}
{"step": 6350, "samples": 406400, "pass": 36, "elapsed_train_s": 716.1331012340015, "lr": [7.69617513177473e-05, 7.696175131774731e-06], "loss": 0.03307208001613617, "l1": 0.031803847774863246, "kl": 0.00012682323344051838, "memory_allocated_GiB": 0.27367639541625977}
{"step": 6400, "samples": 409600, "pass": 36, "elapsed_train_s": 720.0125542590031, "lr": [7.65738196708228e-05, 7.65738196708228e-06], "loss": 0.03303543671965599, "l1": 0.031794245280325414, "kl": 0.00012411916628479958, "memory_allocated_GiB": 0.27306604385375977}
{"step": 6450, "samples": 412800, "pass": 36, "elapsed_train_s": 723.6394615900026, "lr": [7.618364569939391e-05, 7.61836456993939e-06], "loss": 0.03323131777346134, "l1": 0.03201190177351236, "kl": 0.00012194158509373665, "memory_allocated_GiB": 0.27306604385375977}
{"step": 6500, "samples": 416000, "pass": 37, "elapsed_train_s": 727.5490372860004, "lr": [7.579126232671621e-05, 7.579126232671621e-06], "loss": 0.03276010103523731, "l1": 0.03158974461257458, "kl": 0.00011703562922775746, "memory_allocated_GiB": 0.27367639541625977}
{"step": 6550, "samples": 419200, "pass": 37, "elapsed_train_s": 731.3573268630025, "lr": [7.539670266247671e-05, 7.539670266247672e-06], "loss": 0.033627820387482646, "l1": 0.03253831375390291, "kl": 0.00010895068757236004, "memory_allocated_GiB": 0.27306604385375977}
{"step": 6600, "samples": 422400, "pass": 37, "elapsed_train_s": 735.2484212030031, "lr": [7.500000000000001e-05, 7.500000000000001e-06], "loss": 0.03341763518750668, "l1": 0.03226057630032301, "kl": 0.00011570589616894721, "memory_allocated_GiB": 0.27306604385375977}
{"step": 6650, "samples": 425600, "pass": 37, "elapsed_train_s": 738.4361076510031, "lr": [7.460118781343893e-05, 7.460118781343892e-06], "loss": 0.033238989636301994, "l1": 0.03208219163119793, "kl": 0.00011567981913685798, "memory_allocated_GiB": 0.27367639541625977}
{"step": 6700, "samples": 428800, "pass": 38, "elapsed_train_s": 743.2179472820026, "lr": [7.420029975494995e-05, 7.420029975494996e-06], "loss": 0.03213314574211836, "l1": 0.030993339344859122, "kl": 0.00011398062109947204, "memory_allocated_GiB": 0.27306604385375977}
{"step": 6750, "samples": 432000, "pass": 38, "elapsed_train_s": 746.9209118850013, "lr": [7.379736965185368e-05, 7.379736965185369e-06], "loss": 0.03221346523612738, "l1": 0.031099189408123493, "kl": 0.00011142759583890438, "memory_allocated_GiB": 0.27306604385375977}
{"step": 6800, "samples": 435200, "pass": 38, "elapsed_train_s": 750.5095327550007, "lr": [7.33924315037804e-05, 7.33924315037804e-06], "loss": 0.03203614622354507, "l1": 0.030911023169755934, "kl": 0.00011251233518123626, "memory_allocated_GiB": 0.27367639541625977}
{"step": 6850, "samples": 438400, "pass": 39, "elapsed_train_s": 754.2748077680008, "lr": [7.298551947980113e-05, 7.298551947980114e-06], "loss": 0.03184034835547209, "l1": 0.030753225423395633, "kl": 0.00010871226899325848, "memory_allocated_GiB": 0.27306604385375977}
{"step": 6900, "samples": 441600, "pass": 39, "elapsed_train_s": 757.9931661510018, "lr": [7.257666791554448e-05, 7.257666791554448e-06], "loss": 0.032235155776143075, "l1": 0.03111355774104595, "kl": 0.0001121598295867443, "memory_allocated_GiB": 0.27306604385375977}
{"step": 6950, "samples": 444800, "pass": 39, "elapsed_train_s": 761.454805995003, "lr": [7.21659113102993e-05, 7.2165911310299305e-06], "loss": 0.0320863838493824, "l1": 0.031030151657760144, "kl": 0.00010562323965132236, "memory_allocated_GiB": 0.27367639541625977}
{"step": 7000, "samples": 448000, "pass": 39, "elapsed_train_s": 764.7345481040029, "lr": [7.175328432410366e-05, 7.175328432410367e-06], "loss": 0.032459097914397717, "l1": 0.03132852118462324, "kl": 0.00011305766180157662, "memory_allocated_GiB": 0.27306604385375977}
{"step": 7050, "samples": 451200, "pass": 40, "elapsed_train_s": 769.3931830740003, "lr": [7.133882177482019e-05, 7.133882177482019e-06], "loss": 0.0315298130735755, "l1": 0.030507954210042952, "kl": 0.00010218587704002857, "memory_allocated_GiB": 0.27306604385375977}
{"step": 7100, "samples": 454400, "pass": 40, "elapsed_train_s": 773.0711611380029, "lr": [7.092255863519806e-05, 7.092255863519806e-06], "loss": 0.0320188245549798, "l1": 0.030978058241307737, "kl": 0.00010407663881778717, "memory_allocated_GiB": 0.27367639541625977}
{"step": 7150, "samples": 457600, "pass": 40, "elapsed_train_s": 776.640303774002, "lr": [7.050453002992201e-05, 7.050453002992202e-06], "loss": 0.03222032129764557, "l1": 0.031163118332624435, "kl": 0.00010572031140327454, "memory_allocated_GiB": 0.27306604385375977}
{"step": 7200, "samples": 460800, "pass": 41, "elapsed_train_s": 780.8180831240024, "lr": [7.008477123264848e-05, 7.008477123264849e-06], "loss": 0.031321052946150306, "l1": 0.030355229154229165, "kl": 9.658236987888813e-05, "memory_allocated_GiB": 0.27306604385375977}
{"step": 7250, "samples": 464000, "pass": 41, "elapsed_train_s": 784.5649574100025, "lr": [6.966331766302916e-05, 6.966331766302916e-06], "loss": 0.031419517360627654, "l1": 0.03042210455983877, "kl": 9.974126704037189e-05, "memory_allocated_GiB": 0.27367639541625977}
{"step": 7300, "samples": 467200, "pass": 41, "elapsed_train_s": 788.3269493370026, "lr": [6.924020488372229e-05, 6.924020488372229e-06], "loss": 0.03168878383934498, "l1": 0.030705143697559834, "kl": 9.836399927735328e-05, "memory_allocated_GiB": 0.27306604385375977}
{"step": 7350, "samples": 470400, "pass": 41, "elapsed_train_s": 791.6837420560005, "lr": [6.881546859739179e-05, 6.8815468597391785e-06], "loss": 0.03157855313271284, "l1": 0.03061556749045849, "kl": 9.62985772639513e-05, "memory_allocated_GiB": 0.27306604385375977}
{"step": 7400, "samples": 473600, "pass": 42, "elapsed_train_s": 796.2413104270017, "lr": [6.838914464369467e-05, 6.838914464369467e-06], "loss": 0.031172521710395813, "l1": 0.030204358212649822, "kl": 9.681635536253453e-05, "memory_allocated_GiB": 0.27367639541625977}
{"step": 7450, "samples": 476800, "pass": 42, "elapsed_train_s": 800.039019048003, "lr": [6.796126899625688e-05, 6.796126899625688e-06], "loss": 0.031260955668985846, "l1": 0.03029600817710161, "kl": 9.64947510510683e-05, "memory_allocated_GiB": 0.27306604385375977}
{"step": 7500, "samples": 480000, "pass": 42, "elapsed_train_s": 803.6228557840004, "lr": [6.753187775963773e-05, 6.753187775963773e-06], "loss": 0.031131753511726857, "l1": 0.030097829923033715, "kl": 0.00010339235886931419, "memory_allocated_GiB": 0.27306604385375977}
{"step": 7550, "samples": 483200, "pass": 43, "elapsed_train_s": 807.9171058760003, "lr": [6.710100716628344e-05, 6.710100716628345e-06], "loss": 0.031077424809336663, "l1": 0.030084061957895755, "kl": 9.93362721055746e-05, "memory_allocated_GiB": 0.27367639541625977}
{"step": 7600, "samples": 486400, "pass": 43, "elapsed_train_s": 811.9063985110006, "lr": [6.666869357346978e-05, 6.666869357346979e-06], "loss": 0.030548723563551903, "l1": 0.02957970105111599, "kl": 9.690224193036557e-05, "memory_allocated_GiB": 0.27306604385375977}
{"step": 7650, "samples": 489600, "pass": 43, "elapsed_train_s": 815.6521735390015, "lr": [6.623497346023418e-05, 6.6234973460234184e-06], "loss": 0.030973077341914176, "l1": 0.02996452182531357, "kl": 0.00010085554793477059, "memory_allocated_GiB": 0.27306604385375977}
{"step": 7700, "samples": 492800, "pass": 43, "elapsed_train_s": 818.6451781070027, "lr": [6.579988342429763e-05, 6.579988342429764e-06], "loss": 0.03104951497167349, "l1": 0.030120710022747518, "kl": 9.288050234317779e-05, "memory_allocated_GiB": 0.27367639541625977}
{"step": 7750, "samples": 496000, "pass": 44, "elapsed_train_s": 823.062815008001, "lr": [6.536346017897653e-05, 6.5363460178976524e-06], "loss": 0.031164620891213416, "l1": 0.03024805083870888, "kl": 9.16570145636797e-05, "memory_allocated_GiB": 0.27306604385375977}
{"step": 7800, "samples": 499200, "pass": 44, "elapsed_train_s": 826.8893684110008, "lr": [6.492574055008473e-05, 6.492574055008474e-06], "loss": 0.030609623938798906, "l1": 0.02970030851662159, "kl": 9.093153290450573e-05, "memory_allocated_GiB": 0.27306604385375977}
{"step": 7850, "samples": 502400, "pass": 44, "elapsed_train_s": 830.4565554190012, "lr": [6.448676147282625e-05, 6.448676147282624e-06], "loss": 0.030970548391342164, "l1": 0.03008357707411051, "kl": 8.869714103639126e-05, "memory_allocated_GiB": 0.27367639541625977}
{"step": 7900, "samples": 505600, "pass": 45, "elapsed_train_s": 834.2730334059997, "lr": [6.404655998867848e-05, 6.4046559988678485e-06], "loss": 0.030140457116067408, "l1": 0.029236577190458773, "kl": 9.038801304996014e-05, "memory_allocated_GiB": 0.27306604385375977}
{"step": 7950, "samples": 508800, "pass": 45, "elapsed_train_s": 838.0950021050012, "lr": [6.360517324226676e-05, 6.360517324226676e-06], "loss": 0.030341063663363456, "l1": 0.029470506832003595, "kl": 8.705570362508298e-05, "memory_allocated_GiB": 0.27306604385375977}
{"step": 8000, "samples": 512000, "pass": 45, "elapsed_train_s": 841.7595703780025, "lr": [6.316263847822997e-05, 6.3162638478229965e-06], "loss": 0.030130447037518025, "l1": 0.02929074317216873, "kl": 8.397039957344532e-05, "memory_allocated_GiB": 0.27367639541625977}
{"step": 8050, "samples": 515200, "pass": 45, "elapsed_train_s": 844.7282774680025, "lr": [6.271899303807783e-05, 6.271899303807783e-06], "loss": 0.030722521990537644, "l1": 0.02986123763024807, "kl": 8.612842299044132e-05, "memory_allocated_GiB": 0.27306604385375977}
{"step": 8100, "samples": 518400, "pass": 46, "elapsed_train_s": 847.5061141940023, "lr": [6.227427435703997e-05, 6.227427435703997e-06], "loss": 0.030049909800291062, "l1": 0.029203256107866764, "kl": 8.466536179184914e-05, "memory_allocated_GiB": 0.27306604385375977}
{"step": 8150, "samples": 521600, "pass": 46, "elapsed_train_s": 849.8226651860023, "lr": [6.182851996090713e-05, 6.182851996090713e-06], "loss": 0.03001892052590847, "l1": 0.029210276864469052, "kl": 8.086437359452248e-05, "memory_allocated_GiB": 0.27367639541625977}
{"step": 8200, "samples": 524800, "pass": 46, "elapsed_train_s": 852.1387986380032, "lr": [6.138176746286468e-05, 6.138176746286468e-06], "loss": 0.03018269918859005, "l1": 0.02935011189430952, "kl": 8.32587294280529e-05, "memory_allocated_GiB": 0.27306604385375977}
{"step": 8250, "samples": 528000, "pass": 47, "elapsed_train_s": 854.7490417100016, "lr": [6.09340545603188e-05, 6.09340545603188e-06], "loss": 0.03058071468025446, "l1": 0.029810861609876158, "kl": 7.698528468608857e-05, "memory_allocated_GiB": 0.27306604385375977}
{"step": 8300, "samples": 531200, "pass": 47, "elapsed_train_s": 857.0274972810003, "lr": [6.0485419031715516e-05, 6.048541903171552e-06], "loss": 0.030066082887351513, "l1": 0.029310765825212002, "kl": 7.553170435130596e-05, "memory_allocated_GiB": 0.27367639541625977}
{"step": 8350, "samples": 534400, "pass": 47, "elapsed_train_s": 859.2727691740001, "lr": [6.003589873335296e-05, 6.003589873335296e-06], "loss": 0.02996502421796322, "l1": 0.029139552414417267, "kl": 8.254718966782093e-05, "memory_allocated_GiB": 0.27306604385375977}
{"step": 8400, "samples": 537600, "pass": 47, "elapsed_train_s": 861.4554586290033, "lr": [5.958553159618693e-05, 5.958553159618693e-06], "loss": 0.029767177626490594, "l1": 0.028911182060837745, "kl": 8.559954352676868e-05, "memory_allocated_GiB": 0.27306604385375977}
{"step": 8450, "samples": 540800, "pass": 48, "elapsed_train_s": 864.4257134070031, "lr": [5.9134355622630356e-05, 5.913435562263036e-06], "loss": 0.029542854987084866, "l1": 0.02874513726681471, "kl": 7.977176457643509e-05, "memory_allocated_GiB": 0.27367639541625977}
{"step": 8500, "samples": 544000, "pass": 48, "elapsed_train_s": 866.8359133070007, "lr": [5.868240888334653e-05, 5.8682408883346535e-06], "loss": 0.029757018387317657, "l1": 0.028990453965961935, "kl": 7.66564253717661e-05, "memory_allocated_GiB": 0.27306604385375977}
{"step": 8550, "samples": 547200, "pass": 48, "elapsed_train_s": 869.2252714950009, "lr": [5.8229729514036705e-05, 5.82297295140367e-06], "loss": 0.02975138995796442, "l1": 0.0289632773026824, "kl": 7.88112636655569e-05, "memory_allocated_GiB": 0.27306604385375977}
{"step": 8600, "samples": 550400, "pass": 49, "elapsed_train_s": 872.1692628170022, "lr": [5.7776355712222166e-05, 5.7776355712222165e-06], "loss": 0.029459174796938895, "l1": 0.02863485671579838, "kl": 8.243179880082607e-05, "memory_allocated_GiB": 0.27367639541625977}
{"step": 8650, "samples": 553600, "pass": 49, "elapsed_train_s": 874.7671012050014, "lr": [5.7322325734021086e-05, 5.732232573402109e-06], "loss": 0.029622954204678534, "l1": 0.028850651904940607, "kl": 7.723023183643818e-05, "memory_allocated_GiB": 0.27306604385375977}
{"step": 8700, "samples": 556800, "pass": 49, "elapsed_train_s": 877.3373862389999, "lr": [5.686767789092041e-05, 5.686767789092041e-06], "loss": 0.029498862996697427, "l1": 0.02869787026196718, "kl": 8.009928278625011e-05, "memory_allocated_GiB": 0.27306604385375977}
{"step": 8750, "samples": 560000, "pass": 49, "elapsed_train_s": 879.6131069340008, "lr": [5.641245054654316e-05, 5.6412450546543165e-06], "loss": 0.029252514243125916, "l1": 0.02847659546881914, "kl": 7.759186439216137e-05, "memory_allocated_GiB": 0.27367639541625977}
{"step": 8800, "samples": 563200, "pass": 50, "elapsed_train_s": 882.6557768880011, "lr": [5.595668211341118e-05, 5.5956682113411184e-06], "loss": 0.02912604857236147, "l1": 0.028384452387690544, "kl": 7.415962405502796e-05, "memory_allocated_GiB": 0.27306604385375977}
{"step": 8850, "samples": 566400, "pass": 50, "elapsed_train_s": 885.2671275200009, "lr": [5.550041104970397e-05, 5.550041104970398e-06], "loss": 0.028996505402028562, "l1": 0.028230726607143878, "kl": 7.657788693904877e-05, "memory_allocated_GiB": 0.27306604385375977}
{"step": 8900, "samples": 569600, "pass": 50, "elapsed_train_s": 887.7424081060017, "lr": [5.504367585601342e-05, 5.504367585601342e-06], "loss": 0.02923435252159834, "l1": 0.028402137234807015, "kl": 8.322153240442276e-05, "memory_allocated_GiB": 0.27367639541625977}
{"step": 8950, "samples": 572800, "pass": 51, "elapsed_train_s": 890.6642500670023, "lr": [5.458651507209518e-05, 5.458651507209518e-06], "loss": 0.028771406635642052, "l1": 0.02802974443882704, "kl": 7.41662085056305e-05, "memory_allocated_GiB": 0.27306604385375977}
{"step": 9000, "samples": 576000, "pass": 51, "elapsed_train_s": 893.3718707840017, "lr": [5.4128967273616625e-05, 5.412896727361663e-06], "loss": 0.028933699503540994, "l1": 0.02818761557340622, "kl": 7.460840046405793e-05, "memory_allocated_GiB": 0.27306604385375977}
DEVELOPMENT {"step": 9000, "summary": {"success_once": {"mean": 1.0, "std": 0.0}, "return": {"mean": 403.11517333984375, "std": 6.492209434509277}, "episode_len": {"mean": 500.0, "std": 0.0}, "reward": {"mean": 0.8062303253173828, "std": 0.012984418845838216}, "last_reward": {"mean": 1.0, "std": 0.0}, "success_at_end": {"mean": 0.95, "std": 0.21794494717703372}}, "stages": {"is_grasped": 20, "is_mug_above_table": 20, "is_mug_contact_rack": 20, "is_obj_placed": 20, "success": 20}}
{"step": 9050, "samples": 579200, "pass": 51, "elapsed_train_s": 1033.6275302240028, "lr": [5.367107106890177e-05, 5.367107106890177e-06], "loss": 0.02889897979795933, "l1": 0.028144447356462477, "kl": 7.545324042439461e-05, "memory_allocated_GiB": 0.27367639541625977}
{"step": 9100, "samples": 582400, "pass": 51, "elapsed_train_s": 1036.9030123789998, "lr": [5.3212865095673514e-05, 5.321286509567351e-06], "loss": 0.029162262752652168, "l1": 0.02843508344143629, "kl": 7.271790876984596e-05, "memory_allocated_GiB": 0.27306604385375977}
{"step": 9150, "samples": 585600, "pass": 52, "elapsed_train_s": 1041.656226657, "lr": [5.2754388017793274e-05, 5.275438801779328e-06], "loss": 0.02905134577304125, "l1": 0.02833138305693865, "kl": 7.199626415967941e-05, "memory_allocated_GiB": 0.27306604385375977}
{"step": 9200, "samples": 588800, "pass": 52, "elapsed_train_s": 1045.4982299710027, "lr": [5.229567852199859e-05, 5.22956785219986e-06], "loss": 0.028619840331375598, "l1": 0.02789212539792061, "kl": 7.277149707078934e-05, "memory_allocated_GiB": 0.27367639541625977}
{"step": 9250, "samples": 592000, "pass": 52, "elapsed_train_s": 1049.0848449229998, "lr": [5.183677531463863e-05, 5.183677531463863e-06], "loss": 0.028462034910917283, "l1": 0.027729809954762458, "kl": 7.322249934077263e-05, "memory_allocated_GiB": 0.27306604385375977}
{"step": 9300, "samples": 595200, "pass": 53, "elapsed_train_s": 1053.5084931170022, "lr": [5.1377717118408105e-05, 5.137771711840811e-06], "loss": 0.02833604849874973, "l1": 0.027602743916213514, "kl": 7.333047688007355e-05, "memory_allocated_GiB": 0.27306604385375977}
{"step": 9350, "samples": 598400, "pass": 53, "elapsed_train_s": 1057.3908445180023, "lr": [5.091854266907987e-05, 5.091854266907987e-06], "loss": 0.028451207354664804, "l1": 0.027714872732758522, "kl": 7.363345474004746e-05, "memory_allocated_GiB": 0.27367639541625977}
{"step": 9400, "samples": 601600, "pass": 53, "elapsed_train_s": 1060.942195587002, "lr": [5.0459290712236326e-05, 5.045929071223633e-06], "loss": 0.028467320688068867, "l1": 0.027749950774013998, "kl": 7.173700258135796e-05, "memory_allocated_GiB": 0.27306604385375977}
{"step": 9450, "samples": 604800, "pass": 53, "elapsed_train_s": 1063.765058885001, "lr": [5e-05, 5e-06], "loss": 0.028504190742969514, "l1": 0.027765543088316916, "kl": 7.38647859543562e-05, "memory_allocated_GiB": 0.27306604385375977}
{"step": 9500, "samples": 608000, "pass": 54, "elapsed_train_s": 1068.1796843500015, "lr": [4.9540709287763685e-05, 4.9540709287763685e-06], "loss": 0.02879218626767397, "l1": 0.02809893000870943, "kl": 6.932562217116357e-05, "memory_allocated_GiB": 0.27367639541625977}
{"step": 9550, "samples": 611200, "pass": 54, "elapsed_train_s": 1072.0365966950012, "lr": [4.908145733092013e-05, 4.908145733092013e-06], "loss": 0.028214127160608768, "l1": 0.02754151586443186, "kl": 6.726112216711044e-05, "memory_allocated_GiB": 0.27306604385375977}
{"step": 9600, "samples": 614400, "pass": 54, "elapsed_train_s": 1075.641317634003, "lr": [4.8622282881591906e-05, 4.862228288159191e-06], "loss": 0.028282166980206965, "l1": 0.027586545944213867, "kl": 6.956210359930993e-05, "memory_allocated_GiB": 0.27306604385375977}
{"step": 9650, "samples": 617600, "pass": 55, "elapsed_train_s": 1079.1572563280024, "lr": [4.816322468536139e-05, 4.8163224685361385e-06], "loss": 0.02844831418246031, "l1": 0.027799063734710215, "kl": 6.49250391870737e-05, "memory_allocated_GiB": 0.27367639541625977}
{"step": 9700, "samples": 620800, "pass": 55, "elapsed_train_s": 1082.8877032650016, "lr": [4.7704321478001415e-05, 4.770432147800141e-06], "loss": 0.028379963748157024, "l1": 0.02772142570465803, "kl": 6.585380062460899e-05, "memory_allocated_GiB": 0.27306604385375977}
{"step": 9750, "samples": 624000, "pass": 55, "elapsed_train_s": 1086.5210669780026, "lr": [4.7245611982206724e-05, 4.724561198220672e-06], "loss": 0.02815423224121332, "l1": 0.027510540261864662, "kl": 6.43692072480917e-05, "memory_allocated_GiB": 0.27306604385375977}
{"step": 9800, "samples": 627200, "pass": 55, "elapsed_train_s": 1089.7858596160004, "lr": [4.6787134904326504e-05, 4.67871349043265e-06], "loss": 0.02811666652560234, "l1": 0.027494152821600438, "kl": 6.22513797134161e-05, "memory_allocated_GiB": 0.27367639541625977}
{"step": 9850, "samples": 630400, "pass": 56, "elapsed_train_s": 1094.5318661730016, "lr": [4.6328928931098236e-05, 4.632892893109823e-06], "loss": 0.028285042978823186, "l1": 0.027616450637578963, "kl": 6.685922853648663e-05, "memory_allocated_GiB": 0.27306604385375977}
{"step": 9900, "samples": 633600, "pass": 56, "elapsed_train_s": 1098.2503815060008, "lr": [4.5871032726383386e-05, 4.587103272638339e-06], "loss": 0.02752222612500191, "l1": 0.026877784691751002, "kl": 6.444413214921951e-05, "memory_allocated_GiB": 0.27306604385375977}
{"step": 9950, "samples": 636800, "pass": 56, "elapsed_train_s": 1101.878196036003, "lr": [4.541348492790482e-05, 4.541348492790482e-06], "loss": 0.02780957791954279, "l1": 0.027141158170998096, "kl": 6.684198044240475e-05, "memory_allocated_GiB": 0.27367639541625977}
{"step": 10000, "samples": 640000, "pass": 57, "elapsed_train_s": 1106.3228798920027, "lr": [4.4956324143986596e-05, 4.495632414398659e-06], "loss": 0.027547778338193895, "l1": 0.026922437101602553, "kl": 6.253411993384361e-05, "memory_allocated_GiB": 0.27306604385375977}
{"step": 10050, "samples": 643200, "pass": 57, "elapsed_train_s": 1110.166918883002, "lr": [4.449958895029604e-05, 4.449958895029604e-06], "loss": 0.027443794906139372, "l1": 0.026816082671284675, "kl": 6.277123466134072e-05, "memory_allocated_GiB": 0.27306604385375977}
{"step": 10100, "samples": 646400, "pass": 57, "elapsed_train_s": 1113.9290483500008, "lr": [4.404331788658882e-05, 4.404331788658882e-06], "loss": 0.027850835509598257, "l1": 0.027211897373199463, "kl": 6.389381363987923e-05, "memory_allocated_GiB": 0.27367639541625977}
{"step": 10150, "samples": 649600, "pass": 57, "elapsed_train_s": 1117.1444968920005, "lr": [4.358754945345684e-05, 4.358754945345684e-06], "loss": 0.027498990185558795, "l1": 0.026860976330935954, "kl": 6.380138918757439e-05, "memory_allocated_GiB": 0.27306604385375977}
{"step": 10200, "samples": 652800, "pass": 58, "elapsed_train_s": 1121.6108821510024, "lr": [4.3132322109079596e-05, 4.313232210907959e-06], "loss": 0.02737561419606209, "l1": 0.026759179905056954, "kl": 6.164343096315861e-05, "memory_allocated_GiB": 0.27306604385375977}
{"step": 10250, "samples": 656000, "pass": 58, "elapsed_train_s": 1125.2716020980006, "lr": [4.267767426597893e-05, 4.267767426597893e-06], "loss": 0.0276717022806406, "l1": 0.02704457350075245, "kl": 6.271286867558955e-05, "memory_allocated_GiB": 0.27367639541625977}
{"step": 10300, "samples": 659200, "pass": 58, "elapsed_train_s": 1128.732096773001, "lr": [4.222364428777786e-05, 4.222364428777786e-06], "loss": 0.02727706406265497, "l1": 0.026628280729055404, "kl": 6.487835198640824e-05, "memory_allocated_GiB": 0.27306604385375977}
{"step": 10350, "samples": 662400, "pass": 59, "elapsed_train_s": 1132.7216075670003, "lr": [4.17702704859633e-05, 4.17702704859633e-06], "loss": 0.027593639269471167, "l1": 0.026974515654146672, "kl": 6.191236898303031e-05, "memory_allocated_GiB": 0.27306604385375977}
{"step": 10400, "samples": 665600, "pass": 59, "elapsed_train_s": 1136.6193834790029, "lr": [4.131759111665349e-05, 4.131759111665349e-06], "loss": 0.027545476555824278, "l1": 0.026911094933748245, "kl": 6.343817338347435e-05, "memory_allocated_GiB": 0.27367639541625977}
{"step": 10450, "samples": 668800, "pass": 59, "elapsed_train_s": 1140.3019181279997, "lr": [4.086564437736966e-05, 4.0865644377369666e-06], "loss": 0.027487197183072565, "l1": 0.026882015466690064, "kl": 6.051817908883095e-05, "memory_allocated_GiB": 0.27306604385375977}
{"step": 10500, "samples": 672000, "pass": 59, "elapsed_train_s": 1143.4068202730014, "lr": [4.0414468403813095e-05, 4.041446840381309e-06], "loss": 0.027260161750018597, "l1": 0.026642079651355743, "kl": 6.180820986628532e-05, "memory_allocated_GiB": 0.27306604385375977}
{"step": 10550, "samples": 675200, "pass": 60, "elapsed_train_s": 1147.828515299003, "lr": [3.9964101266647044e-05, 3.996410126664705e-06], "loss": 0.02723520841449499, "l1": 0.026621639281511306, "kl": 6.135690025985241e-05, "memory_allocated_GiB": 0.27367639541625977}
{"step": 10600, "samples": 678400, "pass": 60, "elapsed_train_s": 1151.5636982700016, "lr": [3.951458096828449e-05, 3.951458096828449e-06], "loss": 0.02749115791171789, "l1": 0.026879237554967402, "kl": 6.119203753769397e-05, "memory_allocated_GiB": 0.27306604385375977}
{"step": 10650, "samples": 681600, "pass": 60, "elapsed_train_s": 1155.1065632600003, "lr": [3.9065945439681214e-05, 3.906594543968122e-06], "loss": 0.02792923551052809, "l1": 0.02732206616550684, "kl": 6.0716932639479635e-05, "memory_allocated_GiB": 0.27306604385375977}
{"step": 10700, "samples": 684800, "pass": 61, "elapsed_train_s": 1159.070863109002, "lr": [3.861823253713535e-05, 3.861823253713535e-06], "loss": 0.02696570511907339, "l1": 0.026395941488444805, "kl": 5.697636865079403e-05, "memory_allocated_GiB": 0.27367639541625977}
{"step": 10750, "samples": 688000, "pass": 61, "elapsed_train_s": 1162.8227381200013, "lr": [3.817148003909288e-05, 3.817148003909288e-06], "loss": 0.02699168797582388, "l1": 0.026410705149173735, "kl": 5.809828639030456e-05, "memory_allocated_GiB": 0.27306604385375977}
{"step": 10800, "samples": 691200, "pass": 61, "elapsed_train_s": 1166.595817622001, "lr": [3.772572564296005e-05, 3.7725725642960047e-06], "loss": 0.027168161049485207, "l1": 0.02654810290783644, "kl": 6.200579926371575e-05, "memory_allocated_GiB": 0.27306604385375977}
{"step": 10850, "samples": 694400, "pass": 61, "elapsed_train_s": 1169.937598851, "lr": [3.728100696192218e-05, 3.7281006961922184e-06], "loss": 0.027253458686172963, "l1": 0.026686237677931785, "kl": 5.672208964824676e-05, "memory_allocated_GiB": 0.27367639541625977}
{"step": 10900, "samples": 697600, "pass": 62, "elapsed_train_s": 1174.516674354003, "lr": [3.683736152177005e-05, 3.6837361521770056e-06], "loss": 0.026863246634602548, "l1": 0.02626915980130434, "kl": 5.940867587924004e-05, "memory_allocated_GiB": 0.27306604385375977}
{"step": 10950, "samples": 700800, "pass": 62, "elapsed_train_s": 1178.3363786360023, "lr": [3.639482675773324e-05, 3.639482675773324e-06], "loss": 0.02693402972072363, "l1": 0.026314686089754104, "kl": 6.193436682224274e-05, "memory_allocated_GiB": 0.27306604385375977}
{"step": 11000, "samples": 704000, "pass": 62, "elapsed_train_s": 1182.0260617760032, "lr": [3.595344001132154e-05, 3.595344001132154e-06], "loss": 0.02694404501467943, "l1": 0.026365024968981743, "kl": 5.79020194709301e-05, "memory_allocated_GiB": 0.27367639541625977}
{"step": 11050, "samples": 707200, "pass": 63, "elapsed_train_s": 1186.223747461001, "lr": [3.551323852717378e-05, 3.5513238527173775e-06], "loss": 0.02703316893428564, "l1": 0.026465573757886888, "kl": 5.675952881574631e-05, "memory_allocated_GiB": 0.27306604385375977}
{"step": 11100, "samples": 710400, "pass": 63, "elapsed_train_s": 1189.940194136001, "lr": [3.5074259449915284e-05, 3.507425944991529e-06], "loss": 0.026735984086990357, "l1": 0.026171540319919587, "kl": 5.644438788294792e-05, "memory_allocated_GiB": 0.27306604385375977}
{"step": 11150, "samples": 713600, "pass": 63, "elapsed_train_s": 1193.736776048001, "lr": [3.463653982102347e-05, 3.4636539821023475e-06], "loss": 0.02694337572902441, "l1": 0.026338481903076173, "kl": 6.048939190804958e-05, "memory_allocated_GiB": 0.27367639541625977}
{"step": 11200, "samples": 716800, "pass": 63, "elapsed_train_s": 1196.9189036429998, "lr": [3.420011657570238e-05, 3.420011657570238e-06], "loss": 0.02689134646207094, "l1": 0.026329067051410675, "kl": 5.622792989015579e-05, "memory_allocated_GiB": 0.27306604385375977}
{"step": 11250, "samples": 720000, "pass": 64, "elapsed_train_s": 1201.215407810003, "lr": [3.3765026539765834e-05, 3.3765026539765832e-06], "loss": 0.026751187182962894, "l1": 0.026168126575648785, "kl": 5.8306055143475534e-05, "memory_allocated_GiB": 0.27306604385375977}
{"step": 11300, "samples": 723200, "pass": 64, "elapsed_train_s": 1205.057317404, "lr": [3.333130642653024e-05, 3.333130642653024e-06], "loss": 0.026546447947621347, "l1": 0.02599961668252945, "kl": 5.4683126509189604e-05, "memory_allocated_GiB": 0.27367639541625977}
{"step": 11350, "samples": 726400, "pass": 64, "elapsed_train_s": 1208.6393190830022, "lr": [3.289899283371657e-05, 3.289899283371657e-06], "loss": 0.02654601663351059, "l1": 0.025997344069182873, "kl": 5.486725829541683e-05, "memory_allocated_GiB": 0.27306604385375977}
{"step": 11400, "samples": 729600, "pass": 65, "elapsed_train_s": 1212.5955867890007, "lr": [3.2468122240362284e-05, 3.2468122240362287e-06], "loss": 0.027027052417397498, "l1": 0.02648399703204632, "kl": 5.4305559024214746e-05, "memory_allocated_GiB": 0.27306604385375977}
{"step": 11450, "samples": 732800, "pass": 65, "elapsed_train_s": 1216.4117777060019, "lr": [3.203873100374314e-05, 3.203873100374314e-06], "loss": 0.026364983916282655, "l1": 0.025853022933006287, "kl": 5.119609646499157e-05, "memory_allocated_GiB": 0.27367639541625977}
{"step": 11500, "samples": 736000, "pass": 65, "elapsed_train_s": 1220.296905164003, "lr": [3.1610855356305354e-05, 3.1610855356305354e-06], "loss": 0.026386270858347417, "l1": 0.025842020735144616, "kl": 5.442501977086067e-05, "memory_allocated_GiB": 0.27306604385375977}
{"step": 11550, "samples": 739200, "pass": 65, "elapsed_train_s": 1223.282358563003, "lr": [3.118453140260823e-05, 3.118453140260823e-06], "loss": 0.02642708983272314, "l1": 0.02594904612749815, "kl": 4.780435934662819e-05, "memory_allocated_GiB": 0.27306604385375977}
{"step": 11600, "samples": 742400, "pass": 66, "elapsed_train_s": 1227.6094143709997, "lr": [3.0759795116277725e-05, 3.0759795116277723e-06], "loss": 0.02635276235640049, "l1": 0.02583629745990038, "kl": 5.164648406207561e-05, "memory_allocated_GiB": 0.27367639541625977}
{"step": 11650, "samples": 745600, "pass": 66, "elapsed_train_s": 1231.4070429109997, "lr": [3.0336682336970846e-05, 3.0336682336970845e-06], "loss": 0.02653913028538227, "l1": 0.025986909084022045, "kl": 5.522212944924831e-05, "memory_allocated_GiB": 0.27306604385375977}
{"step": 11700, "samples": 748800, "pass": 66, "elapsed_train_s": 1235.052485008, "lr": [2.991522876735154e-05, 2.991522876735154e-06], "loss": 0.026045981012284756, "l1": 0.025562982894480227, "kl": 4.829980432987213e-05, "memory_allocated_GiB": 0.27306604385375977}
{"step": 11750, "samples": 752000, "pass": 67, "elapsed_train_s": 1238.8484780910003, "lr": [2.9495469970078e-05, 2.9495469970078e-06], "loss": 0.02635048232972622, "l1": 0.025862407758831977, "kl": 4.880745895206928e-05, "memory_allocated_GiB": 0.27367639541625977}
{"step": 11800, "samples": 755200, "pass": 67, "elapsed_train_s": 1242.9684354460005, "lr": [2.9077441364801938e-05, 2.907744136480194e-06], "loss": 0.02621887169778347, "l1": 0.02570949271321297, "kl": 5.0937896594405176e-05, "memory_allocated_GiB": 0.27306604385375977}
{"step": 11850, "samples": 758400, "pass": 67, "elapsed_train_s": 1246.7957236690017, "lr": [2.866117822517982e-05, 2.866117822517982e-06], "loss": 0.026564637832343578, "l1": 0.02607233639806509, "kl": 4.923013970255852e-05, "memory_allocated_GiB": 0.27306604385375977}
{"step": 11900, "samples": 761600, "pass": 67, "elapsed_train_s": 1249.9299596150013, "lr": [2.824671567589635e-05, 2.8246715675896354e-06], "loss": 0.02620129145681858, "l1": 0.02572323527187109, "kl": 4.7805635258555416e-05, "memory_allocated_GiB": 0.27367639541625977}
{"step": 11950, "samples": 764800, "pass": 68, "elapsed_train_s": 1254.6352031250026, "lr": [2.783408868970071e-05, 2.783408868970071e-06], "loss": 0.02612167350947857, "l1": 0.02564659181982279, "kl": 4.750817082822323e-05, "memory_allocated_GiB": 0.27306604385375977}
{"step": 12000, "samples": 768000, "pass": 68, "elapsed_train_s": 1258.0898856680033, "lr": [2.7423332084455544e-05, 2.7423332084455543e-06], "loss": 0.02643979299813509, "l1": 0.025951293297111988, "kl": 4.884998314082622e-05, "memory_allocated_GiB": 0.27306604385375977}
{"step": 12050, "samples": 771200, "pass": 68, "elapsed_train_s": 1261.5439679120027, "lr": [2.701448052019888e-05, 2.7014480520198882e-06], "loss": 0.026138950623571872, "l1": 0.0256490433588624, "kl": 4.8990724608302116e-05, "memory_allocated_GiB": 0.27367639541625977}
{"step": 12100, "samples": 774400, "pass": 69, "elapsed_train_s": 1265.1988308370019, "lr": [2.660756849621962e-05, 2.660756849621962e-06], "loss": 0.026205222494900225, "l1": 0.025757353045046328, "kl": 4.478694871068001e-05, "memory_allocated_GiB": 0.27306604385375977}
{"step": 12150, "samples": 777600, "pass": 69, "elapsed_train_s": 1268.7867698890004, "lr": [2.6202630348146324e-05, 2.6202630348146323e-06], "loss": 0.026027708277106286, "l1": 0.025555430464446544, "kl": 4.722779616713524e-05, "memory_allocated_GiB": 0.27306604385375977}
{"step": 12200, "samples": 780800, "pass": 69, "elapsed_train_s": 1272.255685643002, "lr": [2.5799700245050074e-05, 2.5799700245050074e-06], "loss": 0.02620250150561333, "l1": 0.025742799676954746, "kl": 4.597017541527748e-05, "memory_allocated_GiB": 0.27367639541625977}
{"step": 12250, "samples": 784000, "pass": 69, "elapsed_train_s": 1275.2951423920022, "lr": [2.5398812186561095e-05, 2.5398812186561095e-06], "loss": 0.02620323099195957, "l1": 0.025697323232889174, "kl": 5.059077404439449e-05, "memory_allocated_GiB": 0.27306604385375977}
{"step": 12300, "samples": 787200, "pass": 70, "elapsed_train_s": 1279.713634742002, "lr": [2.500000000000001e-05, 2.5000000000000015e-06], "loss": 0.026077851243317126, "l1": 0.025533823147416115, "kl": 5.440280772745609e-05, "memory_allocated_GiB": 0.27306604385375977}
{"step": 12350, "samples": 790400, "pass": 70, "elapsed_train_s": 1283.287024612, "lr": [2.4603297337523294e-05, 2.4603297337523297e-06], "loss": 0.026026477739214897, "l1": 0.025544342137873172, "kl": 4.821354523301125e-05, "memory_allocated_GiB": 0.27367639541625977}
{"step": 12400, "samples": 793600, "pass": 70, "elapsed_train_s": 1286.7626892280023, "lr": [2.4208737673283815e-05, 2.4208737673283818e-06], "loss": 0.0260788032412529, "l1": 0.025574211888015272, "kl": 5.04591315984726e-05, "memory_allocated_GiB": 0.27306604385375977}
{"step": 12450, "samples": 796800, "pass": 71, "elapsed_train_s": 1290.6581220020016, "lr": [2.381635430060611e-05, 2.381635430060611e-06], "loss": 0.026233990266919135, "l1": 0.025731607638299465, "kl": 5.0238249823451045e-05, "memory_allocated_GiB": 0.27306604385375977}
{"step": 12500, "samples": 800000, "pass": 71, "elapsed_train_s": 1294.2028513490004, "lr": [2.3426180329177215e-05, 2.3426180329177217e-06], "loss": 0.025799225680530072, "l1": 0.02533007327467203, "kl": 4.6915244311094285e-05, "memory_allocated_GiB": 0.27367639541625977}
{"step": 12550, "samples": 803200, "pass": 71, "elapsed_train_s": 1297.6993120190018, "lr": [2.3038248682252693e-05, 2.3038248682252695e-06], "loss": 0.025945520401000975, "l1": 0.02550727654248476, "kl": 4.382438957691193e-05, "memory_allocated_GiB": 0.27306604385375977}
{"step": 12600, "samples": 806400, "pass": 71, "elapsed_train_s": 1300.8425434840028, "lr": [2.2652592093878666e-05, 2.265259209387867e-06], "loss": 0.02579737551510334, "l1": 0.02536020878702402, "kl": 4.371666349470616e-05, "memory_allocated_GiB": 0.27306604385375977}
DEVELOPMENT {"step": 12600, "summary": {"success_once": {"mean": 1.0, "std": 0.0}, "return": {"mean": 405.6015930175781, "std": 5.460027694702148}, "episode_len": {"mean": 500.0, "std": 0.0}, "reward": {"mean": 0.8112032287597657, "std": 0.010920055765671177}, "last_reward": {"mean": 1.0, "std": 0.0}, "success_at_end": {"mean": 0.95, "std": 0.21794494717703372}}, "stages": {"is_grasped": 20, "is_mug_above_table": 20, "is_mug_contact_rack": 20, "is_obj_placed": 20, "success": 20}}
{"step": 12650, "samples": 809600, "pass": 72, "elapsed_train_s": 1389.4845945300003, "lr": [2.226924310612956e-05, 2.2269243106129563e-06], "loss": 0.025877068936824798, "l1": 0.02544479914009571, "kl": 4.3226992711424825e-05, "memory_allocated_GiB": 0.27367639541625977}
{"step": 12700, "samples": 812800, "pass": 72, "elapsed_train_s": 1391.6447097540004, "lr": [2.1888234066362302e-05, 2.1888234066362303e-06], "loss": 0.02567683771252632, "l1": 0.025259165018796922, "kl": 4.1767284274101256e-05, "memory_allocated_GiB": 0.27306604385375977}
{"step": 12750, "samples": 816000, "pass": 72, "elapsed_train_s": 1393.7861584210004, "lr": [2.150959712448669e-05, 2.1509597124486693e-06], "loss": 0.02569641824811697, "l1": 0.025281969979405402, "kl": 4.1444823145866395e-05, "memory_allocated_GiB": 0.27306604385375977}
{"step": 12800, "samples": 819200, "pass": 73, "elapsed_train_s": 1396.3966153729998, "lr": [2.1133364230252688e-05, 2.113336423025269e-06], "loss": 0.025686364099383355, "l1": 0.025264793038368226, "kl": 4.215708933770657e-05, "memory_allocated_GiB": 0.27367639541625977}
{"step": 12850, "samples": 822400, "pass": 73, "elapsed_train_s": 1398.729431494001, "lr": [2.075956713055432e-05, 2.075956713055432e-06], "loss": 0.02531429931521416, "l1": 0.02488223049789667, "kl": 4.320688545703888e-05, "memory_allocated_GiB": 0.27306604385375977}
{"step": 12900, "samples": 825600, "pass": 73, "elapsed_train_s": 1401.041201021002, "lr": [2.0388237366751006e-05, 2.0388237366751005e-06], "loss": 0.025334026366472244, "l1": 0.024927719421684744, "kl": 4.0630688890814784e-05, "memory_allocated_GiB": 0.27306604385375977}
{"step": 12950, "samples": 828800, "pass": 73, "elapsed_train_s": 1403.1475777440028, "lr": [2.0019406272005915e-05, 2.0019406272005913e-06], "loss": 0.025535187274217604, "l1": 0.025104876905679703, "kl": 4.3031033128499986e-05, "memory_allocated_GiB": 0.27367639541625977}
{"step": 13000, "samples": 832000, "pass": 74, "elapsed_train_s": 1406.3434065210022, "lr": [1.9653104968642173e-05, 1.965310496864217e-06], "loss": 0.025480909273028374, "l1": 0.02504198983311653, "kl": 4.389192909002304e-05, "memory_allocated_GiB": 0.27306604385375977}
{"step": 13050, "samples": 835200, "pass": 74, "elapsed_train_s": 1408.776378183, "lr": [1.928936436551661e-05, 1.928936436551661e-06], "loss": 0.025251642279326917, "l1": 0.024849074669182302, "kl": 4.025678150355816e-05, "memory_allocated_GiB": 0.27306604385375977}
{"step": 13100, "samples": 838400, "pass": 74, "elapsed_train_s": 1411.2285742290005, "lr": [1.8928215155411773e-05, 1.8928215155411773e-06], "loss": 0.02570136286318302, "l1": 0.025302283316850662, "kl": 3.9907973259687424e-05, "memory_allocated_GiB": 0.27367639541625977}
{"step": 13150, "samples": 841600, "pass": 75, "elapsed_train_s": 1414.0073377340013, "lr": [1.8569687812445896e-05, 1.8569687812445898e-06], "loss": 0.025368815287947655, "l1": 0.024972221292555333, "kl": 3.9659393951296804e-05, "memory_allocated_GiB": 0.27306604385375977}
{"step": 13200, "samples": 844800, "pass": 75, "elapsed_train_s": 1416.5308710190002, "lr": [1.821381258950161e-05, 1.8213812589501611e-06], "loss": 0.02538333561271429, "l1": 0.024989076219499112, "kl": 3.942593932151794e-05, "memory_allocated_GiB": 0.27306604385375977}
{"step": 13250, "samples": 848000, "pass": 75, "elapsed_train_s": 1418.9449845740019, "lr": [1.7860619515673033e-05, 1.7860619515673034e-06], "loss": 0.02560085352510214, "l1": 0.02519266489893198, "kl": 4.081886261701584e-05, "memory_allocated_GiB": 0.27367639541625977}
{"step": 13300, "samples": 851200, "pass": 75, "elapsed_train_s": 1421.1585821590015, "lr": [1.7510138393732028e-05, 1.7510138393732029e-06], "loss": 0.02541577149182558, "l1": 0.025020510256290436, "kl": 3.9526140317320826e-05, "memory_allocated_GiB": 0.27306604385375977}
{"step": 13350, "samples": 854400, "pass": 76, "elapsed_train_s": 1424.1822781480005, "lr": [1.7162398797613282e-05, 1.7162398797613284e-06], "loss": 0.025289918966591357, "l1": 0.024905861541628837, "kl": 3.840574063360691e-05, "memory_allocated_GiB": 0.27306604385375977}
{"step": 13400, "samples": 857600, "pass": 76, "elapsed_train_s": 1426.7139255220027, "lr": [1.681743006991894e-05, 1.6817430069918939e-06], "loss": 0.02529389914125204, "l1": 0.024910001307725905, "kl": 3.8389777764678e-05, "memory_allocated_GiB": 0.27367639541625977}
{"step": 13450, "samples": 860800, "pass": 76, "elapsed_train_s": 1429.1959526400024, "lr": [1.6475261319442553e-05, 1.6475261319442553e-06], "loss": 0.02535874377936125, "l1": 0.02496859271079302, "kl": 3.901510499417782e-05, "memory_allocated_GiB": 0.27306604385375977}
{"step": 13500, "samples": 864000, "pass": 77, "elapsed_train_s": 1431.9186811670006, "lr": [1.6135921418712956e-05, 1.6135921418712959e-06], "loss": 0.025187960043549538, "l1": 0.024800071865320204, "kl": 3.8788830861449244e-05, "memory_allocated_GiB": 0.27306604385375977}
{"step": 13550, "samples": 867200, "pass": 77, "elapsed_train_s": 1434.4394105950014, "lr": [1.5799439001557846e-05, 1.5799439001557847e-06], "loss": 0.025279424265027047, "l1": 0.024909808076918127, "kl": 3.696161322295666e-05, "memory_allocated_GiB": 0.27367639541625977}
{"step": 13600, "samples": 870400, "pass": 77, "elapsed_train_s": 1436.8502190850013, "lr": [1.5465842460687784e-05, 1.5465842460687786e-06], "loss": 0.025002247989177703, "l1": 0.024638147428631782, "kl": 3.641005605459213e-05, "memory_allocated_GiB": 0.27306604385375977}
{"step": 13650, "samples": 873600, "pass": 77, "elapsed_train_s": 1439.060353074001, "lr": [1.5135159945300231e-05, 1.5135159945300232e-06], "loss": 0.02529187835752964, "l1": 0.02493823066353798, "kl": 3.5364767536520956e-05, "memory_allocated_GiB": 0.27306604385375977}
{"step": 13700, "samples": 876800, "pass": 78, "elapsed_train_s": 1442.1574141480014, "lr": [1.4807419358704433e-05, 1.4807419358704433e-06], "loss": 0.024896505028009414, "l1": 0.024539687372744083, "kl": 3.568174317479134e-05, "memory_allocated_GiB": 0.27367639541625977}
{"step": 13750, "samples": 880000, "pass": 78, "elapsed_train_s": 1444.6332215540024, "lr": [1.44826483559668e-05, 1.44826483559668e-06], "loss": 0.02514159455895424, "l1": 0.024787881672382356, "kl": 3.5371286794543264e-05, "memory_allocated_GiB": 0.27306604385375977}
{"step": 13800, "samples": 883200, "pass": 78, "elapsed_train_s": 1447.0172082690005, "lr": [1.4160874341577446e-05, 1.4160874341577447e-06], "loss": 0.02535111714154482, "l1": 0.024996000155806542, "kl": 3.5511692985892295e-05, "memory_allocated_GiB": 0.27306604385375977}
{"step": 13850, "samples": 886400, "pass": 79, "elapsed_train_s": 1449.6956710230006, "lr": [1.3842124467137662e-05, 1.3842124467137664e-06], "loss": 0.02508838377892971, "l1": 0.024713106490671634, "kl": 3.752772696316242e-05, "memory_allocated_GiB": 0.27367639541625977}
{"step": 13900, "samples": 889600, "pass": 79, "elapsed_train_s": 1452.346986433, "lr": [1.3526425629068967e-05, 1.3526425629068968e-06], "loss": 0.025081209801137448, "l1": 0.024726472049951553, "kl": 3.54737788438797e-05, "memory_allocated_GiB": 0.27306604385375977}
{"step": 13950, "samples": 892800, "pass": 79, "elapsed_train_s": 1454.9411777660025, "lr": [1.3213804466343421e-05, 1.321380446634342e-06], "loss": 0.024889419563114645, "l1": 0.024541826657950877, "kl": 3.4759296104311945e-05, "memory_allocated_GiB": 0.27306604385375977}
{"step": 14000, "samples": 896000, "pass": 79, "elapsed_train_s": 1457.3010368320029, "lr": [1.2904287358235928e-05, 1.290428735823593e-06], "loss": 0.024829913191497327, "l1": 0.02449196144938469, "kl": 3.379516303539276e-05, "memory_allocated_GiB": 0.27367639541625977}
{"step": 14050, "samples": 899200, "pass": 80, "elapsed_train_s": 1460.486937132002, "lr": [1.259790042209823e-05, 1.259790042209823e-06], "loss": 0.02516969233751297, "l1": 0.024823444448411464, "kl": 3.462477587163448e-05, "memory_allocated_GiB": 0.27306604385375977}
{"step": 14100, "samples": 902400, "pass": 80, "elapsed_train_s": 1462.9805376350014, "lr": [1.2294669511155193e-05, 1.2294669511155193e-06], "loss": 0.02507067870348692, "l1": 0.02473023261874914, "kl": 3.4044608473777773e-05, "memory_allocated_GiB": 0.27306604385375977}
{"step": 14150, "samples": 905600, "pass": 80, "elapsed_train_s": 1465.4151100740019, "lr": [1.1994620212323177e-05, 1.1994620212323177e-06], "loss": 0.025088062733411787, "l1": 0.02474145159125328, "kl": 3.4661116078495976e-05, "memory_allocated_GiB": 0.27367639541625977}
{"step": 14200, "samples": 908800, "pass": 81, "elapsed_train_s": 1468.295126899, "lr": [1.1697777844051105e-05, 1.1697777844051105e-06], "loss": 0.02492177989333868, "l1": 0.024591121748089792, "kl": 3.306579776108265e-05, "memory_allocated_GiB": 0.27306604385375977}
{"step": 14250, "samples": 912000, "pass": 81, "elapsed_train_s": 1470.931017048002, "lr": [1.1404167454183957e-05, 1.1404167454183957e-06], "loss": 0.025004756152629853, "l1": 0.024666725620627404, "kl": 3.3803051337599754e-05, "memory_allocated_GiB": 0.27306604385375977}
{"step": 14300, "samples": 915200, "pass": 81, "elapsed_train_s": 1473.406385125003, "lr": [1.111381381784931e-05, 1.1113813817849312e-06], "loss": 0.0248805208876729, "l1": 0.024552081264555454, "kl": 3.284396603703499e-05, "memory_allocated_GiB": 0.27367639541625977}
{"step": 14350, "samples": 918400, "pass": 81, "elapsed_train_s": 1475.723404886001, "lr": [1.0826741435366695e-05, 1.0826741435366694e-06], "loss": 0.024932328946888446, "l1": 0.024599882438778878, "kl": 3.3244648948311804e-05, "memory_allocated_GiB": 0.27306604385375977}
{"step": 14400, "samples": 921600, "pass": 82, "elapsed_train_s": 1478.7193325910011, "lr": [1.0542974530180327e-05, 1.0542974530180327e-06], "loss": 0.024997731372714042, "l1": 0.02466472540050745, "kl": 3.3300574868917466e-05, "memory_allocated_GiB": 0.27306604385375977}
{"step": 14450, "samples": 924800, "pass": 82, "elapsed_train_s": 1481.2989888930024, "lr": [1.0262537046815018e-05, 1.026253704681502e-06], "loss": 0.02525754738599062, "l1": 0.02491426546126604, "kl": 3.432819619774819e-05, "memory_allocated_GiB": 0.27367639541625977}
{"step": 14500, "samples": 928000, "pass": 82, "elapsed_train_s": 1483.8563975630022, "lr": [9.985452648855803e-06, 9.985452648855803e-07], "loss": 0.024887229166924953, "l1": 0.02454915575683117, "kl": 3.3807335421442984e-05, "memory_allocated_GiB": 0.27306604385375977}
{"step": 14550, "samples": 931200, "pass": 83, "elapsed_train_s": 1486.8318952450027, "lr": [9.711744716951093e-06, 9.711744716951093e-07], "loss": 0.024902009032666685, "l1": 0.02457234650850296, "kl": 3.2966248691082e-05, "memory_allocated_GiB": 0.27306604385375977}
{"step": 14600, "samples": 934400, "pass": 83, "elapsed_train_s": 1489.4695685620027, "lr": [9.441436346839894e-06, 9.441436346839894e-07], "loss": 0.025075503289699555, "l1": 0.02474482301622629, "kl": 3.3068032935261725e-05, "memory_allocated_GiB": 0.27367639541625977}
{"step": 14650, "samples": 937600, "pass": 83, "elapsed_train_s": 1491.8736070699997, "lr": [9.174550347402855e-06, 9.174550347402856e-07], "loss": 0.02482572741806507, "l1": 0.024488440938293932, "kl": 3.372865729033947e-05, "memory_allocated_GiB": 0.27306604385375977}
{"step": 14700, "samples": 940800, "pass": 83, "elapsed_train_s": 1493.8199188690014, "lr": [8.911109238737747e-06, 8.911109238737748e-07], "loss": 0.0247703567892313, "l1": 0.02444028303027153, "kl": 3.300737589597702e-05, "memory_allocated_GiB": 0.27306604385375977}
{"step": 14750, "samples": 944000, "pass": 84, "elapsed_train_s": 1496.5717949800019, "lr": [8.651135250259091e-06, 8.651135250259091e-07], "loss": 0.025057340785861016, "l1": 0.02471357077360153, "kl": 3.437698818743229e-05, "memory_allocated_GiB": 0.27367639541625977}
{"step": 14800, "samples": 947200, "pass": 84, "elapsed_train_s": 1498.7445657570024, "lr": [8.3946503188225e-06, 8.3946503188225e-07], "loss": 0.024937810748815535, "l1": 0.024595927447080612, "kl": 3.4188339486718175e-05, "memory_allocated_GiB": 0.27306604385375977}
{"step": 14850, "samples": 950400, "pass": 84, "elapsed_train_s": 1500.8816267490001, "lr": [8.141676086873572e-06, 8.141676086873574e-07], "loss": 0.02467005226761103, "l1": 0.02434338930994272, "kl": 3.266629762947559e-05, "memory_allocated_GiB": 0.27306604385375977}
{"step": 14900, "samples": 953600, "pass": 85, "elapsed_train_s": 1503.4283084630006, "lr": [7.89223390062172e-06, 7.89223390062172e-07], "loss": 0.024853639751672745, "l1": 0.024517726376652716, "kl": 3.359135240316391e-05, "memory_allocated_GiB": 0.27367639541625977}
{"step": 14950, "samples": 956800, "pass": 85, "elapsed_train_s": 1505.611254937001, "lr": [7.646344808238903e-06, 7.646344808238904e-07], "loss": 0.024753770530223845, "l1": 0.02442148305475712, "kl": 3.322874195873737e-05, "memory_allocated_GiB": 0.27306604385375977}
{"step": 15000, "samples": 960000, "pass": 85, "elapsed_train_s": 1507.7711839110016, "lr": [7.404029558083653e-06, 7.404029558083653e-07], "loss": 0.024817397631704808, "l1": 0.024487559907138346, "kl": 3.298376686871052e-05, "memory_allocated_GiB": 0.27306604385375977}
{"step": 15050, "samples": 963200, "pass": 85, "elapsed_train_s": 1509.7641469520022, "lr": [7.165308596950182e-06, 7.165308596950182e-07], "loss": 0.02491336688399315, "l1": 0.024603735022246838, "kl": 3.096319735050202e-05, "memory_allocated_GiB": 0.27367639541625977}
{"step": 15100, "samples": 966400, "pass": 86, "elapsed_train_s": 1512.5332066590017, "lr": [6.9302020683432055e-06, 6.930202068343206e-07], "loss": 0.02477801524102688, "l1": 0.024442997984588145, "kl": 3.350173123180866e-05, "memory_allocated_GiB": 0.27306604385375977}
{"step": 15150, "samples": 969600, "pass": 86, "elapsed_train_s": 1514.7017134920025, "lr": [6.698729810778065e-06, 6.698729810778065e-07], "loss": 0.024803859554231165, "l1": 0.024479160606861113, "kl": 3.246990032494068e-05, "memory_allocated_GiB": 0.27306604385375977}
{"step": 15200, "samples": 972800, "pass": 86, "elapsed_train_s": 1516.917675943001, "lr": [6.470911356106885e-06, 6.470911356106885e-07], "loss": 0.024682362303137778, "l1": 0.024354185461997985, "kl": 3.281767480075359e-05, "memory_allocated_GiB": 0.27367639541625977}
{"step": 15250, "samples": 976000, "pass": 87, "elapsed_train_s": 1519.4450123420029, "lr": [6.246765927870313e-06, 6.246765927870313e-07], "loss": 0.024596916139125825, "l1": 0.024275162033736707, "kl": 3.217540681362152e-05, "memory_allocated_GiB": 0.27306604385375977}
{"step": 15300, "samples": 979200, "pass": 87, "elapsed_train_s": 1521.6408464600026, "lr": [6.026312439675552e-06, 6.026312439675553e-07], "loss": 0.02464799288660288, "l1": 0.024333817176520823, "kl": 3.1417571008205414e-05, "memory_allocated_GiB": 0.27306604385375977}
{"step": 15350, "samples": 982400, "pass": 87, "elapsed_train_s": 1523.8229471550003, "lr": [5.809569493600281e-06, 5.809569493600281e-07], "loss": 0.024837315678596497, "l1": 0.024516427218914033, "kl": 3.208884969353676e-05, "memory_allocated_GiB": 0.27367639541625977}
{"step": 15400, "samples": 985600, "pass": 87, "elapsed_train_s": 1525.7911709649998, "lr": [5.596555378623125e-06, 5.596555378623126e-07], "loss": 0.02481775440275669, "l1": 0.024495822302997114, "kl": 3.2193223014473914e-05, "memory_allocated_GiB": 0.27306604385375977}
{"step": 15450, "samples": 988800, "pass": 88, "elapsed_train_s": 1528.463174028002, "lr": [5.387288069080299e-06, 5.387288069080298e-07], "loss": 0.0249934746325016, "l1": 0.024685152396559714, "kl": 3.083220683038235e-05, "memory_allocated_GiB": 0.27306604385375977}
{"step": 15500, "samples": 992000, "pass": 88, "elapsed_train_s": 1530.6350904560022, "lr": [5.181785223148999e-06, 5.181785223148999e-07], "loss": 0.024589133225381376, "l1": 0.024282113835215568, "kl": 3.070195205509663e-05, "memory_allocated_GiB": 0.27367639541625977}
{"step": 15550, "samples": 995200, "pass": 88, "elapsed_train_s": 1532.8373912349998, "lr": [4.980064181357319e-06, 4.980064181357319e-07], "loss": 0.024800888299942016, "l1": 0.02449094634503126, "kl": 3.099420107901096e-05, "memory_allocated_GiB": 0.27306604385375977}
{"step": 15600, "samples": 998400, "pass": 89, "elapsed_train_s": 1535.2723671040003, "lr": [4.782141965121128e-06, 4.782141965121129e-07], "loss": 0.02456179689615965, "l1": 0.024257397316396236, "kl": 3.04399523884058e-05, "memory_allocated_GiB": 0.27306604385375977}
{"step": 15650, "samples": 1001600, "pass": 89, "elapsed_train_s": 1537.4721163060021, "lr": [4.588035275307689e-06, 4.5880352753076894e-07], "loss": 0.024460390098392962, "l1": 0.02416029803454876, "kl": 3.0009206384420394e-05, "memory_allocated_GiB": 0.27367639541625977}
{"step": 15700, "samples": 1004800, "pass": 89, "elapsed_train_s": 1539.6023780579999, "lr": [4.397760490826481e-06, 4.39776049082648e-07], "loss": 0.024888204485177992, "l1": 0.02457890775054693, "kl": 3.092968836426735e-05, "memory_allocated_GiB": 0.27306604385375977}
{"step": 15750, "samples": 1008000, "pass": 89, "elapsed_train_s": 1541.6071176309997, "lr": [4.2113336672471245e-06, 4.211333667247125e-07], "loss": 0.02440280057489872, "l1": 0.024100222513079642, "kl": 3.0257822945713997e-05, "memory_allocated_GiB": 0.27306604385375977}
{"step": 15800, "samples": 1011200, "pass": 90, "elapsed_train_s": 1544.2352434910026, "lr": [4.028770535444615e-06, 4.0287705354446147e-07], "loss": 0.02478199139237404, "l1": 0.024477981477975846, "kl": 3.040098585188389e-05, "memory_allocated_GiB": 0.27367639541625977}
{"step": 15850, "samples": 1014400, "pass": 90, "elapsed_train_s": 1546.4391265480008, "lr": [3.850086500271871e-06, 3.850086500271871e-07], "loss": 0.024716717191040516, "l1": 0.024414215087890625, "kl": 3.0250214040279387e-05, "memory_allocated_GiB": 0.27306604385375977}
{"step": 15900, "samples": 1017600, "pass": 90, "elapsed_train_s": 1548.680218996, "lr": [3.675296639259912e-06, 3.675296639259912e-07], "loss": 0.024541551657021047, "l1": 0.02423693597316742, "kl": 3.046157769858837e-05, "memory_allocated_GiB": 0.27306604385375977}
{"step": 15950, "samples": 1020800, "pass": 91, "elapsed_train_s": 1551.1389918740024, "lr": [3.504415701345615e-06, 3.504415701345615e-07], "loss": 0.024624747820198536, "l1": 0.024327688664197922, "kl": 2.9705911874771118e-05, "memory_allocated_GiB": 0.27367639541625977}
{"step": 16000, "samples": 1024000, "pass": 91, "elapsed_train_s": 1553.4382876380005, "lr": [3.3374581056271447e-06, 3.337458105627145e-07], "loss": 0.02460392478853464, "l1": 0.024311770014464856, "kl": 2.9215477406978608e-05, "memory_allocated_GiB": 0.27306604385375977}
{"step": 16050, "samples": 1027200, "pass": 91, "elapsed_train_s": 1555.734739106003, "lr": [3.1744379401472677e-06, 3.174437940147268e-07], "loss": 0.0246351670473814, "l1": 0.024343225583434106, "kl": 2.9194168746471405e-05, "memory_allocated_GiB": 0.27306604385375977}
{"step": 16100, "samples": 1030400, "pass": 91, "elapsed_train_s": 1557.776086062, "lr": [3.0153689607045845e-06, 3.015368960704584e-07], "loss": 0.024201664626598358, "l1": 0.02391360655426979, "kl": 2.880580723285675e-05, "memory_allocated_GiB": 0.27367639541625977}
{"step": 16150, "samples": 1033600, "pass": 92, "elapsed_train_s": 1560.4349440719998, "lr": [2.8602645896928295e-06, 2.860264589692829e-07], "loss": 0.024545827768743037, "l1": 0.024257985316216944, "kl": 2.878425642848015e-05, "memory_allocated_GiB": 0.27306604385375977}
{"step": 16200, "samples": 1036800, "pass": 92, "elapsed_train_s": 1562.652104492001, "lr": [2.7091379149682685e-06, 2.7091379149682683e-07], "loss": 0.024858862049877643, "l1": 0.02457183871418238, "kl": 2.870231866836548e-05, "memory_allocated_GiB": 0.27306604385375977}
{"step": 16250, "samples": 1040000, "pass": 92, "elapsed_train_s": 1564.8239825000019, "lr": [2.562001688745291e-06, 2.562001688745291e-07], "loss": 0.02458388090133667, "l1": 0.02429519601166248, "kl": 2.886848524212837e-05, "memory_allocated_GiB": 0.27367639541625977}
{"step": 16300, "samples": 1043200, "pass": 93, "elapsed_train_s": 1567.366677760001, "lr": [2.4188683265204127e-06, 2.4188683265204125e-07], "loss": 0.02436327375471592, "l1": 0.024071904234588146, "kl": 2.913694828748703e-05, "memory_allocated_GiB": 0.27306604385375977}
{"step": 16350, "samples": 1046400, "pass": 93, "elapsed_train_s": 1570.2197701790028, "lr": [2.2797499060246253e-06, 2.2797499060246253e-07], "loss": 0.02450850635766983, "l1": 0.02421761006116867, "kl": 2.9089618474245073e-05, "memory_allocated_GiB": 0.27306604385375977}
{"step": 16400, "samples": 1049600, "pass": 93, "elapsed_train_s": 1573.0599670450028, "lr": [2.1446581662042942e-06, 2.1446581662042943e-07], "loss": 0.024433214403688907, "l1": 0.024141879230737687, "kl": 2.9133511707186698e-05, "memory_allocated_GiB": 0.27367639541625977}
{"step": 16450, "samples": 1052800, "pass": 93, "elapsed_train_s": 1576.1580870280013, "lr": [2.013604506230554e-06, 2.0136045062305543e-07], "loss": 0.024548101015388967, "l1": 0.024261423721909522, "kl": 2.866772934794426e-05, "memory_allocated_GiB": 0.27306604385375977}
{"step": 16500, "samples": 1056000, "pass": 94, "elapsed_train_s": 1580.3701326940027, "lr": [1.8865999845374793e-06, 1.8865999845374794e-07], "loss": 0.024706897549331187, "l1": 0.024417672120034695, "kl": 2.89225485175848e-05, "memory_allocated_GiB": 0.27306604385375977}
{"step": 16550, "samples": 1059200, "pass": 94, "elapsed_train_s": 1583.9019278880005, "lr": [1.7636553178889792e-06, 1.7636553178889792e-07], "loss": 0.024446729831397535, "l1": 0.024159669950604437, "kl": 2.870597876608372e-05, "memory_allocated_GiB": 0.27367639541625977}
{"step": 16600, "samples": 1062400, "pass": 94, "elapsed_train_s": 1587.4867145740027, "lr": [1.6447808804744668e-06, 1.6447808804744668e-07], "loss": 0.024506877921521664, "l1": 0.024218742810189722, "kl": 2.8813518583774566e-05, "memory_allocated_GiB": 0.27306604385375977}
{"step": 16650, "samples": 1065600, "pass": 95, "elapsed_train_s": 1592.1486972100029, "lr": [1.5299867030334814e-06, 1.5299867030334815e-07], "loss": 0.024602873213589192, "l1": 0.0243197862803936, "kl": 2.83086858689785e-05, "memory_allocated_GiB": 0.27306604385375977}
{"step": 16700, "samples": 1068800, "pass": 95, "elapsed_train_s": 1595.7538686879998, "lr": [1.419282472009309e-06, 1.419282472009309e-07], "loss": 0.02464316550642252, "l1": 0.024358555674552917, "kl": 2.8460975736379625e-05, "memory_allocated_GiB": 0.27367639541625977}
{"step": 16750, "samples": 1072000, "pass": 95, "elapsed_train_s": 1599.203180798002, "lr": [1.3126775287316151e-06, 1.312677528731615e-07], "loss": 0.024571498297154902, "l1": 0.024290646016597747, "kl": 2.808522433042526e-05, "memory_allocated_GiB": 0.27306604385375977}
{"step": 16800, "samples": 1075200, "pass": 95, "elapsed_train_s": 1602.448477222002, "lr": [1.210180868628219e-06, 1.210180868628219e-07], "loss": 0.024428463764488696, "l1": 0.024146513342857362, "kl": 2.8195036575198172e-05, "memory_allocated_GiB": 0.27306604385375977}
{"step": 16850, "samples": 1078400, "pass": 96, "elapsed_train_s": 1606.8546264470024, "lr": [1.11180114046604e-06, 1.11180114046604e-07], "loss": 0.024407561160624026, "l1": 0.02412258889526129, "kl": 2.8497222810983658e-05, "memory_allocated_GiB": 0.27367639541625977}
{"step": 16900, "samples": 1081600, "pass": 96, "elapsed_train_s": 1610.4326948510025, "lr": [1.0175466456213034e-06, 1.0175466456213034e-07], "loss": 0.02467245616018772, "l1": 0.024393857046961783, "kl": 2.785989083349705e-05, "memory_allocated_GiB": 0.27306604385375977}
{"step": 16950, "samples": 1084800, "pass": 96, "elapsed_train_s": 1613.8001965069998, "lr": [9.274253373791064e-07, 9.274253373791064e-08], "loss": 0.02484453849494457, "l1": 0.024559712670743465, "kl": 2.8482573106884957e-05, "memory_allocated_GiB": 0.27306604385375977}
{"step": 17000, "samples": 1088000, "pass": 97, "elapsed_train_s": 1617.4395062920012, "lr": [8.414448202622494e-07, 8.414448202622494e-08], "loss": 0.024067182391881943, "l1": 0.023787839449942113, "kl": 2.793429419398308e-05, "memory_allocated_GiB": 0.27367639541625977}
{"step": 17050, "samples": 1091200, "pass": 97, "elapsed_train_s": 1621.2090465590009, "lr": [7.596123493895991e-07, 7.59612349389599e-08], "loss": 0.024431918263435364, "l1": 0.024153602607548237, "kl": 2.783156931400299e-05, "memory_allocated_GiB": 0.27306604385375977}
{"step": 17100, "samples": 1094400, "pass": 97, "elapsed_train_s": 1624.7470911050004, "lr": [6.819348298638839e-07, 6.819348298638839e-08], "loss": 0.02444764744490385, "l1": 0.02416963942348957, "kl": 2.780080772936344e-05, "memory_allocated_GiB": 0.27306604385375977}
{"step": 17150, "samples": 1097600, "pass": 97, "elapsed_train_s": 1627.8413224329997, "lr": [6.084188161890325e-07, 6.084188161890326e-08], "loss": 0.024510610215365887, "l1": 0.02423540946096182, "kl": 2.7520069852471352e-05, "memory_allocated_GiB": 0.27367639541625977}
{"step": 17200, "samples": 1100800, "pass": 98, "elapsed_train_s": 1632.020231622002, "lr": [5.390705117171047e-07, 5.390705117171047e-08], "loss": 0.02445202138274908, "l1": 0.02417504709213972, "kl": 2.7697421610355378e-05, "memory_allocated_GiB": 0.27306604385375977}
{"step": 17250, "samples": 1104000, "pass": 98, "elapsed_train_s": 1635.6082161330014, "lr": [4.738957681248379e-07, 4.73895768124838e-08], "loss": 0.024347700998187064, "l1": 0.024070468842983247, "kl": 2.772320993244648e-05, "memory_allocated_GiB": 0.27306604385375977}
{"step": 17300, "samples": 1107200, "pass": 98, "elapsed_train_s": 1639.0767349690032, "lr": [4.129000849198872e-07, 4.129000849198872e-08], "loss": 0.02433932077139616, "l1": 0.02406300127506256, "kl": 2.763194963335991e-05, "memory_allocated_GiB": 0.27367639541625977}
{"step": 17350, "samples": 1110400, "pass": 99, "elapsed_train_s": 1643.6998331640025, "lr": [3.5608860897675677e-07, 3.560886089767568e-08], "loss": 0.02452329747378826, "l1": 0.02424989067018032, "kl": 2.7340669184923172e-05, "memory_allocated_GiB": 0.27306604385375977}
{"step": 17400, "samples": 1113600, "pass": 99, "elapsed_train_s": 1647.6910780260005, "lr": [3.034661341025258e-07, 3.034661341025258e-08], "loss": 0.024426927752792836, "l1": 0.02415300689637661, "kl": 2.7392078191041947e-05, "memory_allocated_GiB": 0.27306604385375977}
{"step": 17450, "samples": 1116800, "pass": 99, "elapsed_train_s": 1651.4804288470004, "lr": [2.55037100632316e-07, 2.55037100632316e-08], "loss": 0.02452346798032522, "l1": 0.024250234328210354, "kl": 2.7323365211486818e-05, "memory_allocated_GiB": 0.27367639541625977}
{"step": 17500, "samples": 1120000, "pass": 99, "elapsed_train_s": 1654.9089062740022, "lr": [2.1080559505462505e-07, 2.1080559505462504e-08], "loss": 0.024276564717292785, "l1": 0.024001803919672965, "kl": 2.7476074174046516e-05, "memory_allocated_GiB": 0.27306604385375977}
{"step": 17550, "samples": 1123200, "pass": 100, "elapsed_train_s": 1660.1566312640025, "lr": [1.7077534966650766e-07, 1.7077534966650767e-08], "loss": 0.02461209613829851, "l1": 0.024334720410406588, "kl": 2.7737561613321304e-05, "memory_allocated_GiB": 0.27306604385375977}
{"step": 17600, "samples": 1126400, "pass": 100, "elapsed_train_s": 1664.2463747770016, "lr": [1.3494974225863322e-07, 1.3494974225863322e-08], "loss": 0.024435134418308736, "l1": 0.02416139829903841, "kl": 2.7373628690838813e-05, "memory_allocated_GiB": 0.27367639541625977}
{"step": 17650, "samples": 1129600, "pass": 100, "elapsed_train_s": 1668.0717679530026, "lr": [1.033317958302693e-07, 1.033317958302693e-08], "loss": 0.024467207826673984, "l1": 0.02419329334050417, "kl": 2.7391454204916953e-05, "memory_allocated_GiB": 0.27306604385375977}
{"step": 17700, "samples": 1132800, "pass": 101, "elapsed_train_s": 1672.2802852430032, "lr": [7.59241783341913e-08, 7.59241783341913e-09], "loss": 0.024268989339470862, "l1": 0.0239950580522418, "kl": 2.7393121272325515e-05, "memory_allocated_GiB": 0.27306604385375977}
{"step": 17750, "samples": 1136000, "pass": 101, "elapsed_train_s": 1676.3873015050012, "lr": [5.272920245156798e-08, 5.2729202451567985e-09], "loss": 0.024455223493278028, "l1": 0.024183178655803203, "kl": 2.720448188483715e-05, "memory_allocated_GiB": 0.27367639541625977}
{"step": 17800, "samples": 1139200, "pass": 101, "elapsed_train_s": 1680.4232927480007, "lr": [3.374882539681767e-08, 3.3748825396817675e-09], "loss": 0.024239158444106578, "l1": 0.023964354954659938, "kl": 2.7480339631438256e-05, "memory_allocated_GiB": 0.27306604385375977}
{"step": 17850, "samples": 1142400, "pass": 101, "elapsed_train_s": 1683.6732243590013, "lr": [1.8984648752429225e-08, 1.8984648752429222e-09], "loss": 0.02457876965403557, "l1": 0.024304357208311558, "kl": 2.7441252022981643e-05, "memory_allocated_GiB": 0.27306604385375977}
{"step": 17900, "samples": 1145600, "pass": 102, "elapsed_train_s": 1688.071695665003, "lr": [8.437918333864536e-09, 8.437918333864537e-10], "loss": 0.024619267396628855, "l1": 0.02434351675212383, "kl": 2.7575064450502396e-05, "memory_allocated_GiB": 0.27367639541625977}
{"step": 17950, "samples": 1148800, "pass": 102, "elapsed_train_s": 1692.0049492700018, "lr": [2.109524084381587e-09, 2.1095240843815868e-10], "loss": 0.024590719044208526, "l1": 0.024313609674572946, "kl": 2.7710935100913047e-05, "memory_allocated_GiB": 0.27306604385375977}
{"step": 18000, "samples": 1152000, "pass": 102, "elapsed_train_s": 1695.9101320020018, "lr": [0.0, 0.0], "loss": 0.02441492974758148, "l1": 0.02413806553930044, "kl": 2.7686422690749168e-05, "memory_allocated_GiB": 0.27306604385375977}
DEVELOPMENT {"step": 18000, "summary": {"success_once": {"mean": 1.0, "std": 0.0}, "return": {"mean": 406.33258056640625, "std": 4.858039855957031}, "episode_len": {"mean": 500.0, "std": 0.0}, "reward": {"mean": 0.812665219116211, "std": 0.009716079199496257}, "last_reward": {"mean": 1.0, "std": 0.0}, "success_at_end": {"mean": 0.9, "std": 0.30000000000000004}}, "stages": {"is_grasped": 20, "is_mug_above_table": 20, "is_mug_contact_rack": 20, "is_obj_placed": 19, "success": 20}}
TRAIN COMPLETE {"status": "complete", "condition": "A50", "seed": 3, "steps": 18000, "samples": 1152000, "batch_size": 64, "workers": 8, "wall_seconds": 1835.8155817985535, "initialization_seconds": 59.63450789451599, "steady_steps": 17950, "steady_step_median_s": 0.0611163960002159, "steady_step_p95_s": 0.09724679149985604, "steady_mean_step_s": 0.06620890310601701, "samples_per_second": 966.6373704684397, "data_wait_mean_s": 0.003950004890199698, "gpu_update_ms_median": 60.372352600097656, "peak_allocated_GiB": 1.5657305717468262, "peak_reserved_GiB": 1.837890625}
