/home/zxc/miniconda3/envs/imitator/lib/python3.12/site-packages/torch/cuda/__init__.py:61: FutureWarning: The pynvml package is deprecated. Please install nvidia-ml-py instead. If you did not install pynvml directly, please report this to the maintainers of the package that installed pynvml for you.
  import pynvml  # type: ignore[import]
2026-10-07 23:47:20.185356: I tensorflow/core/util/port.cc:153] oneDNN custom operations are on. You may see slightly different numerical results due to floating-point round-off errors from different computation orders. To turn them off, set the environment variable `TF_ENABLE_ONEDNN_OPTS=0`.
2026-10-07 23:47:20.194146: E external/local_xla/xla/stream_executor/cuda/cuda_fft.cc:467] Unable to register cuFFT factory: Attempting to register factory for plugin cuFFT when one has already been registered
WARNING: All log messages before absl::InitializeLog() is called are written to STDERR
E0000 00:00:1791388040.203532 2454575 cuda_dnn.cc:8579] Unable to register cuDNN factory: Attempting to register factory for plugin cuDNN when one has already been registered
E0000 00:00:1791388040.206683 2454575 cuda_blas.cc:1407] Unable to register cuBLAS factory: Attempting to register factory for plugin cuBLAS when one has already been registered
W0000 00:00:1791388040.215708 2454575 computation_placer.cc:177] computation placer already registered. Please check linkage and avoid linking the same target more than once.
W0000 00:00:1791388040.215718 2454575 computation_placer.cc:177] computation placer already registered. Please check linkage and avoid linking the same target more than once.
W0000 00:00:1791388040.215720 2454575 computation_placer.cc:177] computation placer already registered. Please check linkage and avoid linking the same target more than once.
W0000 00:00:1791388040.215721 2454575 computation_placer.cc:177] computation placer already registered. Please check linkage and avoid linking the same target more than once.
2026-10-07 23:47:20.218062: I tensorflow/core/platform/cpu_feature_guard.cc:210] This TensorFlow binary is optimized to use available CPU instructions in performance-critical operations.
To enable the following instructions: AVX2 AVX512F AVX512_VNNI AVX512_BF16 FMA, in other operations, rebuild TensorFlow with the appropriate compiler flags.

================================================================================
🔄 INITIALIZING HUMAN-SIM PAIRED DATASET
================================================================================
   Input mode: video_only
   Include first frame: True

📖 Loading task mapping from: examples/baselines/lerobot_dataset/task_mapping.json
   ✓ 53 human task descriptions
   ✓ 200 sim task descriptions

✓ Mapping loaded:
  - 53 human tasks: ['human_H1', 'human_H10', 'human_H11', 'human_H12', 'human_H13', 'human_H14', 'human_H15', 'human_H16', 'human_H17', 'human_H18', 'human_H19', 'human_H2', 'human_H20', 'human_H21', 'human_H22', 'human_H23', 'human_H24', 'human_H25', 'human_H26', 'human_H27', 'human_H28', 'human_H29', 'human_H3', 'human_H30', 'human_H31', 'human_H32', 'human_H33', 'human_H34', 'human_H35', 'human_H36', 'human_H37', 'human_H38', 'human_H39', 'human_H4', 'human_H40', 'human_H41', 'human_H42', 'human_H43', 'human_H44', 'human_H45', 'human_H46', 'human_H47', 'human_H48', 'human_H49', 'human_H5', 'human_H50', 'human_H56', 'human_H57', 'human_H58', 'human_H6', 'human_H7', 'human_H8', 'human_H9']
  - 200 sim tasks: ['L0_TwoRobotCleanCup-v1', 'L0_TwoRobotCleanDesk-v1', 'L0_TwoRobotCutFruit-v1', 'L0_TwoRobotFoldBox-v1', 'L0_TwoRobotFoldTowel-v1', 'L0_TwoRobotGrindFood-v1', 'L0_TwoRobotKnifeBowlFork-v1', 'L0_TwoRobotLiftLidFromSkillet-v1', 'L0_TwoRobotOpenBox-v1', 'L0_TwoRobotOpenLiquidCap-v1', 'L0_TwoRobotPickAppleBananaToBaskets-v1', 'L0_TwoRobotPickAppleBasket-v1', 'L0_TwoRobotPickAppleToScale-v1', 'L0_TwoRobotPickFood-v1', 'L0_TwoRobotPickFruitsToPlate-v1', 'L0_TwoRobotPickPillToRegions-v1', 'L0_TwoRobotPickRemoteControl-v1', 'L0_TwoRobotPickTennisBallGolfBall-v1', 'L0_TwoRobotPickWash-v1', 'L0_TwoRobotPlaceBookBookcase-v1', 'L0_TwoRobotPlaceBrushRest-v1', 'L0_TwoRobotPlaceBurgerTray-v1', 'L0_TwoRobotPlaceChipsRack-v1', 'L0_TwoRobotPlaceClothBasket-v1', 'L0_TwoRobotPlaceCommodityRack-v1', 'L0_TwoRobotPlaceCupPlate-v1', 'L0_TwoRobotPlaceFileFolder-v1', 'L0_TwoRobotPlaceFoodScale-v1', 'L0_TwoRobotPlaceFruitBox-v1', 'L0_TwoRobotPlaceMagazineFolder-v1', 'L0_TwoRobotPlaceMugRack-v1', 'L0_TwoRobotPlacePillBox-v1', 'L0_TwoRobotPlacePlateRack-v1', 'L0_TwoRobotPlaceScrewdriver-v1', 'L0_TwoRobotPlaceShoeBox-v1', 'L0_TwoRobotPourCup-v1', 'L0_TwoRobotPourKetchupFries-v1', 'L0_TwoRobotPourKettle-v1', 'L0_TwoRobotPourLiquidCup-v1', 'L0_TwoRobotPourLiquidFilter-v1', 'L0_TwoRobotPourLiquidMug-v1', 'L0_TwoRobotPressJuicer-v1', 'L0_TwoRobotPressStapler-v1', 'L0_TwoRobotPutBox-v1', 'L0_TwoRobotPutCubeOnScale-v1', 'L0_TwoRobotScanMilkBox-v1', 'L0_TwoRobotScanPillBottle-v1', 'L0_TwoRobotStirSpoon-v1', 'L0_TwoRobotTransFood-v1', 'L0_TwoRobotWipePot-v1', 'L1_TwoRobotCleanCup-v1', 'L1_TwoRobotCleanDesk-v1', 'L1_TwoRobotCutFruit-v1', 'L1_TwoRobotFoldBox-v1', 'L1_TwoRobotFoldTowel-v1', 'L1_TwoRobotGrindFood-v1', 'L1_TwoRobotKnifeBowlFork-v1', 'L1_TwoRobotLiftLidFromSkillet-v1', 'L1_TwoRobotOpenBox-v1', 'L1_TwoRobotOpenLiquidCap-v1', 'L1_TwoRobotPickAppleBananaToBaskets-v1', 'L1_TwoRobotPickAppleBasket-v1', 'L1_TwoRobotPickAppleToScale-v1', 'L1_TwoRobotPickFood-v1', 'L1_TwoRobotPickFruitsToPlate-v1', 'L1_TwoRobotPickPillToRegions-v1', 'L1_TwoRobotPickRemoteControl-v1', 'L1_TwoRobotPickTennisBallGolfBall-v1', 'L1_TwoRobotPickWash-v1', 'L1_TwoRobotPlaceBookBookcase-v1', 'L1_TwoRobotPlaceBrushRest-v1', 'L1_TwoRobotPlaceBurgerTray-v1', 'L1_TwoRobotPlaceChipsRack-v1', 'L1_TwoRobotPlaceClothBasket-v1', 'L1_TwoRobotPlaceCommodityRack-v1', 'L1_TwoRobotPlaceCupPlate-v1', 'L1_TwoRobotPlaceFileFolder-v1', 'L1_TwoRobotPlaceFoodScale-v1', 'L1_TwoRobotPlaceFruitBox-v1', 'L1_TwoRobotPlaceMagazineFolder-v1', 'L1_TwoRobotPlaceMugRack-v1', 'L1_TwoRobotPlacePillBox-v1', 'L1_TwoRobotPlacePlateRack-v1', 'L1_TwoRobotPlaceScrewdriver-v1', 'L1_TwoRobotPlaceShoeBox-v1', 'L1_TwoRobotPourCup-v1', 'L1_TwoRobotPourKetchupFries-v1', 'L1_TwoRobotPourKettle-v1', 'L1_TwoRobotPourLiquidCup-v1', 'L1_TwoRobotPourLiquidFilter-v1', 'L1_TwoRobotPourLiquidMug-v1', 'L1_TwoRobotPressJuicer-v1', 'L1_TwoRobotPressStapler-v1', 'L1_TwoRobotPutBox-v1', 'L1_TwoRobotPutCubeOnScale-v1', 'L1_TwoRobotScanMilkBox-v1', 'L1_TwoRobotScanPillBottle-v1', 'L1_TwoRobotStirSpoon-v1', 'L1_TwoRobotTransFood-v1', 'L1_TwoRobotWipePot-v1', 'L2_TwoRobotCleanCup-v1', 'L2_TwoRobotCleanDesk-v1', 'L2_TwoRobotCutFruit-v1', 'L2_TwoRobotFoldBox-v1', 'L2_TwoRobotFoldTowel-v1', 'L2_TwoRobotGrindFood-v1', 'L2_TwoRobotKnifeBowlFork-v1', 'L2_TwoRobotLiftLidFromSkillet-v1', 'L2_TwoRobotOpenBox-v1', 'L2_TwoRobotOpenLiquidCap-v1', 'L2_TwoRobotPickAppleBananaToBaskets-v1', 'L2_TwoRobotPickAppleBasket-v1', 'L2_TwoRobotPickAppleToScale-v1', 'L2_TwoRobotPickFood-v1', 'L2_TwoRobotPickFruitsToPlate-v1', 'L2_TwoRobotPickPillToRegions-v1', 'L2_TwoRobotPickRemoteControl-v1', 'L2_TwoRobotPickTennisBallGolfBall-v1', 'L2_TwoRobotPickWash-v1', 'L2_TwoRobotPlaceBookBookcase-v1', 'L2_TwoRobotPlaceBrushRest-v1', 'L2_TwoRobotPlaceBurgerTray-v1', 'L2_TwoRobotPlaceChipsRack-v1', 'L2_TwoRobotPlaceClothBasket-v1', 'L2_TwoRobotPlaceCommodityRack-v1', 'L2_TwoRobotPlaceCupPlate-v1', 'L2_TwoRobotPlaceFileFolder-v1', 'L2_TwoRobotPlaceFoodScale-v1', 'L2_TwoRobotPlaceFruitBox-v1', 'L2_TwoRobotPlaceMagazineFolder-v1', 'L2_TwoRobotPlaceMugRack-v1', 'L2_TwoRobotPlacePillBox-v1', 'L2_TwoRobotPlacePlateRack-v1', 'L2_TwoRobotPlaceScrewdriver-v1', 'L2_TwoRobotPlaceShoeBox-v1', 'L2_TwoRobotPourCup-v1', 'L2_TwoRobotPourKetchupFries-v1', 'L2_TwoRobotPourKettle-v1', 'L2_TwoRobotPourLiquidCup-v1', 'L2_TwoRobotPourLiquidFilter-v1', 'L2_TwoRobotPourLiquidMug-v1', 'L2_TwoRobotPressJuicer-v1', 'L2_TwoRobotPressStapler-v1', 'L2_TwoRobotPutBox-v1', 'L2_TwoRobotPutCubeOnScale-v1', 'L2_TwoRobotScanMilkBox-v1', 'L2_TwoRobotScanPillBottle-v1', 'L2_TwoRobotStirSpoon-v1', 'L2_TwoRobotTransFood-v1', 'L2_TwoRobotWipePot-v1', 'L3_TwoRobotCleanCup-v1', 'L3_TwoRobotCleanDesk-v1', 'L3_TwoRobotCutFruit-v1', 'L3_TwoRobotFoldBox-v1', 'L3_TwoRobotFoldTowel-v1', 'L3_TwoRobotGrindFood-v1', 'L3_TwoRobotKnifeBowlFork-v1', 'L3_TwoRobotLiftLidFromSkillet-v1', 'L3_TwoRobotOpenBox-v1', 'L3_TwoRobotOpenLiquidCap-v1', 'L3_TwoRobotPickAppleBananaToBaskets-v1', 'L3_TwoRobotPickAppleBasket-v1', 'L3_TwoRobotPickAppleToScale-v1', 'L3_TwoRobotPickFood-v1', 'L3_TwoRobotPickFruitsToPlate-v1', 'L3_TwoRobotPickPillToRegions-v1', 'L3_TwoRobotPickRemoteControl-v1', 'L3_TwoRobotPickTennisBallGolfBall-v1', 'L3_TwoRobotPickWash-v1', 'L3_TwoRobotPlaceBookBookcase-v1', 'L3_TwoRobotPlaceBrushRest-v1', 'L3_TwoRobotPlaceBurgerTray-v1', 'L3_TwoRobotPlaceChipsRack-v1', 'L3_TwoRobotPlaceClothBasket-v1', 'L3_TwoRobotPlaceCommodityRack-v1', 'L3_TwoRobotPlaceCupPlate-v1', 'L3_TwoRobotPlaceFileFolder-v1', 'L3_TwoRobotPlaceFoodScale-v1', 'L3_TwoRobotPlaceFruitBox-v1', 'L3_TwoRobotPlaceMagazineFolder-v1', 'L3_TwoRobotPlaceMugRack-v1', 'L3_TwoRobotPlacePillBox-v1', 'L3_TwoRobotPlacePlateRack-v1', 'L3_TwoRobotPlaceScrewdriver-v1', 'L3_TwoRobotPlaceShoeBox-v1', 'L3_TwoRobotPourCup-v1', 'L3_TwoRobotPourKetchupFries-v1', 'L3_TwoRobotPourKettle-v1', 'L3_TwoRobotPourLiquidCup-v1', 'L3_TwoRobotPourLiquidFilter-v1', 'L3_TwoRobotPourLiquidMug-v1', 'L3_TwoRobotPressJuicer-v1', 'L3_TwoRobotPressStapler-v1', 'L3_TwoRobotPutBox-v1', 'L3_TwoRobotPutCubeOnScale-v1', 'L3_TwoRobotScanMilkBox-v1', 'L3_TwoRobotScanPillBottle-v1', 'L3_TwoRobotStirSpoon-v1', 'L3_TwoRobotTransFood-v1', 'L3_TwoRobotWipePot-v1']

✓ Filtered human configs: 1 loaded, 0 skipped

✓ Filtered sim configs: 3 loaded, 0 skipped

================================================================================
🎥 LOADING HUMAN VIDEO DATASET
================================================================================
Loading datasets from config: /var/tmp/imitator-game-zxc/tmp/tmpsavuw9m2.json
Loading datasets:   0%|          | 0/1 [00:00<?, ?it/s]Loading datasets: 100%|██████████| 1/1 [00:00<00:00,  8.54it/s]Loading datasets: 100%|██████████| 1/1 [00:00<00:00,  8.53it/s]
[94mLoading episodes [0] from /var/tmp/imitator-game-zxc/data/imitator_human_v1/human_H57 with split train[0m
✓ Loaded 1 unique tasks
✓ HumanVideoDataset initialized
  - Tasks: 1
  - Cameras: ['zed2i']
  - Frames per sample: 10
  - Sampling strategy: uniform_jitter

================================================================================
🤖 LOADING SIM TRAJECTORY DATASET
================================================================================
  0%|          | 0/3 [00:00<?, ?it/s] 33%|███▎      | 1/3 [00:00<00:00,  3.06it/s] 67%|██████▋   | 2/3 [00:00<00:00,  2.95it/s]100%|██████████| 3/3 [00:01<00:00,  2.98it/s]100%|██████████| 3/3 [00:01<00:00,  2.98it/s]
/home/zxc/miniconda3/envs/imitator/lib/python3.12/site-packages/albumentations/core/validation.py:114: UserWarning: ShiftScaleRotate is a special case of Affine transform. Please use Affine transform instead.
  original_init(self, **validated_kwargs)
/home/zxc/miniconda3/envs/imitator/lib/python3.12/site-packages/torchvision/models/_utils.py:208: UserWarning: The parameter 'pretrained' is deprecated since 0.13 and may be removed in the future, please use 'weights' instead.
  warnings.warn(
/home/zxc/miniconda3/envs/imitator/lib/python3.12/site-packages/torchvision/models/_utils.py:223: UserWarning: Arguments other than a weight enum or `None` for 'weights' are deprecated since 0.13 and may be removed in the future. The current behavior is equivalent to passing `weights=ResNet18_Weights.IMAGENET1K_V1`. You can also use `weights=ResNet18_Weights.DEFAULT` to get the most up-to-date weights.
  warnings.warn(msg)
[94mloading episodes [0, 1, 2, 3, 4, 5, 6, 7, 8, 9, 10, 11, 12, 13, 14, 15, 16, 17, 18, 19, 20, 21, 22, 23, 24, 25, 26, 27, 28, 29, 30, 31, 32, 33, 34, 35, 36, 37, 38, 39, 40, 41, 42, 43, 44, 45, 46, 47, 48, 49] from /home/zxc/Imitator/experiments/act_placemugrack_levels/prepared/B012/sim/L0_TwoRobotPlaceMugRack-v1 with split train[0m
[94mloading episodes [0, 1, 2, 3, 4, 5, 6, 7, 8, 9, 10, 11, 12, 13, 14, 15, 16, 17, 18, 19, 20, 21, 22, 23, 24, 25, 26, 27, 28, 29, 30, 31, 32, 33, 34, 35, 36, 37, 38, 39, 40, 41, 42, 43, 44, 45, 46, 47, 48, 49] from /home/zxc/Imitator/experiments/act_placemugrack_levels/prepared/B012/sim/L1_TwoRobotPlaceMugRack-v1 with split train[0m
[94mloading episodes [0, 1, 2, 3, 4, 5, 6, 7, 8, 9, 10, 11, 12, 13, 14, 15, 16, 17, 18, 19, 20, 21, 22, 23, 24, 25, 26, 27, 28, 29, 30, 31, 32, 33, 34, 35, 36, 37, 38, 39, 40, 41, 42, 43, 44, 45, 46, 47, 48, 49] from /home/zxc/Imitator/experiments/act_placemugrack_levels/prepared/B012/sim/L2_TwoRobotPlaceMugRack-v1 with split train[0m

================================================================================
🔗 VALIDATING HUMAN-SIM TASK PAIRINGS
================================================================================

🔑 Indexing human videos...
   ✓ human_H57 - 1 episodes

🔑 Indexing sim trajectories (O(sub-datasets))...
   L0_TwoRobotPlaceMugRack-v1: 11228 samples
   L1_TwoRobotPlaceMugRack-v1: 12079 samples
   L2_TwoRobotPlaceMugRack-v1: 11304 samples

🔍 Validating pairings...

✅ Successfully paired: 3 task pair(s)


================================================================================
✅ HUMAN-SIM PAIRED DATASET READY
================================================================================
📊 Summary:
   - Total sim samples: 34611
   - Valid paired samples: 34611
   - Skipped samples: 0
   - Valid paired tasks: 3
   - Input mode: video_only
   - Include first frame: True
================================================================================

\n   Building FrozenVideoBackbone (dinov2_vitl14) [Frozen] ...

============================================================
[FrozenBB] Setting up frozen backbone cache (dinov2_vitl14)
  Backbone: 0 frozen tensors | Adapter: 525.8K trainable params
  [RawFeatCache] Loaded 1 entries ← /home/zxc/Imitator/experiments/act_placemugrack_levels/runs/B012_s1/te_cache/backbone_dinov2_vitl14/raw_features.pt
  [RawFeatCache] Cache ready: 1 entries loaded from disk.
  [Done] CachedFrozenBackbone ready.
  Expected per-step cost: ~0.15 ms  (dict lookup + adapter)
============================================================

   FrozenVideoBackbone: backbone frozen, cache active, adapter trainable.
  [SkipVideo] skip_human_video=True activated on dataset (1 cache entries cover all tasks).
  Video decode cost (~50-100 ms/sample) eliminated for training.

   ACTAgent ready
   Task encoder:  frozen_backbone (dinov2_vitl14)
   Input mode:    video_only
   Total params:  17.21M  |  Trainable: 17.21M
/home/zxc/miniconda3/envs/imitator/lib/python3.12/site-packages/torch/cuda/__init__.py:61: FutureWarning: The pynvml package is deprecated. Please install nvidia-ml-py instead. If you did not install pynvml directly, please report this to the maintainers of the package that installed pynvml for you.
  import pynvml  # type: ignore[import]
2026-10-07 23:47:27.549770: E external/local_xla/xla/stream_executor/cuda/cuda_fft.cc:467] Unable to register cuFFT factory: Attempting to register factory for plugin cuFFT when one has already been registered
WARNING: All log messages before absl::InitializeLog() is called are written to STDERR
E0000 00:00:1791388047.559139 2454792 cuda_dnn.cc:8579] Unable to register cuDNN factory: Attempting to register factory for plugin cuDNN when one has already been registered
E0000 00:00:1791388047.562357 2454792 cuda_blas.cc:1407] Unable to register cuBLAS factory: Attempting to register factory for plugin cuBLAS when one has already been registered
W0000 00:00:1791388047.570945 2454792 computation_placer.cc:177] computation placer already registered. Please check linkage and avoid linking the same target more than once.
W0000 00:00:1791388047.570954 2454792 computation_placer.cc:177] computation placer already registered. Please check linkage and avoid linking the same target more than once.
W0000 00:00:1791388047.570956 2454792 computation_placer.cc:177] computation placer already registered. Please check linkage and avoid linking the same target more than once.
W0000 00:00:1791388047.570964 2454792 computation_placer.cc:177] computation placer already registered. Please check linkage and avoid linking the same target more than once.
/home/zxc/miniconda3/envs/imitator/lib/python3.12/site-packages/torch/cuda/__init__.py:61: FutureWarning: The pynvml package is deprecated. Please install nvidia-ml-py instead. If you did not install pynvml directly, please report this to the maintainers of the package that installed pynvml for you.
  import pynvml  # type: ignore[import]
2026-10-07 23:47:32.401264: E external/local_xla/xla/stream_executor/cuda/cuda_fft.cc:467] Unable to register cuFFT factory: Attempting to register factory for plugin cuFFT when one has already been registered
WARNING: All log messages before absl::InitializeLog() is called are written to STDERR
E0000 00:00:1791388052.410562 2454917 cuda_dnn.cc:8579] Unable to register cuDNN factory: Attempting to register factory for plugin cuDNN when one has already been registered
E0000 00:00:1791388052.413630 2454917 cuda_blas.cc:1407] Unable to register cuBLAS factory: Attempting to register factory for plugin cuBLAS when one has already been registered
W0000 00:00:1791388052.422081 2454917 computation_placer.cc:177] computation placer already registered. Please check linkage and avoid linking the same target more than once.
W0000 00:00:1791388052.422091 2454917 computation_placer.cc:177] computation placer already registered. Please check linkage and avoid linking the same target more than once.
W0000 00:00:1791388052.422094 2454917 computation_placer.cc:177] computation placer already registered. Please check linkage and avoid linking the same target more than once.
W0000 00:00:1791388052.422096 2454917 computation_placer.cc:177] computation placer already registered. Please check linkage and avoid linking the same target more than once.
/home/zxc/miniconda3/envs/imitator/lib/python3.12/site-packages/torch/cuda/__init__.py:61: FutureWarning: The pynvml package is deprecated. Please install nvidia-ml-py instead. If you did not install pynvml directly, please report this to the maintainers of the package that installed pynvml for you.
  import pynvml  # type: ignore[import]
2026-10-07 23:47:37.276126: E external/local_xla/xla/stream_executor/cuda/cuda_fft.cc:467] Unable to register cuFFT factory: Attempting to register factory for plugin cuFFT when one has already been registered
WARNING: All log messages before absl::InitializeLog() is called are written to STDERR
E0000 00:00:1791388057.285355 2455019 cuda_dnn.cc:8579] Unable to register cuDNN factory: Attempting to register factory for plugin cuDNN when one has already been registered
E0000 00:00:1791388057.288478 2455019 cuda_blas.cc:1407] Unable to register cuBLAS factory: Attempting to register factory for plugin cuBLAS when one has already been registered
W0000 00:00:1791388057.296950 2455019 computation_placer.cc:177] computation placer already registered. Please check linkage and avoid linking the same target more than once.
W0000 00:00:1791388057.296961 2455019 computation_placer.cc:177] computation placer already registered. Please check linkage and avoid linking the same target more than once.
W0000 00:00:1791388057.296964 2455019 computation_placer.cc:177] computation placer already registered. Please check linkage and avoid linking the same target more than once.
W0000 00:00:1791388057.296966 2455019 computation_placer.cc:177] computation placer already registered. Please check linkage and avoid linking the same target more than once.
/home/zxc/miniconda3/envs/imitator/lib/python3.12/site-packages/torch/cuda/__init__.py:61: FutureWarning: The pynvml package is deprecated. Please install nvidia-ml-py instead. If you did not install pynvml directly, please report this to the maintainers of the package that installed pynvml for you.
  import pynvml  # type: ignore[import]
2026-10-07 23:47:42.093865: E external/local_xla/xla/stream_executor/cuda/cuda_fft.cc:467] Unable to register cuFFT factory: Attempting to register factory for plugin cuFFT when one has already been registered
WARNING: All log messages before absl::InitializeLog() is called are written to STDERR
E0000 00:00:1791388062.103051 2455138 cuda_dnn.cc:8579] Unable to register cuDNN factory: Attempting to register factory for plugin cuDNN when one has already been registered
E0000 00:00:1791388062.106150 2455138 cuda_blas.cc:1407] Unable to register cuBLAS factory: Attempting to register factory for plugin cuBLAS when one has already been registered
W0000 00:00:1791388062.114483 2455138 computation_placer.cc:177] computation placer already registered. Please check linkage and avoid linking the same target more than once.
W0000 00:00:1791388062.114494 2455138 computation_placer.cc:177] computation placer already registered. Please check linkage and avoid linking the same target more than once.
W0000 00:00:1791388062.114496 2455138 computation_placer.cc:177] computation placer already registered. Please check linkage and avoid linking the same target more than once.
W0000 00:00:1791388062.114498 2455138 computation_placer.cc:177] computation placer already registered. Please check linkage and avoid linking the same target more than once.
/home/zxc/miniconda3/envs/imitator/lib/python3.12/site-packages/torch/cuda/__init__.py:61: FutureWarning: The pynvml package is deprecated. Please install nvidia-ml-py instead. If you did not install pynvml directly, please report this to the maintainers of the package that installed pynvml for you.
  import pynvml  # type: ignore[import]
2026-10-07 23:47:46.949694: E external/local_xla/xla/stream_executor/cuda/cuda_fft.cc:467] Unable to register cuFFT factory: Attempting to register factory for plugin cuFFT when one has already been registered
WARNING: All log messages before absl::InitializeLog() is called are written to STDERR
E0000 00:00:1791388066.958934 2455241 cuda_dnn.cc:8579] Unable to register cuDNN factory: Attempting to register factory for plugin cuDNN when one has already been registered
E0000 00:00:1791388066.962033 2455241 cuda_blas.cc:1407] Unable to register cuBLAS factory: Attempting to register factory for plugin cuBLAS when one has already been registered
W0000 00:00:1791388066.970487 2455241 computation_placer.cc:177] computation placer already registered. Please check linkage and avoid linking the same target more than once.
W0000 00:00:1791388066.970497 2455241 computation_placer.cc:177] computation placer already registered. Please check linkage and avoid linking the same target more than once.
W0000 00:00:1791388066.970500 2455241 computation_placer.cc:177] computation placer already registered. Please check linkage and avoid linking the same target more than once.
W0000 00:00:1791388066.970502 2455241 computation_placer.cc:177] computation placer already registered. Please check linkage and avoid linking the same target more than once.
/home/zxc/miniconda3/envs/imitator/lib/python3.12/site-packages/torch/cuda/__init__.py:61: FutureWarning: The pynvml package is deprecated. Please install nvidia-ml-py instead. If you did not install pynvml directly, please report this to the maintainers of the package that installed pynvml for you.
  import pynvml  # type: ignore[import]
2026-10-07 23:47:51.845617: E external/local_xla/xla/stream_executor/cuda/cuda_fft.cc:467] Unable to register cuFFT factory: Attempting to register factory for plugin cuFFT when one has already been registered
WARNING: All log messages before absl::InitializeLog() is called are written to STDERR
E0000 00:00:1791388071.854697 2455378 cuda_dnn.cc:8579] Unable to register cuDNN factory: Attempting to register factory for plugin cuDNN when one has already been registered
E0000 00:00:1791388071.857780 2455378 cuda_blas.cc:1407] Unable to register cuBLAS factory: Attempting to register factory for plugin cuBLAS when one has already been registered
W0000 00:00:1791388071.866056 2455378 computation_placer.cc:177] computation placer already registered. Please check linkage and avoid linking the same target more than once.
W0000 00:00:1791388071.866069 2455378 computation_placer.cc:177] computation placer already registered. Please check linkage and avoid linking the same target more than once.
W0000 00:00:1791388071.866077 2455378 computation_placer.cc:177] computation placer already registered. Please check linkage and avoid linking the same target more than once.
W0000 00:00:1791388071.866079 2455378 computation_placer.cc:177] computation placer already registered. Please check linkage and avoid linking the same target more than once.
/home/zxc/miniconda3/envs/imitator/lib/python3.12/site-packages/torch/cuda/__init__.py:61: FutureWarning: The pynvml package is deprecated. Please install nvidia-ml-py instead. If you did not install pynvml directly, please report this to the maintainers of the package that installed pynvml for you.
  import pynvml  # type: ignore[import]
2026-10-07 23:47:56.692895: E external/local_xla/xla/stream_executor/cuda/cuda_fft.cc:467] Unable to register cuFFT factory: Attempting to register factory for plugin cuFFT when one has already been registered
WARNING: All log messages before absl::InitializeLog() is called are written to STDERR
E0000 00:00:1791388076.702276 2455477 cuda_dnn.cc:8579] Unable to register cuDNN factory: Attempting to register factory for plugin cuDNN when one has already been registered
E0000 00:00:1791388076.705479 2455477 cuda_blas.cc:1407] Unable to register cuBLAS factory: Attempting to register factory for plugin cuBLAS when one has already been registered
W0000 00:00:1791388076.713958 2455477 computation_placer.cc:177] computation placer already registered. Please check linkage and avoid linking the same target more than once.
W0000 00:00:1791388076.713970 2455477 computation_placer.cc:177] computation placer already registered. Please check linkage and avoid linking the same target more than once.
W0000 00:00:1791388076.713973 2455477 computation_placer.cc:177] computation placer already registered. Please check linkage and avoid linking the same target more than once.
W0000 00:00:1791388076.713975 2455477 computation_placer.cc:177] computation placer already registered. Please check linkage and avoid linking the same target more than once.
/home/zxc/miniconda3/envs/imitator/lib/python3.12/site-packages/torch/cuda/__init__.py:61: FutureWarning: The pynvml package is deprecated. Please install nvidia-ml-py instead. If you did not install pynvml directly, please report this to the maintainers of the package that installed pynvml for you.
  import pynvml  # type: ignore[import]
2026-10-07 23:48:01.502973: E external/local_xla/xla/stream_executor/cuda/cuda_fft.cc:467] Unable to register cuFFT factory: Attempting to register factory for plugin cuFFT when one has already been registered
WARNING: All log messages before absl::InitializeLog() is called are written to STDERR
E0000 00:00:1791388081.512133 2455603 cuda_dnn.cc:8579] Unable to register cuDNN factory: Attempting to register factory for plugin cuDNN when one has already been registered
E0000 00:00:1791388081.515260 2455603 cuda_blas.cc:1407] Unable to register cuBLAS factory: Attempting to register factory for plugin cuBLAS when one has already been registered
W0000 00:00:1791388081.523623 2455603 computation_placer.cc:177] computation placer already registered. Please check linkage and avoid linking the same target more than once.
W0000 00:00:1791388081.523636 2455603 computation_placer.cc:177] computation placer already registered. Please check linkage and avoid linking the same target more than once.
W0000 00:00:1791388081.523639 2455603 computation_placer.cc:177] computation placer already registered. Please check linkage and avoid linking the same target more than once.
W0000 00:00:1791388081.523641 2455603 computation_placer.cc:177] computation placer already registered. Please check linkage and avoid linking the same target more than once.
{"step": 1, "samples": 64, "level_sample_counts": {"L0": 22, "L1": 21, "L2": 21}, "elapsed_train_s": 1.822921127997688, "lr": [1.1111111111111112e-07, 1.1111111111111112e-08], "loss": 91.13631439208984, "l1": 0.859150767326355, "kl": 9.027715682983398, "memory_allocated_GiB": 0.2731194496154785}
{"step": 50, "samples": 3200, "level_sample_counts": {"L0": 1067, "L1": 1067, "L2": 1066}, "elapsed_train_s": 4.121959672003868, "lr": [5.555555555555556e-06, 5.555555555555555e-07], "loss": 81.94402858189174, "l1": 0.7075827279869391, "kl": 8.123644527123899, "memory_allocated_GiB": 0.27367639541625977}
{"step": 100, "samples": 6400, "level_sample_counts": {"L0": 2134, "L1": 2133, "L2": 2133}, "elapsed_train_s": 6.145741611006088, "lr": [1.1111111111111112e-05, 1.111111111111111e-06], "loss": 39.005864486694335, "l1": 0.4526445233821869, "kl": 3.855322017669678, "memory_allocated_GiB": 0.27306604385375977}
{"step": 150, "samples": 9600, "level_sample_counts": {"L0": 3200, "L1": 3200, "L2": 3200}, "elapsed_train_s": 8.198903661992517, "lr": [1.6666666666666667e-05, 1.6666666666666667e-06], "loss": 6.475162305831909, "l1": 0.3533705222606659, "kl": 0.6121791803836822, "memory_allocated_GiB": 0.27306604385375977}
{"step": 200, "samples": 12800, "level_sample_counts": {"L0": 4267, "L1": 4267, "L2": 4266}, "elapsed_train_s": 10.244009023997933, "lr": [2.2222222222222223e-05, 2.222222222222222e-06], "loss": 2.6612065982818605, "l1": 0.27623562037944793, "kl": 0.23849709779024125, "memory_allocated_GiB": 0.27367639541625977}
{"step": 250, "samples": 16000, "level_sample_counts": {"L0": 5334, "L1": 5333, "L2": 5333}, "elapsed_train_s": 12.338031172999763, "lr": [2.777777777777778e-05, 2.7777777777777783e-06], "loss": 1.894058074951172, "l1": 0.2286716791987419, "kl": 0.16653864055871964, "memory_allocated_GiB": 0.27306604385375977}
{"step": 300, "samples": 19200, "level_sample_counts": {"L0": 6400, "L1": 6400, "L2": 6400}, "elapsed_train_s": 14.472226109006442, "lr": [3.3333333333333335e-05, 3.3333333333333333e-06], "loss": 1.389663598537445, "l1": 0.20221856981515884, "kl": 0.11874450296163559, "memory_allocated_GiB": 0.27306604385375977}
{"step": 350, "samples": 22400, "level_sample_counts": {"L0": 7467, "L1": 7467, "L2": 7466}, "elapsed_train_s": 16.540996160998475, "lr": [3.888888888888889e-05, 3.88888888888889e-06], "loss": 1.011260942220688, "l1": 0.18464887708425523, "kl": 0.0826612064242363, "memory_allocated_GiB": 0.27367639541625977}
{"step": 400, "samples": 25600, "level_sample_counts": {"L0": 8534, "L1": 8533, "L2": 8533}, "elapsed_train_s": 18.574598837003578, "lr": [4.4444444444444447e-05, 4.444444444444444e-06], "loss": 0.737028785943985, "l1": 0.1742827919125557, "kl": 0.05627459906041622, "memory_allocated_GiB": 0.27306604385375977}
{"step": 450, "samples": 28800, "level_sample_counts": {"L0": 9600, "L1": 9600, "L2": 9600}, "elapsed_train_s": 20.61348893599643, "lr": [5e-05, 5e-06], "loss": 0.5358549445867539, "l1": 0.1636735874414444, "kl": 0.037218135669827464, "memory_allocated_GiB": 0.27306604385375977}
{"step": 500, "samples": 32000, "level_sample_counts": {"L0": 10667, "L1": 10667, "L2": 10666}, "elapsed_train_s": 22.664909090002766, "lr": [5.555555555555556e-05, 5.555555555555557e-06], "loss": 0.39546441376209257, "l1": 0.1537374573945999, "kl": 0.024172695986926555, "memory_allocated_GiB": 0.27367639541625977}
{"step": 550, "samples": 35200, "level_sample_counts": {"L0": 11734, "L1": 11733, "L2": 11733}, "elapsed_train_s": 24.70325254999625, "lr": [6.111111111111112e-05, 6.111111111111112e-06], "loss": 0.3022722148895264, "l1": 0.14518291413784026, "kl": 0.01570893030613661, "memory_allocated_GiB": 0.27306604385375977}
{"step": 600, "samples": 38400, "level_sample_counts": {"L0": 12800, "L1": 12800, "L2": 12800}, "elapsed_train_s": 26.88048371099285, "lr": [6.666666666666667e-05, 6.666666666666667e-06], "loss": 0.24329896926879882, "l1": 0.13603260576725007, "kl": 0.010726636555045844, "memory_allocated_GiB": 0.27306604385375977}
{"step": 650, "samples": 41600, "level_sample_counts": {"L0": 13867, "L1": 13867, "L2": 13866}, "elapsed_train_s": 29.04959715300356, "lr": [7.222222222222222e-05, 7.222222222222223e-06], "loss": 0.20359400361776353, "l1": 0.12701383948326112, "kl": 0.00765801633708179, "memory_allocated_GiB": 0.27367639541625977}
{"step": 700, "samples": 44800, "level_sample_counts": {"L0": 14934, "L1": 14933, "L2": 14933}, "elapsed_train_s": 31.13115027800086, "lr": [7.777777777777778e-05, 7.77777777777778e-06], "loss": 0.17771918058395386, "l1": 0.120265324562788, "kl": 0.0057453857362270355, "memory_allocated_GiB": 0.27306604385375977}
{"step": 750, "samples": 48000, "level_sample_counts": {"L0": 16000, "L1": 16000, "L2": 16000}, "elapsed_train_s": 33.22251227000379, "lr": [8.333333333333334e-05, 8.333333333333334e-06], "loss": 0.15870255768299102, "l1": 0.11465224027633666, "kl": 0.004405031781643629, "memory_allocated_GiB": 0.27306604385375977}
{"step": 800, "samples": 51200, "level_sample_counts": {"L0": 17067, "L1": 17067, "L2": 17066}, "elapsed_train_s": 35.304400373992394, "lr": [8.888888888888889e-05, 8.888888888888888e-06], "loss": 0.14256851345300675, "l1": 0.10848289608955383, "kl": 0.0034085618518292903, "memory_allocated_GiB": 0.27367639541625977}
{"step": 850, "samples": 54400, "level_sample_counts": {"L0": 18134, "L1": 18133, "L2": 18133}, "elapsed_train_s": 37.372003216994926, "lr": [9.444444444444444e-05, 9.444444444444445e-06], "loss": 0.13258811593055725, "l1": 0.10442412436008454, "kl": 0.0028163992427289487, "memory_allocated_GiB": 0.27306604385375977}
{"step": 900, "samples": 57600, "level_sample_counts": {"L0": 19200, "L1": 19200, "L2": 19200}, "elapsed_train_s": 39.48962144499819, "lr": [0.0001, 1e-05], "loss": 0.12210647404193878, "l1": 0.09835050940513611, "kl": 0.00237559643574059, "memory_allocated_GiB": 0.27306604385375977}
{"step": 950, "samples": 60800, "level_sample_counts": {"L0": 20267, "L1": 20267, "L2": 20266}, "elapsed_train_s": 41.573185186003684, "lr": [9.999789047591562e-05, 9.999789047591563e-06], "loss": 0.1154118125140667, "l1": 0.09633009061217308, "kl": 0.001908172145485878, "memory_allocated_GiB": 0.27367639541625977}
{"step": 1000, "samples": 64000, "level_sample_counts": {"L0": 21334, "L1": 21333, "L2": 21333}, "elapsed_train_s": 43.66809407400433, "lr": [9.999156208166614e-05, 9.999156208166614e-06], "loss": 0.10780855029821396, "l1": 0.09063941925764084, "kl": 0.001716913105919957, "memory_allocated_GiB": 0.27306604385375977}
{"step": 1050, "samples": 67200, "level_sample_counts": {"L0": 22400, "L1": 22400, "L2": 22400}, "elapsed_train_s": 45.79722791700624, "lr": [9.998101535124758e-05, 9.998101535124758e-06], "loss": 0.10410869985818863, "l1": 0.08903704077005387, "kl": 0.00150716588832438, "memory_allocated_GiB": 0.27306604385375977}
{"step": 1100, "samples": 70400, "level_sample_counts": {"L0": 23467, "L1": 23467, "L2": 23466}, "elapsed_train_s": 47.94168531100149, "lr": [9.996625117460318e-05, 9.996625117460319e-06], "loss": 0.09878389015793801, "l1": 0.08620114356279374, "kl": 0.001258274670690298, "memory_allocated_GiB": 0.27367639541625977}
{"step": 1150, "samples": 73600, "level_sample_counts": {"L0": 24534, "L1": 24533, "L2": 24533}, "elapsed_train_s": 50.05035824100196, "lr": [9.994727079754844e-05, 9.994727079754845e-06], "loss": 0.095877356082201, "l1": 0.08374257549643517, "kl": 0.0012134780548512935, "memory_allocated_GiB": 0.27306604385375977}
{"step": 1200, "samples": 76800, "level_sample_counts": {"L0": 25600, "L1": 25600, "L2": 25600}, "elapsed_train_s": 52.17021687599481, "lr": [9.992407582166581e-05, 9.992407582166582e-06], "loss": 0.09174186393618583, "l1": 0.08176374718546868, "kl": 0.0009978116769343614, "memory_allocated_GiB": 0.27306604385375977}
{"step": 1250, "samples": 80000, "level_sample_counts": {"L0": 26667, "L1": 26667, "L2": 26666}, "elapsed_train_s": 54.341198505004286, "lr": [9.989666820416974e-05, 9.989666820416974e-06], "loss": 0.08969655603170396, "l1": 0.07996484950184822, "kl": 0.0009731707070022821, "memory_allocated_GiB": 0.27367639541625977}
{"step": 1300, "samples": 83200, "level_sample_counts": {"L0": 27734, "L1": 27733, "L2": 27733}, "elapsed_train_s": 56.52223028099979, "lr": [9.986505025774138e-05, 9.986505025774137e-06], "loss": 0.08618779331445695, "l1": 0.07698667019605637, "kl": 0.0009201122913509608, "memory_allocated_GiB": 0.27306604385375977}
{"step": 1350, "samples": 86400, "level_sample_counts": {"L0": 28800, "L1": 28800, "L2": 28800}, "elapsed_train_s": 58.58565234899288, "lr": [9.98292246503335e-05, 9.98292246503335e-06], "loss": 0.08367412686347961, "l1": 0.07557642444968224, "kl": 0.0008097702730447054, "memory_allocated_GiB": 0.27306604385375977}
{"step": 1400, "samples": 89600, "level_sample_counts": {"L0": 29867, "L1": 29867, "L2": 29866}, "elapsed_train_s": 60.703407187000266, "lr": [9.978919440494539e-05, 9.978919440494538e-06], "loss": 0.0816274082660675, "l1": 0.07407275900244713, "kl": 0.0007554648816585541, "memory_allocated_GiB": 0.27367639541625977}
{"step": 1450, "samples": 92800, "level_sample_counts": {"L0": 30934, "L1": 30933, "L2": 30933}, "elapsed_train_s": 62.79685769700154, "lr": [9.974496289936769e-05, 9.974496289936769e-06], "loss": 0.08032202422618866, "l1": 0.07311144992709159, "kl": 0.0007210575137287378, "memory_allocated_GiB": 0.27306604385375977}
{"step": 1500, "samples": 96000, "level_sample_counts": {"L0": 32000, "L1": 32000, "L2": 32000}, "elapsed_train_s": 64.91140468900267, "lr": [9.969653386589748e-05, 9.969653386589749e-06], "loss": 0.0780316524207592, "l1": 0.07129923984408379, "kl": 0.0006732412334531546, "memory_allocated_GiB": 0.27306604385375977}
{"step": 1550, "samples": 99200, "level_sample_counts": {"L0": 33067, "L1": 33067, "L2": 33066}, "elapsed_train_s": 67.01923346899275, "lr": [9.964391139102325e-05, 9.964391139102325e-06], "loss": 0.0769634959101677, "l1": 0.07072526887059212, "kl": 0.0006238227244466544, "memory_allocated_GiB": 0.27367639541625977}
{"step": 1600, "samples": 102400, "level_sample_counts": {"L0": 34134, "L1": 34133, "L2": 34133}, "elapsed_train_s": 69.11814676100039, "lr": [9.958709991508012e-05, 9.958709991508013e-06], "loss": 0.07537930965423584, "l1": 0.06832856804132462, "kl": 0.00070507419295609, "memory_allocated_GiB": 0.27306604385375977}
{"step": 1650, "samples": 105600, "level_sample_counts": {"L0": 35200, "L1": 35200, "L2": 35200}, "elapsed_train_s": 71.22121275799873, "lr": [9.952610423187516e-05, 9.952610423187516e-06], "loss": 0.07350016191601753, "l1": 0.06729939863085747, "kl": 0.0006200763210654259, "memory_allocated_GiB": 0.27306604385375977}
{"step": 1700, "samples": 108800, "level_sample_counts": {"L0": 36267, "L1": 36267, "L2": 36266}, "elapsed_train_s": 73.45875582199369, "lr": [9.946092948828289e-05, 9.94609294882829e-06], "loss": 0.07168812245130539, "l1": 0.06608681209385395, "kl": 0.0005601310078054666, "memory_allocated_GiB": 0.27367639541625977}
{"step": 1750, "samples": 112000, "level_sample_counts": {"L0": 37334, "L1": 37333, "L2": 37333}, "elapsed_train_s": 75.63631017299485, "lr": [9.939158118381098e-05, 9.939158118381097e-06], "loss": 0.07118844643235206, "l1": 0.06567169241607189, "kl": 0.0005516753718256951, "memory_allocated_GiB": 0.27306604385375977}
{"step": 1800, "samples": 115200, "level_sample_counts": {"L0": 38400, "L1": 38400, "L2": 38400}, "elapsed_train_s": 77.89988517199527, "lr": [9.931806517013612e-05, 9.931806517013612e-06], "loss": 0.06848242402076721, "l1": 0.06376620076596737, "kl": 0.0004716223478317261, "memory_allocated_GiB": 0.27306604385375977}
{"step": 1850, "samples": 118400, "level_sample_counts": {"L0": 39467, "L1": 39467, "L2": 39466}, "elapsed_train_s": 80.56316759699257, "lr": [9.924038765061042e-05, 9.924038765061042e-06], "loss": 0.06785385310649872, "l1": 0.0632031113654375, "kl": 0.00046507421880960466, "memory_allocated_GiB": 0.27367639541625977}
{"step": 1900, "samples": 121600, "level_sample_counts": {"L0": 40534, "L1": 40533, "L2": 40533}, "elapsed_train_s": 82.67672961999779, "lr": [9.915855517973776e-05, 9.915855517973776e-06], "loss": 0.06729293406009675, "l1": 0.06252984583377838, "kl": 0.0004763088747859001, "memory_allocated_GiB": 0.27306604385375977}
{"step": 1950, "samples": 124800, "level_sample_counts": {"L0": 41600, "L1": 41600, "L2": 41600}, "elapsed_train_s": 84.79466305799724, "lr": [9.90725746626209e-05, 9.90725746626209e-06], "loss": 0.06589319705963134, "l1": 0.06159594818949699, "kl": 0.0004297249112278223, "memory_allocated_GiB": 0.27306604385375977}
{"step": 2000, "samples": 128000, "level_sample_counts": {"L0": 42667, "L1": 42667, "L2": 42666}, "elapsed_train_s": 86.89058086399746, "lr": [9.89824533543787e-05, 9.89824533543787e-06], "loss": 0.06565285615622997, "l1": 0.06142750285565853, "kl": 0.00042253530584275724, "memory_allocated_GiB": 0.27367639541625977}
{"step": 2050, "samples": 131200, "level_sample_counts": {"L0": 43734, "L1": 43733, "L2": 43733}, "elapsed_train_s": 89.05664802899992, "lr": [9.888819885953398e-05, 9.888819885953398e-06], "loss": 0.06439249254763127, "l1": 0.060073741003870966, "kl": 0.00043187515810132025, "memory_allocated_GiB": 0.27306604385375977}
{"step": 2100, "samples": 134400, "level_sample_counts": {"L0": 44800, "L1": 44800, "L2": 44800}, "elapsed_train_s": 91.24199739999312, "lr": [9.878981913137179e-05, 9.878981913137178e-06], "loss": 0.06299296773970127, "l1": 0.05877416536211968, "kl": 0.00042188022285699845, "memory_allocated_GiB": 0.27306604385375977}
{"step": 2150, "samples": 137600, "level_sample_counts": {"L0": 45867, "L1": 45867, "L2": 45866}, "elapsed_train_s": 93.45642095299263, "lr": [9.86873224712684e-05, 9.86873224712684e-06], "loss": 0.06215303003787995, "l1": 0.058278201818466185, "kl": 0.00038748281076550484, "memory_allocated_GiB": 0.27367639541625977}
{"step": 2200, "samples": 140800, "level_sample_counts": {"L0": 46934, "L1": 46933, "L2": 46933}, "elapsed_train_s": 95.67411406199972, "lr": [9.85807175279907e-05, 9.85807175279907e-06], "loss": 0.06181268379092217, "l1": 0.0578249379247427, "kl": 0.0003987745847553015, "memory_allocated_GiB": 0.27306604385375977}
{"step": 2250, "samples": 144000, "level_sample_counts": {"L0": 48000, "L1": 48000, "L2": 48000}, "elapsed_train_s": 97.8771200600022, "lr": [9.847001329696653e-05, 9.847001329696653e-06], "loss": 0.06126857861876488, "l1": 0.05693273678421974, "kl": 0.0004335842002183199, "memory_allocated_GiB": 0.27306604385375977}
{"step": 2300, "samples": 147200, "level_sample_counts": {"L0": 49067, "L1": 49067, "L2": 49066}, "elapsed_train_s": 100.20333056899835, "lr": [9.835521911952555e-05, 9.835521911952554e-06], "loss": 0.060448140949010847, "l1": 0.05637227423489094, "kl": 0.0004075866751372814, "memory_allocated_GiB": 0.27367639541625977}
{"step": 2350, "samples": 150400, "level_sample_counts": {"L0": 50134, "L1": 50133, "L2": 50133}, "elapsed_train_s": 102.41392922699742, "lr": [9.823634468211103e-05, 9.823634468211102e-06], "loss": 0.05873044095933437, "l1": 0.05528316155076027, "kl": 0.00034472797065973284, "memory_allocated_GiB": 0.27306604385375977}
{"step": 2400, "samples": 153600, "level_sample_counts": {"L0": 51200, "L1": 51200, "L2": 51200}, "elapsed_train_s": 104.66187428700505, "lr": [9.811340001546251e-05, 9.811340001546252e-06], "loss": 0.05825377486646175, "l1": 0.0547432055324316, "kl": 0.000351056894287467, "memory_allocated_GiB": 0.27306604385375977}
{"step": 2450, "samples": 156800, "level_sample_counts": {"L0": 52267, "L1": 52267, "L2": 52266}, "elapsed_train_s": 107.25194190599723, "lr": [9.798639549376945e-05, 9.798639549376946e-06], "loss": 0.05768937982618809, "l1": 0.054332119822502134, "kl": 0.0003357259836047888, "memory_allocated_GiB": 0.27367639541625977}
{"step": 2500, "samples": 160000, "level_sample_counts": {"L0": 53334, "L1": 53333, "L2": 53333}, "elapsed_train_s": 109.70799953700043, "lr": [9.785534183379572e-05, 9.785534183379571e-06], "loss": 0.05783945754170418, "l1": 0.0535215961933136, "kl": 0.00043178615160286424, "memory_allocated_GiB": 0.27306604385375977}
{"step": 2550, "samples": 163200, "level_sample_counts": {"L0": 54400, "L1": 54400, "L2": 54400}, "elapsed_train_s": 112.21722016000422, "lr": [9.772025009397537e-05, 9.772025009397538e-06], "loss": 0.05687565058469772, "l1": 0.053416164442896846, "kl": 0.0003459486458450556, "memory_allocated_GiB": 0.27306604385375977}
{"step": 2600, "samples": 166400, "level_sample_counts": {"L0": 55467, "L1": 55467, "L2": 55466}, "elapsed_train_s": 114.67792818599264, "lr": [9.75811316734796e-05, 9.75811316734796e-06], "loss": 0.055850917547941206, "l1": 0.05285069279372692, "kl": 0.00030002244748175146, "memory_allocated_GiB": 0.27367639541625977}
{"step": 2650, "samples": 169600, "level_sample_counts": {"L0": 56534, "L1": 56533, "L2": 56533}, "elapsed_train_s": 117.1668694849941, "lr": [9.743799831125472e-05, 9.743799831125472e-06], "loss": 0.054491220116615294, "l1": 0.05177073769271374, "kl": 0.00027204826474189756, "memory_allocated_GiB": 0.27306604385375977}
{"step": 2700, "samples": 172800, "level_sample_counts": {"L0": 57600, "L1": 57600, "L2": 57600}, "elapsed_train_s": 119.67018469500181, "lr": [9.729086208503174e-05, 9.729086208503174e-06], "loss": 0.05465059399604797, "l1": 0.05186567634344101, "kl": 0.00027849178761243823, "memory_allocated_GiB": 0.27306604385375977}
{"step": 2750, "samples": 176000, "level_sample_counts": {"L0": 58667, "L1": 58667, "L2": 58666}, "elapsed_train_s": 122.07898113799456, "lr": [9.713973541030716e-05, 9.713973541030716e-06], "loss": 0.05380045890808106, "l1": 0.050682908818125726, "kl": 0.00031175500713288785, "memory_allocated_GiB": 0.27367639541625977}
{"step": 2800, "samples": 179200, "level_sample_counts": {"L0": 59734, "L1": 59733, "L2": 59733}, "elapsed_train_s": 124.55570674200135, "lr": [9.698463103929542e-05, 9.698463103929542e-06], "loss": 0.05308274410665035, "l1": 0.050086833089590076, "kl": 0.0002995911054313183, "memory_allocated_GiB": 0.27306604385375977}
{"step": 2850, "samples": 182400, "level_sample_counts": {"L0": 60800, "L1": 60800, "L2": 60800}, "elapsed_train_s": 127.02269815000182, "lr": [9.682556205985274e-05, 9.682556205985274e-06], "loss": 0.05307009324431419, "l1": 0.04970356278121471, "kl": 0.000336653059348464, "memory_allocated_GiB": 0.27306604385375977}
{"step": 2900, "samples": 185600, "level_sample_counts": {"L0": 61867, "L1": 61867, "L2": 61866}, "elapsed_train_s": 129.50269449999905, "lr": [9.666254189437286e-05, 9.666254189437286e-06], "loss": 0.052352526262402534, "l1": 0.04960357241332531, "kl": 0.0002748954016715288, "memory_allocated_GiB": 0.27367639541625977}
{"step": 2950, "samples": 188800, "level_sample_counts": {"L0": 62934, "L1": 62933, "L2": 62933}, "elapsed_train_s": 131.9505878929922, "lr": [9.64955842986544e-05, 9.64955842986544e-06], "loss": 0.052799095883965495, "l1": 0.050091917663812636, "kl": 0.0002707178331911564, "memory_allocated_GiB": 0.27306604385375977}
{"step": 3000, "samples": 192000, "level_sample_counts": {"L0": 64000, "L1": 64000, "L2": 64000}, "elapsed_train_s": 134.4138668950036, "lr": [9.632470336074009e-05, 9.632470336074009e-06], "loss": 0.05085690081119537, "l1": 0.04790134452283382, "kl": 0.0002955556195229292, "memory_allocated_GiB": 0.27306604385375977}
{"step": 3050, "samples": 195200, "level_sample_counts": {"L0": 65067, "L1": 65067, "L2": 65066}, "elapsed_train_s": 136.8621790890029, "lr": [9.614991349972815e-05, 9.614991349972815e-06], "loss": 0.05067430756986141, "l1": 0.047725717946887014, "kl": 0.00029485898092389105, "memory_allocated_GiB": 0.27367639541625977}
{"step": 3100, "samples": 198400, "level_sample_counts": {"L0": 66134, "L1": 66133, "L2": 66133}, "elapsed_train_s": 139.35870364800212, "lr": [9.59712294645554e-05, 9.597122946455539e-06], "loss": 0.050378759205341336, "l1": 0.04765039965510368, "kl": 0.0002728359494358301, "memory_allocated_GiB": 0.27306604385375977}
{"step": 3150, "samples": 201600, "level_sample_counts": {"L0": 67200, "L1": 67200, "L2": 67200}, "elapsed_train_s": 141.85386051899695, "lr": [9.578866633275288e-05, 9.578866633275289e-06], "loss": 0.05133814051747322, "l1": 0.04793960370123387, "kl": 0.00033985369838774205, "memory_allocated_GiB": 0.27306604385375977}
{"step": 3200, "samples": 204800, "level_sample_counts": {"L0": 68267, "L1": 68267, "L2": 68266}, "elapsed_train_s": 144.29832929599797, "lr": [9.560223950917353e-05, 9.560223950917354e-06], "loss": 0.04931331157684326, "l1": 0.04627862326800823, "kl": 0.0003034688252955675, "memory_allocated_GiB": 0.27367639541625977}
{"step": 3250, "samples": 208000, "level_sample_counts": {"L0": 69334, "L1": 69333, "L2": 69333}, "elapsed_train_s": 146.79791566099448, "lr": [9.541196472469233e-05, 9.541196472469234e-06], "loss": 0.049746949970722196, "l1": 0.04654135271906853, "kl": 0.00032055974006652834, "memory_allocated_GiB": 0.27306604385375977}
{"step": 3300, "samples": 211200, "level_sample_counts": {"L0": 70400, "L1": 70400, "L2": 70400}, "elapsed_train_s": 149.2638530300028, "lr": [9.521785803487889e-05, 9.521785803487888e-06], "loss": 0.04971763022243977, "l1": 0.04646825574338436, "kl": 0.00032493744045495985, "memory_allocated_GiB": 0.27306604385375977}
{"step": 3350, "samples": 214400, "level_sample_counts": {"L0": 71467, "L1": 71467, "L2": 71466}, "elapsed_train_s": 151.72323692700593, "lr": [9.501993581864268e-05, 9.501993581864268e-06], "loss": 0.0487383422255516, "l1": 0.04601917371153832, "kl": 0.0002719168458133936, "memory_allocated_GiB": 0.27367639541625977}
{"step": 3400, "samples": 217600, "level_sample_counts": {"L0": 72534, "L1": 72533, "L2": 72533}, "elapsed_train_s": 154.189758884997, "lr": [9.481821477685101e-05, 9.481821477685102e-06], "loss": 0.04846144080162049, "l1": 0.04585401400923729, "kl": 0.00026074265129864214, "memory_allocated_GiB": 0.27306604385375977}
{"step": 3450, "samples": 220800, "level_sample_counts": {"L0": 73600, "L1": 73600, "L2": 73600}, "elapsed_train_s": 156.69020293900394, "lr": [9.46127119309197e-05, 9.461271193091971e-06], "loss": 0.047507527992129324, "l1": 0.04534096606075764, "kl": 0.00021665622480213643, "memory_allocated_GiB": 0.27306604385375977}
{"step": 3500, "samples": 224000, "level_sample_counts": {"L0": 74667, "L1": 74667, "L2": 74666}, "elapsed_train_s": 159.12136632300098, "lr": [9.440344462137689e-05, 9.44034446213769e-06], "loss": 0.0477093642950058, "l1": 0.04538647003471851, "kl": 0.0002322893962264061, "memory_allocated_GiB": 0.27367639541625977}
{"step": 3550, "samples": 227200, "level_sample_counts": {"L0": 75734, "L1": 75733, "L2": 75733}, "elapsed_train_s": 161.59257556499506, "lr": [9.419043050639973e-05, 9.419043050639973e-06], "loss": 0.046977226138114926, "l1": 0.044618664234876634, "kl": 0.0002358562033623457, "memory_allocated_GiB": 0.27306604385375977}
{"step": 3600, "samples": 230400, "level_sample_counts": {"L0": 76800, "L1": 76800, "L2": 76800}, "elapsed_train_s": 164.012628743003, "lr": [9.397368756032445e-05, 9.397368756032445e-06], "loss": 0.046972498521208765, "l1": 0.04415685459971428, "kl": 0.0002815643697977066, "memory_allocated_GiB": 0.27306604385375977}
{"step": 3650, "samples": 233600, "level_sample_counts": {"L0": 77867, "L1": 77867, "L2": 77866}, "elapsed_train_s": 166.51160821899248, "lr": [9.375323407212969e-05, 9.37532340721297e-06], "loss": 0.046393194943666456, "l1": 0.04406504578888416, "kl": 0.00023281486704945564, "memory_allocated_GiB": 0.27367639541625977}
{"step": 3700, "samples": 236800, "level_sample_counts": {"L0": 78934, "L1": 78933, "L2": 78933}, "elapsed_train_s": 168.99523863500508, "lr": [9.352908864389312e-05, 9.352908864389313e-06], "loss": 0.04638787865638733, "l1": 0.04405354656279087, "kl": 0.0002334332186728716, "memory_allocated_GiB": 0.27306604385375977}
{"step": 3750, "samples": 240000, "level_sample_counts": {"L0": 80000, "L1": 80000, "L2": 80000}, "elapsed_train_s": 171.53406775000622, "lr": [9.330127018922194e-05, 9.330127018922195e-06], "loss": 0.045790114551782606, "l1": 0.04353849217295647, "kl": 0.00022516224533319473, "memory_allocated_GiB": 0.27306604385375977}
{"step": 3800, "samples": 243200, "level_sample_counts": {"L0": 81067, "L1": 81067, "L2": 81066}, "elapsed_train_s": 174.00734015900525, "lr": [9.306979793165681e-05, 9.306979793165682e-06], "loss": 0.04542761482298374, "l1": 0.04307286120951176, "kl": 0.00023547535762190818, "memory_allocated_GiB": 0.27367639541625977}
{"step": 3850, "samples": 246400, "level_sample_counts": {"L0": 82134, "L1": 82133, "L2": 82133}, "elapsed_train_s": 176.44457578500442, "lr": [9.283469140304983e-05, 9.283469140304982e-06], "loss": 0.04528893887996674, "l1": 0.04273314468562603, "kl": 0.00025557941757142544, "memory_allocated_GiB": 0.27306604385375977}
{"step": 3900, "samples": 249600, "level_sample_counts": {"L0": 83200, "L1": 83200, "L2": 83200}, "elapsed_train_s": 178.84977742200135, "lr": [9.259597044191636e-05, 9.259597044191635e-06], "loss": 0.044856394529342654, "l1": 0.04241514876484871, "kl": 0.00024412457831203937, "memory_allocated_GiB": 0.27306604385375977}
{"step": 3950, "samples": 252800, "level_sample_counts": {"L0": 84267, "L1": 84267, "L2": 84266}, "elapsed_train_s": 181.079705355005, "lr": [9.23536551917611e-05, 9.23536551917611e-06], "loss": 0.0446258969604969, "l1": 0.04232538715004921, "kl": 0.00023005098104476927, "memory_allocated_GiB": 0.27367639541625977}
{"step": 4000, "samples": 256000, "level_sample_counts": {"L0": 85334, "L1": 85333, "L2": 85333}, "elapsed_train_s": 183.19954283999687, "lr": [9.210776609937829e-05, 9.21077660993783e-06], "loss": 0.04445844285190106, "l1": 0.04210329420864582, "kl": 0.00023551487363874913, "memory_allocated_GiB": 0.27306604385375977}
{"step": 4050, "samples": 259200, "level_sample_counts": {"L0": 86400, "L1": 86400, "L2": 86400}, "elapsed_train_s": 185.33448849599517, "lr": [9.185832391312644e-05, 9.185832391312644e-06], "loss": 0.04399011857807636, "l1": 0.041856111362576484, "kl": 0.0002134007029235363, "memory_allocated_GiB": 0.27306604385375977}
{"step": 4100, "samples": 262400, "level_sample_counts": {"L0": 87467, "L1": 87467, "L2": 87466}, "elapsed_train_s": 187.4577828170004, "lr": [9.160534968117752e-05, 9.160534968117752e-06], "loss": 0.043572580963373186, "l1": 0.04146678276360035, "kl": 0.00021057982929050922, "memory_allocated_GiB": 0.27367639541625977}
{"step": 4150, "samples": 265600, "level_sample_counts": {"L0": 88534, "L1": 88533, "L2": 88533}, "elapsed_train_s": 189.58312246500282, "lr": [9.134886474974091e-05, 9.134886474974092e-06], "loss": 0.042988278791308406, "l1": 0.04075319446623325, "kl": 0.0002235084306448698, "memory_allocated_GiB": 0.27306604385375977}
{"step": 4200, "samples": 268800, "level_sample_counts": {"L0": 89600, "L1": 89600, "L2": 89600}, "elapsed_train_s": 191.63127486300073, "lr": [9.108889076126226e-05, 9.108889076126226e-06], "loss": 0.04326967298984528, "l1": 0.04145051255822182, "kl": 0.00018191607668995857, "memory_allocated_GiB": 0.27306604385375977}
{"step": 4250, "samples": 272000, "level_sample_counts": {"L0": 90667, "L1": 90667, "L2": 90666}, "elapsed_train_s": 193.781973707999, "lr": [9.082544965259715e-05, 9.082544965259716e-06], "loss": 0.04294307328760624, "l1": 0.040950519442558286, "kl": 0.00019925538450479507, "memory_allocated_GiB": 0.27367639541625977}
{"step": 4300, "samples": 275200, "level_sample_counts": {"L0": 91734, "L1": 91733, "L2": 91733}, "elapsed_train_s": 195.9721392030042, "lr": [9.055856365316011e-05, 9.055856365316012e-06], "loss": 0.042236077934503555, "l1": 0.04021202243864536, "kl": 0.00020240556448698044, "memory_allocated_GiB": 0.27306604385375977}
{"step": 4350, "samples": 278400, "level_sample_counts": {"L0": 92800, "L1": 92800, "L2": 92800}, "elapsed_train_s": 198.09148082899628, "lr": [9.028825528304892e-05, 9.028825528304892e-06], "loss": 0.04183382391929626, "l1": 0.04004705265164375, "kl": 0.0001786771509796381, "memory_allocated_GiB": 0.27306604385375977}
{"step": 4400, "samples": 281600, "level_sample_counts": {"L0": 93867, "L1": 93867, "L2": 93866}, "elapsed_train_s": 200.24731304799207, "lr": [9.001454735114421e-05, 9.00145473511442e-06], "loss": 0.04158638536930084, "l1": 0.039607915058732034, "kl": 0.00019784699194133281, "memory_allocated_GiB": 0.27367639541625977}
{"step": 4450, "samples": 284800, "level_sample_counts": {"L0": 94934, "L1": 94933, "L2": 94933}, "elapsed_train_s": 202.36297325800115, "lr": [8.9737462953185e-05, 8.973746295318499e-06], "loss": 0.04215200215578079, "l1": 0.040236325934529305, "kl": 0.00019156762398779393, "memory_allocated_GiB": 0.27306604385375977}
{"step": 4500, "samples": 288000, "level_sample_counts": {"L0": 96000, "L1": 96000, "L2": 96000}, "elapsed_train_s": 204.61515877299826, "lr": [8.945702546981969e-05, 8.94570254698197e-06], "loss": 0.04197943262755871, "l1": 0.04010793454945087, "kl": 0.00018714980222284795, "memory_allocated_GiB": 0.27306604385375977}
{"step": 4550, "samples": 291200, "level_sample_counts": {"L0": 97067, "L1": 97067, "L2": 97066}, "elapsed_train_s": 206.81499163499393, "lr": [8.917325856463331e-05, 8.917325856463331e-06], "loss": 0.04131949715316296, "l1": 0.03941500313580036, "kl": 0.00019044939428567887, "memory_allocated_GiB": 0.27367639541625977}
{"step": 4600, "samples": 294400, "level_sample_counts": {"L0": 98134, "L1": 98133, "L2": 98133}, "elapsed_train_s": 209.05022327099869, "lr": [8.88861861821507e-05, 8.88861861821507e-06], "loss": 0.04109964109957218, "l1": 0.039286695048213006, "kl": 0.00018129458650946616, "memory_allocated_GiB": 0.27306604385375977}
{"step": 4650, "samples": 297600, "level_sample_counts": {"L0": 99200, "L1": 99200, "L2": 99200}, "elapsed_train_s": 211.3623997579998, "lr": [8.859583254581605e-05, 8.859583254581604e-06], "loss": 0.04157078169286251, "l1": 0.039777680560946466, "kl": 0.00017931008711457252, "memory_allocated_GiB": 0.27306604385375977}
{"step": 4700, "samples": 300800, "level_sample_counts": {"L0": 100267, "L1": 100267, "L2": 100266}, "elapsed_train_s": 214.0283424490044, "lr": [8.83022221559489e-05, 8.83022221559489e-06], "loss": 0.040600738525390624, "l1": 0.0387778514623642, "kl": 0.0001822887174785137, "memory_allocated_GiB": 0.27367639541625977}
{"step": 4750, "samples": 304000, "level_sample_counts": {"L0": 101334, "L1": 101333, "L2": 101333}, "elapsed_train_s": 216.55384092099848, "lr": [8.800537978767682e-05, 8.800537978767683e-06], "loss": 0.0404846478253603, "l1": 0.038601226806640625, "kl": 0.00018834211863577366, "memory_allocated_GiB": 0.27306604385375977}
{"step": 4800, "samples": 307200, "level_sample_counts": {"L0": 102400, "L1": 102400, "L2": 102400}, "elapsed_train_s": 219.00246813200647, "lr": [8.770533048884482e-05, 8.770533048884483e-06], "loss": 0.03936651535332203, "l1": 0.037554199919104574, "kl": 0.0001812315545976162, "memory_allocated_GiB": 0.27306604385375977}
{"step": 4850, "samples": 310400, "level_sample_counts": {"L0": 103467, "L1": 103467, "L2": 103466}, "elapsed_train_s": 221.5044290539954, "lr": [8.740209957790178e-05, 8.740209957790179e-06], "loss": 0.03975921243429184, "l1": 0.03813824966549873, "kl": 0.0001620962470769882, "memory_allocated_GiB": 0.27367639541625977}
{"step": 4900, "samples": 313600, "level_sample_counts": {"L0": 104534, "L1": 104533, "L2": 104533}, "elapsed_train_s": 223.96239675300603, "lr": [8.709571264176409e-05, 8.709571264176408e-06], "loss": 0.03994787782430649, "l1": 0.03836207397282124, "kl": 0.00015858040191233158, "memory_allocated_GiB": 0.27306604385375977}
{"step": 4950, "samples": 316800, "level_sample_counts": {"L0": 105600, "L1": 105600, "L2": 105600}, "elapsed_train_s": 226.42661124399456, "lr": [8.678619553365659e-05, 8.67861955336566e-06], "loss": 0.039705608412623404, "l1": 0.038007835745811465, "kl": 0.00016977726481854917, "memory_allocated_GiB": 0.27306604385375977}
{"step": 5000, "samples": 320000, "level_sample_counts": {"L0": 106667, "L1": 106667, "L2": 106666}, "elapsed_train_s": 228.86343441999634, "lr": [8.647357437093105e-05, 8.647357437093104e-06], "loss": 0.03910670541226864, "l1": 0.03715152271091938, "kl": 0.00019551830366253852, "memory_allocated_GiB": 0.27367639541625977}
{"step": 5050, "samples": 323200, "level_sample_counts": {"L0": 107734, "L1": 107733, "L2": 107733}, "elapsed_train_s": 231.3359284409962, "lr": [8.615787553286234e-05, 8.615787553286235e-06], "loss": 0.03866011038422584, "l1": 0.036893051490187644, "kl": 0.0001767058577388525, "memory_allocated_GiB": 0.27306604385375977}
{"step": 5100, "samples": 326400, "level_sample_counts": {"L0": 108800, "L1": 108800, "L2": 108800}, "elapsed_train_s": 233.7886335660005, "lr": [8.583912565842257e-05, 8.583912565842258e-06], "loss": 0.038392619043588636, "l1": 0.036663613691926, "kl": 0.00017290052957832813, "memory_allocated_GiB": 0.27306604385375977}
{"step": 5150, "samples": 329600, "level_sample_counts": {"L0": 109867, "L1": 109867, "L2": 109866}, "elapsed_train_s": 236.2514752989955, "lr": [8.55173516440332e-05, 8.55173516440332e-06], "loss": 0.03849248319864273, "l1": 0.036853146255016324, "kl": 0.00016393368132412435, "memory_allocated_GiB": 0.27367639541625977}
{"step": 5200, "samples": 332800, "level_sample_counts": {"L0": 110934, "L1": 110933, "L2": 110933}, "elapsed_train_s": 238.73353202699218, "lr": [8.519258064129558e-05, 8.519258064129559e-06], "loss": 0.03871470369398594, "l1": 0.03706689566373825, "kl": 0.00016478083096444607, "memory_allocated_GiB": 0.27306604385375977}
{"step": 5250, "samples": 336000, "level_sample_counts": {"L0": 112000, "L1": 112000, "L2": 112000}, "elapsed_train_s": 241.1958912209957, "lr": [8.486484005469977e-05, 8.486484005469977e-06], "loss": 0.038315419778227805, "l1": 0.03661470763385296, "kl": 0.00017007123678922654, "memory_allocated_GiB": 0.27306604385375977}
{"step": 5300, "samples": 339200, "level_sample_counts": {"L0": 113067, "L1": 113067, "L2": 113066}, "elapsed_train_s": 243.652520550997, "lr": [8.453415753931222e-05, 8.453415753931223e-06], "loss": 0.038178870528936384, "l1": 0.03625880010426044, "kl": 0.00019200703129172326, "memory_allocated_GiB": 0.27367639541625977}
{"step": 5350, "samples": 342400, "level_sample_counts": {"L0": 114134, "L1": 114133, "L2": 114133}, "elapsed_train_s": 246.12625527000637, "lr": [8.420056099844216e-05, 8.420056099844216e-06], "loss": 0.03738468639552593, "l1": 0.035601469501852986, "kl": 0.0001783216930925846, "memory_allocated_GiB": 0.27306604385375977}
{"step": 5400, "samples": 345600, "level_sample_counts": {"L0": 115200, "L1": 115200, "L2": 115200}, "elapsed_train_s": 248.55980258999625, "lr": [8.386407858128706e-05, 8.386407858128707e-06], "loss": 0.03766927242279053, "l1": 0.03581277936697006, "kl": 0.00018564929254353047, "memory_allocated_GiB": 0.27306604385375977}
DEVELOPMENT {"L0": {"step": 1800, "summary": {"success_once": {"mean": 0.7, "std": 0.45825756949558394}, "return": {"mean": 411.3434143066406, "std": 20.717409133911133}, "episode_len": {"mean": 500.0, "std": 0.0}, "reward": {"mean": 0.8226868682861326, "std": 0.04143481739677496}, "last_reward": {"mean": 0.9679263025522232, "std": 0.05307283398882492}, "success_at_end": {"mean": 0.45, "std": 0.49749371855331}}, "stages": {"is_grasped": 20, "is_mug_above_table": 20, "is_mug_contact_rack": 18, "is_obj_placed": 17, "success": 14}}, "L1": {"step": 1800, "summary": {"success_once": {"mean": 0.65, "std": 0.4769696007084728}, "return": {"mean": 398.7057800292969, "std": 21.00385093688965}, "episode_len": {"mean": 500.0, "std": 0.0}, "reward": {"mean": 0.7974115875244141, "std": 0.04200770258565204}, "last_reward": {"mean": 0.9596920520067215, "std": 0.05538098832360972}, "success_at_end": {"mean": 0.0, "std": 0.0}}, "stages": {"is_grasped": 20, "is_mug_above_table": 20, "is_mug_contact_rack": 20, "is_obj_placed": 20, "success": 13}}, "L2": {"step": 1800, "summary": {"success_once": {"mean": 0.55, "std": 0.4974937185533099}, "return": {"mean": 385.9255065917969, "std": 48.35286331176758}, "episode_len": {"mean": 500.0, "std": 0.0}, "reward": {"mean": 0.7718509643554687, "std": 0.09670573005349548}, "last_reward": {"mean": 0.9107757985591889, "std": 0.13035301572654726}, "success_at_end": {"mean": 0.0, "std": 0.0}}, "stages": {"is_grasped": 20, "is_mug_above_table": 17, "is_mug_contact_rack": 16, "is_obj_placed": 16, "success": 11}}}
DEVELOPMENT {"L0": {"step": 5400, "summary": {"success_once": {"mean": 1.0, "std": 0.0}, "return": {"mean": 415.2162170410156, "std": 5.003352165222168}, "episode_len": {"mean": 500.0, "std": 0.0}, "reward": {"mean": 0.8304324798583984, "std": 0.010006703724566624}, "last_reward": {"mean": 1.0, "std": 0.0}, "success_at_end": {"mean": 1.0, "std": 0.0}}, "stages": {"is_grasped": 20, "is_mug_above_table": 20, "is_mug_contact_rack": 20, "is_obj_placed": 20, "success": 20}}, "L1": {"step": 5400, "summary": {"success_once": {"mean": 0.95, "std": 0.21794494717703367}, "return": {"mean": 397.59356689453125, "std": 6.821041107177734}, "episode_len": {"mean": 500.0, "std": 0.0}, "reward": {"mean": 0.7951871582031251, "std": 0.01364208227798491}, "last_reward": {"mean": 0.9955136150121688, "std": 0.01955569878377379}, "success_at_end": {"mean": 0.9, "std": 0.3}}, "stages": {"is_grasped": 20, "is_mug_above_table": 20, "is_mug_contact_rack": 20, "is_obj_placed": 20, "success": 19}}, "L2": {"step": 5400, "summary": {"success_once": {"mean": 0.9, "std": 0.30000000000000004}, "return": {"mean": 405.25213623046875, "std": 22.80937957763672}, "episode_len": {"mean": 500.0, "std": 0.0}, "reward": {"mean": 0.8105042877197264, "std": 0.045618758288226716}, "last_reward": {"mean": 0.981213641166687, "std": 0.06360901650868107}, "success_at_end": {"mean": 0.9, "std": 0.30000000000000004}}, "stages": {"is_grasped": 20, "is_mug_above_table": 20, "is_mug_contact_rack": 19, "is_obj_placed": 19, "success": 18}}}
{"step": 5450, "samples": 348800, "level_sample_counts": {"L0": 116267, "L1": 116267, "L2": 116266}, "elapsed_train_s": 486.6862393909978, "lr": [8.352473868055746e-05, 8.352473868055746e-06], "loss": 0.03771253950893879, "l1": 0.03607253722846508, "kl": 0.00016400028020143508, "memory_allocated_GiB": 0.27367639541625977}
{"step": 5500, "samples": 352000, "level_sample_counts": {"L0": 117334, "L1": 117333, "L2": 117333}, "elapsed_train_s": 488.9191585600056, "lr": [8.318256993008107e-05, 8.318256993008108e-06], "loss": 0.037330798879265784, "l1": 0.03563837788999081, "kl": 0.00016924208030104636, "memory_allocated_GiB": 0.27306604385375977}
{"step": 5550, "samples": 355200, "level_sample_counts": {"L0": 118400, "L1": 118400, "L2": 118400}, "elapsed_train_s": 491.15823997100233, "lr": [8.283760120238672e-05, 8.283760120238672e-06], "loss": 0.0375651503354311, "l1": 0.03607785552740097, "kl": 0.00014872950501739978, "memory_allocated_GiB": 0.27306604385375977}
{"step": 5600, "samples": 358400, "level_sample_counts": {"L0": 119467, "L1": 119467, "L2": 119466}, "elapsed_train_s": 493.3078626880015, "lr": [8.2489861606268e-05, 8.2489861606268e-06], "loss": 0.03669911190867424, "l1": 0.035022026523947716, "kl": 0.0001677085366100073, "memory_allocated_GiB": 0.27367639541625977}
{"step": 5650, "samples": 361600, "level_sample_counts": {"L0": 120534, "L1": 120533, "L2": 120533}, "elapsed_train_s": 495.47340239399637, "lr": [8.213938048432697e-05, 8.213938048432697e-06], "loss": 0.03698332421481609, "l1": 0.03546911284327507, "kl": 0.00015142111107707023, "memory_allocated_GiB": 0.27306604385375977}
{"step": 5700, "samples": 364800, "level_sample_counts": {"L0": 121600, "L1": 121600, "L2": 121600}, "elapsed_train_s": 497.58219129400095, "lr": [8.178618741049842e-05, 8.178618741049841e-06], "loss": 0.03691161684691906, "l1": 0.03533264420926571, "kl": 0.00015789725817739965, "memory_allocated_GiB": 0.27306604385375977}
{"step": 5750, "samples": 368000, "level_sample_counts": {"L0": 122667, "L1": 122667, "L2": 122666}, "elapsed_train_s": 499.674644964005, "lr": [8.14303121875541e-05, 8.143031218755411e-06], "loss": 0.03699679419398308, "l1": 0.03532543882727623, "kl": 0.00016713554039597512, "memory_allocated_GiB": 0.27367639541625977}
{"step": 5800, "samples": 371200, "level_sample_counts": {"L0": 123734, "L1": 123733, "L2": 123733}, "elapsed_train_s": 501.76910703199974, "lr": [8.107178484458824e-05, 8.107178484458825e-06], "loss": 0.036218413636088374, "l1": 0.034709937945008276, "kl": 0.00015084754675626755, "memory_allocated_GiB": 0.27306604385375977}
{"step": 5850, "samples": 374400, "level_sample_counts": {"L0": 124800, "L1": 124800, "L2": 124800}, "elapsed_train_s": 503.86579216699465, "lr": [8.07106356344834e-05, 8.071063563448341e-06], "loss": 0.03602477371692658, "l1": 0.03476058319211006, "kl": 0.00012641904875636102, "memory_allocated_GiB": 0.27306604385375977}
{"step": 5900, "samples": 377600, "level_sample_counts": {"L0": 125867, "L1": 125867, "L2": 125866}, "elapsed_train_s": 505.9578557579953, "lr": [8.034689503135783e-05, 8.034689503135785e-06], "loss": 0.03623845249414444, "l1": 0.03484347619116306, "kl": 0.0001394976209849119, "memory_allocated_GiB": 0.27367639541625977}
{"step": 5950, "samples": 380800, "level_sample_counts": {"L0": 126934, "L1": 126933, "L2": 126933}, "elapsed_train_s": 508.0783021529933, "lr": [7.998059372799409e-05, 7.998059372799409e-06], "loss": 0.03636440731585026, "l1": 0.035003573447465894, "kl": 0.0001360834203660488, "memory_allocated_GiB": 0.27306604385375977}
{"step": 6000, "samples": 384000, "level_sample_counts": {"L0": 128000, "L1": 128000, "L2": 128000}, "elapsed_train_s": 510.1873751420062, "lr": [7.961176263324901e-05, 7.961176263324902e-06], "loss": 0.036234156116843226, "l1": 0.03487926818430424, "kl": 0.00013548879884183406, "memory_allocated_GiB": 0.27306604385375977}
{"step": 6050, "samples": 387200, "level_sample_counts": {"L0": 129067, "L1": 129067, "L2": 129066}, "elapsed_train_s": 512.3994033880008, "lr": [7.924043286944569e-05, 7.92404328694457e-06], "loss": 0.03604268856346607, "l1": 0.034542540237307545, "kl": 0.0001500148419290781, "memory_allocated_GiB": 0.27367639541625977}
{"step": 6100, "samples": 390400, "level_sample_counts": {"L0": 130134, "L1": 130133, "L2": 130133}, "elapsed_train_s": 514.5561473660055, "lr": [7.886663576974733e-05, 7.886663576974733e-06], "loss": 0.03598883904516697, "l1": 0.03445767186582088, "kl": 0.00015311669558286666, "memory_allocated_GiB": 0.27306604385375977}
{"step": 6150, "samples": 393600, "level_sample_counts": {"L0": 131200, "L1": 131200, "L2": 131200}, "elapsed_train_s": 516.74675613, "lr": [7.849040287551331e-05, 7.849040287551331e-06], "loss": 0.035311727598309514, "l1": 0.034089546240866186, "kl": 0.00012221815064549445, "memory_allocated_GiB": 0.27306604385375977}
{"step": 6200, "samples": 396800, "level_sample_counts": {"L0": 132267, "L1": 132267, "L2": 132266}, "elapsed_train_s": 518.909560140004, "lr": [7.811176593363772e-05, 7.811176593363771e-06], "loss": 0.035611940771341326, "l1": 0.034269125945866105, "kl": 0.00013428150676190854, "memory_allocated_GiB": 0.27367639541625977}
{"step": 6250, "samples": 400000, "level_sample_counts": {"L0": 133334, "L1": 133333, "L2": 133333}, "elapsed_train_s": 521.0394753319997, "lr": [7.773075689387043e-05, 7.773075689387044e-06], "loss": 0.035850034430623054, "l1": 0.03449712201952934, "kl": 0.00013529125601053238, "memory_allocated_GiB": 0.27306604385375977}
{"step": 6300, "samples": 403200, "level_sample_counts": {"L0": 134400, "L1": 134400, "L2": 134400}, "elapsed_train_s": 523.1967758389947, "lr": [7.734740790612136e-05, 7.734740790612137e-06], "loss": 0.035567471757531166, "l1": 0.03409331914037466, "kl": 0.00014741523191332817, "memory_allocated_GiB": 0.27306604385375977}
{"step": 6350, "samples": 406400, "level_sample_counts": {"L0": 135467, "L1": 135467, "L2": 135466}, "elapsed_train_s": 525.4251266140054, "lr": [7.69617513177473e-05, 7.696175131774731e-06], "loss": 0.034365557059645654, "l1": 0.03298685800284147, "kl": 0.00013786991126835346, "memory_allocated_GiB": 0.27367639541625977}
{"step": 6400, "samples": 409600, "level_sample_counts": {"L0": 136534, "L1": 136533, "L2": 136533}, "elapsed_train_s": 527.6484191359923, "lr": [7.65738196708228e-05, 7.65738196708228e-06], "loss": 0.03465795025229454, "l1": 0.033356530219316484, "kl": 0.0001301420107483864, "memory_allocated_GiB": 0.27306604385375977}
{"step": 6450, "samples": 412800, "level_sample_counts": {"L0": 137600, "L1": 137600, "L2": 137600}, "elapsed_train_s": 529.8165761489945, "lr": [7.618364569939391e-05, 7.61836456993939e-06], "loss": 0.034506350085139276, "l1": 0.033213091008365156, "kl": 0.00012932589277625083, "memory_allocated_GiB": 0.27306604385375977}
{"step": 6500, "samples": 416000, "level_sample_counts": {"L0": 138667, "L1": 138667, "L2": 138666}, "elapsed_train_s": 531.9962204369949, "lr": [7.579126232671621e-05, 7.579126232671621e-06], "loss": 0.034308386370539665, "l1": 0.033059516549110414, "kl": 0.00012488699518144132, "memory_allocated_GiB": 0.27367639541625977}
{"step": 6550, "samples": 419200, "level_sample_counts": {"L0": 139734, "L1": 139733, "L2": 139733}, "elapsed_train_s": 534.1407746699988, "lr": [7.539670266247671e-05, 7.539670266247672e-06], "loss": 0.034311351776123045, "l1": 0.03308549869805574, "kl": 0.00012258531525731088, "memory_allocated_GiB": 0.27306604385375977}
{"step": 6600, "samples": 422400, "level_sample_counts": {"L0": 140800, "L1": 140800, "L2": 140800}, "elapsed_train_s": 536.2513622279948, "lr": [7.500000000000001e-05, 7.500000000000001e-06], "loss": 0.03420714050531387, "l1": 0.03305339582264424, "kl": 0.00011537445709109307, "memory_allocated_GiB": 0.27306604385375977}
{"step": 6650, "samples": 425600, "level_sample_counts": {"L0": 141867, "L1": 141867, "L2": 141866}, "elapsed_train_s": 538.3777878849942, "lr": [7.460118781343893e-05, 7.460118781343892e-06], "loss": 0.03481968536972999, "l1": 0.033628162890672685, "kl": 0.00011915225535631179, "memory_allocated_GiB": 0.27367639541625977}
{"step": 6700, "samples": 428800, "level_sample_counts": {"L0": 142934, "L1": 142933, "L2": 142933}, "elapsed_train_s": 540.5103661329922, "lr": [7.420029975494995e-05, 7.420029975494996e-06], "loss": 0.03433060485869646, "l1": 0.03320268955081701, "kl": 0.00011279150843620301, "memory_allocated_GiB": 0.27306604385375977}
{"step": 6750, "samples": 432000, "level_sample_counts": {"L0": 144000, "L1": 144000, "L2": 144000}, "elapsed_train_s": 542.635763711005, "lr": [7.379736965185368e-05, 7.379736965185369e-06], "loss": 0.03449475690722466, "l1": 0.03333027932792902, "kl": 0.00011644775979220867, "memory_allocated_GiB": 0.27306604385375977}
{"step": 6800, "samples": 435200, "level_sample_counts": {"L0": 145067, "L1": 145067, "L2": 145066}, "elapsed_train_s": 544.7711928469944, "lr": [7.33924315037804e-05, 7.33924315037804e-06], "loss": 0.03365305282175541, "l1": 0.032465403415262696, "kl": 0.00011876494623720646, "memory_allocated_GiB": 0.27367639541625977}
{"step": 6850, "samples": 438400, "level_sample_counts": {"L0": 146134, "L1": 146133, "L2": 146133}, "elapsed_train_s": 546.9458713109925, "lr": [7.298551947980113e-05, 7.298551947980114e-06], "loss": 0.03371702548116445, "l1": 0.032603198178112504, "kl": 0.0001113827433437109, "memory_allocated_GiB": 0.27306604385375977}
{"step": 6900, "samples": 441600, "level_sample_counts": {"L0": 147200, "L1": 147200, "L2": 147200}, "elapsed_train_s": 549.0722484680009, "lr": [7.257666791554448e-05, 7.257666791554448e-06], "loss": 0.033507589511573316, "l1": 0.03240250516682863, "kl": 0.00011050841771066188, "memory_allocated_GiB": 0.27306604385375977}
{"step": 6950, "samples": 444800, "level_sample_counts": {"L0": 148267, "L1": 148267, "L2": 148266}, "elapsed_train_s": 551.1934785610065, "lr": [7.21659113102993e-05, 7.2165911310299305e-06], "loss": 0.033406067118048666, "l1": 0.03232819158583879, "kl": 0.00010778752155601978, "memory_allocated_GiB": 0.27367639541625977}
{"step": 7000, "samples": 448000, "level_sample_counts": {"L0": 149334, "L1": 149333, "L2": 149333}, "elapsed_train_s": 553.3298643849994, "lr": [7.175328432410366e-05, 7.175328432410367e-06], "loss": 0.032822496183216573, "l1": 0.031690857596695425, "kl": 0.00011316386051476002, "memory_allocated_GiB": 0.27306604385375977}
{"step": 7050, "samples": 451200, "level_sample_counts": {"L0": 150400, "L1": 150400, "L2": 150400}, "elapsed_train_s": 555.4690917550033, "lr": [7.133882177482019e-05, 7.133882177482019e-06], "loss": 0.033361013010144235, "l1": 0.032256351001560685, "kl": 0.00011046618223190308, "memory_allocated_GiB": 0.27306604385375977}
{"step": 7100, "samples": 454400, "level_sample_counts": {"L0": 151467, "L1": 151467, "L2": 151466}, "elapsed_train_s": 557.5312546250061, "lr": [7.092255863519806e-05, 7.092255863519806e-06], "loss": 0.03348155241459608, "l1": 0.03226734336465597, "kl": 0.00012142089195549488, "memory_allocated_GiB": 0.27367639541625977}
{"step": 7150, "samples": 457600, "level_sample_counts": {"L0": 152534, "L1": 152533, "L2": 152533}, "elapsed_train_s": 559.6416361229931, "lr": [7.050453002992201e-05, 7.050453002992202e-06], "loss": 0.033057375885546206, "l1": 0.031971361711621286, "kl": 0.00010860142298042774, "memory_allocated_GiB": 0.27306604385375977}
{"step": 7200, "samples": 460800, "level_sample_counts": {"L0": 153600, "L1": 153600, "L2": 153600}, "elapsed_train_s": 561.7650409829948, "lr": [7.008477123264848e-05, 7.008477123264849e-06], "loss": 0.033613791055977345, "l1": 0.03245306856930256, "kl": 0.00011607224121689796, "memory_allocated_GiB": 0.27306604385375977}
{"step": 7250, "samples": 464000, "level_sample_counts": {"L0": 154667, "L1": 154667, "L2": 154666}, "elapsed_train_s": 563.9015700369928, "lr": [6.966331766302916e-05, 6.966331766302916e-06], "loss": 0.03250827517360449, "l1": 0.03132486470043659, "kl": 0.00011834107339382171, "memory_allocated_GiB": 0.27367639541625977}
{"step": 7300, "samples": 467200, "level_sample_counts": {"L0": 155734, "L1": 155733, "L2": 155733}, "elapsed_train_s": 566.041054536996, "lr": [6.924020488372229e-05, 6.924020488372229e-06], "loss": 0.03250174589455128, "l1": 0.03129959098994732, "kl": 0.00012021547183394433, "memory_allocated_GiB": 0.27306604385375977}
{"step": 7350, "samples": 470400, "level_sample_counts": {"L0": 156800, "L1": 156800, "L2": 156800}, "elapsed_train_s": 568.1681876929943, "lr": [6.881546859739179e-05, 6.8815468597391785e-06], "loss": 0.03215967707335949, "l1": 0.030990300551056862, "kl": 0.00011693765409290791, "memory_allocated_GiB": 0.27306604385375977}
{"step": 7400, "samples": 473600, "level_sample_counts": {"L0": 157867, "L1": 157867, "L2": 157866}, "elapsed_train_s": 570.277061241999, "lr": [6.838914464369467e-05, 6.838914464369467e-06], "loss": 0.03229555733501911, "l1": 0.031189265809953213, "kl": 0.00011062913574278355, "memory_allocated_GiB": 0.27367639541625977}
{"step": 7450, "samples": 476800, "level_sample_counts": {"L0": 158934, "L1": 158933, "L2": 158933}, "elapsed_train_s": 572.3654839679948, "lr": [6.796126899625688e-05, 6.796126899625688e-06], "loss": 0.03245164569467306, "l1": 0.03138642195612192, "kl": 0.00010652238503098487, "memory_allocated_GiB": 0.27306604385375977}
{"step": 7500, "samples": 480000, "level_sample_counts": {"L0": 160000, "L1": 160000, "L2": 160000}, "elapsed_train_s": 574.4802756999998, "lr": [6.753187775963773e-05, 6.753187775963773e-06], "loss": 0.032423723042011264, "l1": 0.031428755782544615, "kl": 9.949671104550362e-05, "memory_allocated_GiB": 0.27306604385375977}
{"step": 7550, "samples": 483200, "level_sample_counts": {"L0": 161067, "L1": 161067, "L2": 161066}, "elapsed_train_s": 576.6104414519941, "lr": [6.710100716628344e-05, 6.710100716628345e-06], "loss": 0.03219902563840151, "l1": 0.03114080909639597, "kl": 0.00010582165792584419, "memory_allocated_GiB": 0.27367639541625977}
{"step": 7600, "samples": 486400, "level_sample_counts": {"L0": 162134, "L1": 162133, "L2": 162133}, "elapsed_train_s": 578.7174515939987, "lr": [6.666869357346978e-05, 6.666869357346979e-06], "loss": 0.032403088882565496, "l1": 0.0313346679136157, "kl": 0.00010684209875762463, "memory_allocated_GiB": 0.27306604385375977}
{"step": 7650, "samples": 489600, "level_sample_counts": {"L0": 163200, "L1": 163200, "L2": 163200}, "elapsed_train_s": 580.8395316359965, "lr": [6.623497346023418e-05, 6.6234973460234184e-06], "loss": 0.031760482601821426, "l1": 0.03076828956604004, "kl": 9.921932592988014e-05, "memory_allocated_GiB": 0.27306604385375977}
{"step": 7700, "samples": 492800, "level_sample_counts": {"L0": 164267, "L1": 164267, "L2": 164266}, "elapsed_train_s": 582.9579277430021, "lr": [6.579988342429763e-05, 6.579988342429764e-06], "loss": 0.03160769533365965, "l1": 0.030576646365225314, "kl": 0.00010310489684343337, "memory_allocated_GiB": 0.27367639541625977}
{"step": 7750, "samples": 496000, "level_sample_counts": {"L0": 165334, "L1": 165333, "L2": 165333}, "elapsed_train_s": 585.0522665610042, "lr": [6.536346017897653e-05, 6.5363460178976524e-06], "loss": 0.031821323335170744, "l1": 0.030758989788591862, "kl": 0.00010623334906995297, "memory_allocated_GiB": 0.27306604385375977}
{"step": 7800, "samples": 499200, "level_sample_counts": {"L0": 166400, "L1": 166400, "L2": 166400}, "elapsed_train_s": 587.1399151679943, "lr": [6.492574055008473e-05, 6.492574055008474e-06], "loss": 0.032079993821680544, "l1": 0.03110111478716135, "kl": 9.78879164904356e-05, "memory_allocated_GiB": 0.27306604385375977}
{"step": 7850, "samples": 502400, "level_sample_counts": {"L0": 167467, "L1": 167467, "L2": 167466}, "elapsed_train_s": 589.2538070309965, "lr": [6.448676147282625e-05, 6.448676147282624e-06], "loss": 0.03155645433813334, "l1": 0.030579582117497922, "kl": 9.768723510205745e-05, "memory_allocated_GiB": 0.27367639541625977}
{"step": 7900, "samples": 505600, "level_sample_counts": {"L0": 168534, "L1": 168533, "L2": 168533}, "elapsed_train_s": 591.3437069249921, "lr": [6.404655998867848e-05, 6.4046559988678485e-06], "loss": 0.03174952689558268, "l1": 0.030700664147734643, "kl": 0.00010488626547157765, "memory_allocated_GiB": 0.27306604385375977}
{"step": 7950, "samples": 508800, "level_sample_counts": {"L0": 169600, "L1": 169600, "L2": 169600}, "elapsed_train_s": 593.4493083580019, "lr": [6.360517324226676e-05, 6.360517324226676e-06], "loss": 0.031218633726239203, "l1": 0.03023045673966408, "kl": 9.881768375635146e-05, "memory_allocated_GiB": 0.27306604385375977}
{"step": 8000, "samples": 512000, "level_sample_counts": {"L0": 170667, "L1": 170667, "L2": 170666}, "elapsed_train_s": 595.5044415369921, "lr": [6.316263847822997e-05, 6.3162638478229965e-06], "loss": 0.03119828671216965, "l1": 0.030221321024000644, "kl": 9.769657626748084e-05, "memory_allocated_GiB": 0.27367639541625977}
{"step": 8050, "samples": 515200, "level_sample_counts": {"L0": 171734, "L1": 171733, "L2": 171733}, "elapsed_train_s": 597.6266861689946, "lr": [6.271899303807783e-05, 6.271899303807783e-06], "loss": 0.030712335109710692, "l1": 0.029813374914228915, "kl": 8.989601396024227e-05, "memory_allocated_GiB": 0.27306604385375977}
{"step": 8100, "samples": 518400, "level_sample_counts": {"L0": 172800, "L1": 172800, "L2": 172800}, "elapsed_train_s": 599.7108324699948, "lr": [6.227427435703997e-05, 6.227427435703997e-06], "loss": 0.03149841208010912, "l1": 0.03056966610252857, "kl": 9.287460707128048e-05, "memory_allocated_GiB": 0.27306604385375977}
{"step": 8150, "samples": 521600, "level_sample_counts": {"L0": 173867, "L1": 173867, "L2": 173866}, "elapsed_train_s": 601.8320037939993, "lr": [6.182851996090713e-05, 6.182851996090713e-06], "loss": 0.031203427016735077, "l1": 0.030276486948132515, "kl": 9.269402362406254e-05, "memory_allocated_GiB": 0.27367639541625977}
{"step": 8200, "samples": 524800, "level_sample_counts": {"L0": 174934, "L1": 174933, "L2": 174933}, "elapsed_train_s": 603.9495729420014, "lr": [6.138176746286468e-05, 6.138176746286468e-06], "loss": 0.031112902536988257, "l1": 0.030241381973028184, "kl": 8.715205825865268e-05, "memory_allocated_GiB": 0.27306604385375977}
{"step": 8250, "samples": 528000, "level_sample_counts": {"L0": 176000, "L1": 176000, "L2": 176000}, "elapsed_train_s": 606.0600586090004, "lr": [6.09340545603188e-05, 6.09340545603188e-06], "loss": 0.03124216750264168, "l1": 0.03037100866436958, "kl": 8.711585775017739e-05, "memory_allocated_GiB": 0.27306604385375977}
{"step": 8300, "samples": 531200, "level_sample_counts": {"L0": 177067, "L1": 177067, "L2": 177066}, "elapsed_train_s": 608.165252892999, "lr": [6.0485419031715516e-05, 6.048541903171552e-06], "loss": 0.031013988591730594, "l1": 0.030124195106327533, "kl": 8.897936902940273e-05, "memory_allocated_GiB": 0.27367639541625977}
{"step": 8350, "samples": 534400, "level_sample_counts": {"L0": 178134, "L1": 178133, "L2": 178133}, "elapsed_train_s": 610.2790815259941, "lr": [6.003589873335296e-05, 6.003589873335296e-06], "loss": 0.030837891697883604, "l1": 0.02990198280662298, "kl": 9.359088726341724e-05, "memory_allocated_GiB": 0.27306604385375977}
{"step": 8400, "samples": 537600, "level_sample_counts": {"L0": 179200, "L1": 179200, "L2": 179200}, "elapsed_train_s": 612.3941223669972, "lr": [5.958553159618693e-05, 5.958553159618693e-06], "loss": 0.030960000492632388, "l1": 0.030013138502836226, "kl": 9.468620643019676e-05, "memory_allocated_GiB": 0.27306604385375977}
{"step": 8450, "samples": 540800, "level_sample_counts": {"L0": 180267, "L1": 180267, "L2": 180266}, "elapsed_train_s": 614.5216460130032, "lr": [5.9134355622630356e-05, 5.913435562263036e-06], "loss": 0.030976108759641647, "l1": 0.030041035823524, "kl": 9.3507282435894e-05, "memory_allocated_GiB": 0.27367639541625977}
{"step": 8500, "samples": 544000, "level_sample_counts": {"L0": 181334, "L1": 181333, "L2": 181333}, "elapsed_train_s": 616.6462221319962, "lr": [5.868240888334653e-05, 5.8682408883346535e-06], "loss": 0.030747119337320328, "l1": 0.029827457293868063, "kl": 9.196619503200054e-05, "memory_allocated_GiB": 0.27306604385375977}
{"step": 8550, "samples": 547200, "level_sample_counts": {"L0": 182400, "L1": 182400, "L2": 182400}, "elapsed_train_s": 618.7760920040018, "lr": [5.8229729514036705e-05, 5.82297295140367e-06], "loss": 0.030241699777543544, "l1": 0.029328686445951463, "kl": 9.130134247243405e-05, "memory_allocated_GiB": 0.27306604385375977}
{"step": 8600, "samples": 550400, "level_sample_counts": {"L0": 183467, "L1": 183467, "L2": 183466}, "elapsed_train_s": 620.9648524600052, "lr": [5.7776355712222166e-05, 5.7776355712222165e-06], "loss": 0.03032987631857395, "l1": 0.029445954635739326, "kl": 8.839217014610767e-05, "memory_allocated_GiB": 0.27367639541625977}
{"step": 8650, "samples": 553600, "level_sample_counts": {"L0": 184534, "L1": 184533, "L2": 184533}, "elapsed_train_s": 623.1334986330039, "lr": [5.7322325734021086e-05, 5.732232573402109e-06], "loss": 0.030223945267498494, "l1": 0.029363409504294394, "kl": 8.605359122157097e-05, "memory_allocated_GiB": 0.27306604385375977}
{"step": 8700, "samples": 556800, "level_sample_counts": {"L0": 185600, "L1": 185600, "L2": 185600}, "elapsed_train_s": 625.3297493889986, "lr": [5.686767789092041e-05, 5.686767789092041e-06], "loss": 0.030208468548953534, "l1": 0.029310068301856517, "kl": 8.98400228470564e-05, "memory_allocated_GiB": 0.27306604385375977}
{"step": 8750, "samples": 560000, "level_sample_counts": {"L0": 186667, "L1": 186667, "L2": 186666}, "elapsed_train_s": 627.5363581730053, "lr": [5.641245054654316e-05, 5.6412450546543165e-06], "loss": 0.030032117702066898, "l1": 0.029179629869759083, "kl": 8.524877950549125e-05, "memory_allocated_GiB": 0.27367639541625977}
{"step": 8800, "samples": 563200, "level_sample_counts": {"L0": 187734, "L1": 187733, "L2": 187733}, "elapsed_train_s": 629.7114682270039, "lr": [5.595668211341118e-05, 5.5956682113411184e-06], "loss": 0.030162719450891017, "l1": 0.029334893450140953, "kl": 8.278260007500648e-05, "memory_allocated_GiB": 0.27306604385375977}
{"step": 8850, "samples": 566400, "level_sample_counts": {"L0": 188800, "L1": 188800, "L2": 188800}, "elapsed_train_s": 631.9335060299927, "lr": [5.550041104970397e-05, 5.550041104970398e-06], "loss": 0.029714644812047483, "l1": 0.028883123621344566, "kl": 8.315212093293667e-05, "memory_allocated_GiB": 0.27306604385375977}
{"step": 8900, "samples": 569600, "level_sample_counts": {"L0": 189867, "L1": 189867, "L2": 189866}, "elapsed_train_s": 634.026957338996, "lr": [5.504367585601342e-05, 5.504367585601342e-06], "loss": 0.030529692582786084, "l1": 0.029686602652072906, "kl": 8.430899120867252e-05, "memory_allocated_GiB": 0.27367639541625977}
{"step": 8950, "samples": 572800, "level_sample_counts": {"L0": 190934, "L1": 190933, "L2": 190933}, "elapsed_train_s": 636.1124364290008, "lr": [5.458651507209518e-05, 5.458651507209518e-06], "loss": 0.0300581606477499, "l1": 0.02922405131161213, "kl": 8.341090753674507e-05, "memory_allocated_GiB": 0.27306604385375977}
{"step": 9000, "samples": 576000, "level_sample_counts": {"L0": 192000, "L1": 192000, "L2": 192000}, "elapsed_train_s": 638.207291875995, "lr": [5.4128967273616625e-05, 5.412896727361663e-06], "loss": 0.03013812907040119, "l1": 0.02934139933437109, "kl": 7.967299781739711e-05, "memory_allocated_GiB": 0.27306604385375977}
DEVELOPMENT {"L0": {"step": 9000, "summary": {"success_once": {"mean": 1.0, "std": 0.0}, "return": {"mean": 410.136474609375, "std": 5.3718461990356445}, "episode_len": {"mean": 500.0, "std": 0.0}, "reward": {"mean": 0.8202729034423829, "std": 0.010743692521746713}, "last_reward": {"mean": 1.0, "std": 0.0}, "success_at_end": {"mean": 1.0, "std": 0.0}}, "stages": {"is_grasped": 20, "is_mug_above_table": 20, "is_mug_contact_rack": 20, "is_obj_placed": 20, "success": 20}}, "L1": {"step": 9000, "summary": {"success_once": {"mean": 1.0, "std": 0.0}, "return": {"mean": 393.48138427734375, "std": 3.280627489089966}, "episode_len": {"mean": 500.0, "std": 0.0}, "reward": {"mean": 0.7869627593994141, "std": 0.006561255097789761}, "last_reward": {"mean": 1.0, "std": 0.0}, "success_at_end": {"mean": 1.0, "std": 0.0}}, "stages": {"is_grasped": 20, "is_mug_above_table": 20, "is_mug_contact_rack": 20, "is_obj_placed": 20, "success": 20}}, "L2": {"step": 9000, "summary": {"success_once": {"mean": 0.9, "std": 0.3}, "return": {"mean": 403.1736755371094, "std": 15.470453262329102}, "episode_len": {"mean": 500.0, "std": 0.0}, "reward": {"mean": 0.806347283935547, "std": 0.030940906159234956}, "last_reward": {"mean": 0.9876413077116013, "std": 0.040142045427719895}, "success_at_end": {"mean": 0.8, "std": 0.4}}, "stages": {"is_grasped": 20, "is_mug_above_table": 20, "is_mug_contact_rack": 19, "is_obj_placed": 19, "success": 18}}}
{"step": 9050, "samples": 579200, "level_sample_counts": {"L0": 193067, "L1": 193067, "L2": 193066}, "elapsed_train_s": 803.291621204, "lr": [5.367107106890177e-05, 5.367107106890177e-06], "loss": 0.02944717712700367, "l1": 0.028603038489818572, "kl": 8.441387675702572e-05, "memory_allocated_GiB": 0.27367639541625977}
{"step": 9100, "samples": 582400, "level_sample_counts": {"L0": 194134, "L1": 194133, "L2": 194133}, "elapsed_train_s": 805.4615611549962, "lr": [5.3212865095673514e-05, 5.321286509567351e-06], "loss": 0.029847707487642764, "l1": 0.02901333596557379, "kl": 8.343713358044625e-05, "memory_allocated_GiB": 0.27306604385375977}
{"step": 9150, "samples": 585600, "level_sample_counts": {"L0": 195200, "L1": 195200, "L2": 195200}, "elapsed_train_s": 807.6642621539941, "lr": [5.2754388017793274e-05, 5.275438801779328e-06], "loss": 0.029899347051978113, "l1": 0.029086593985557557, "kl": 8.127531036734581e-05, "memory_allocated_GiB": 0.27306604385375977}
{"step": 9200, "samples": 588800, "level_sample_counts": {"L0": 196267, "L1": 196267, "L2": 196266}, "elapsed_train_s": 809.7824070109928, "lr": [5.229567852199859e-05, 5.22956785219986e-06], "loss": 0.030052218958735465, "l1": 0.02924117859452963, "kl": 8.110404014587403e-05, "memory_allocated_GiB": 0.27367639541625977}
{"step": 9250, "samples": 592000, "level_sample_counts": {"L0": 197334, "L1": 197333, "L2": 197333}, "elapsed_train_s": 811.8855864679936, "lr": [5.183677531463863e-05, 5.183677531463863e-06], "loss": 0.029410032965242864, "l1": 0.02859897706657648, "kl": 8.110558614134789e-05, "memory_allocated_GiB": 0.27306604385375977}
{"step": 9300, "samples": 595200, "level_sample_counts": {"L0": 198400, "L1": 198400, "L2": 198400}, "elapsed_train_s": 814.0376038919931, "lr": [5.1377717118408105e-05, 5.137771711840811e-06], "loss": 0.029366993047297, "l1": 0.02855669230222702, "kl": 8.103007450699807e-05, "memory_allocated_GiB": 0.27306604385375977}
{"step": 9350, "samples": 598400, "level_sample_counts": {"L0": 199467, "L1": 199467, "L2": 199466}, "elapsed_train_s": 816.2211999639985, "lr": [5.091854266907987e-05, 5.091854266907987e-06], "loss": 0.02905176963657141, "l1": 0.028237814307212828, "kl": 8.139552548527717e-05, "memory_allocated_GiB": 0.27367639541625977}
{"step": 9400, "samples": 601600, "level_sample_counts": {"L0": 200534, "L1": 200533, "L2": 200533}, "elapsed_train_s": 818.3474707720015, "lr": [5.0459290712236326e-05, 5.045929071223633e-06], "loss": 0.02892413903027773, "l1": 0.028157205767929554, "kl": 7.669331505894662e-05, "memory_allocated_GiB": 0.27306604385375977}
{"step": 9450, "samples": 604800, "level_sample_counts": {"L0": 201600, "L1": 201600, "L2": 201600}, "elapsed_train_s": 820.4577581699996, "lr": [5e-05, 5e-06], "loss": 0.029510791189968587, "l1": 0.0287584063783288, "kl": 7.523846812546253e-05, "memory_allocated_GiB": 0.27306604385375977}
{"step": 9500, "samples": 608000, "level_sample_counts": {"L0": 202667, "L1": 202667, "L2": 202666}, "elapsed_train_s": 822.5647947319958, "lr": [4.9540709287763685e-05, 4.9540709287763685e-06], "loss": 0.029634929448366164, "l1": 0.028869477696716786, "kl": 7.654518820345402e-05, "memory_allocated_GiB": 0.27367639541625977}
{"step": 9550, "samples": 611200, "level_sample_counts": {"L0": 203734, "L1": 203733, "L2": 203733}, "elapsed_train_s": 824.6892682409962, "lr": [4.908145733092013e-05, 4.908145733092013e-06], "loss": 0.029050032310187816, "l1": 0.028278973884880543, "kl": 7.710586301982402e-05, "memory_allocated_GiB": 0.27306604385375977}
{"step": 9600, "samples": 614400, "level_sample_counts": {"L0": 204800, "L1": 204800, "L2": 204800}, "elapsed_train_s": 826.8087805870018, "lr": [4.8622282881591906e-05, 4.862228288159191e-06], "loss": 0.029488011747598648, "l1": 0.028739531822502613, "kl": 7.484800182282924e-05, "memory_allocated_GiB": 0.27306604385375977}
{"step": 9650, "samples": 617600, "level_sample_counts": {"L0": 205867, "L1": 205867, "L2": 205866}, "elapsed_train_s": 828.8923756190052, "lr": [4.816322468536139e-05, 4.8163224685361385e-06], "loss": 0.028571734912693502, "l1": 0.027834581770002843, "kl": 7.371533662080765e-05, "memory_allocated_GiB": 0.27367639541625977}
{"step": 9700, "samples": 620800, "level_sample_counts": {"L0": 206934, "L1": 206933, "L2": 206933}, "elapsed_train_s": 830.9875000360043, "lr": [4.7704321478001415e-05, 4.770432147800141e-06], "loss": 0.029170823507010935, "l1": 0.02843117605894804, "kl": 7.396475411951542e-05, "memory_allocated_GiB": 0.27306604385375977}
{"step": 9750, "samples": 624000, "level_sample_counts": {"L0": 208000, "L1": 208000, "L2": 208000}, "elapsed_train_s": 833.1250969880057, "lr": [4.7245611982206724e-05, 4.724561198220672e-06], "loss": 0.02879108928143978, "l1": 0.02806377038359642, "kl": 7.273187860846519e-05, "memory_allocated_GiB": 0.27306604385375977}
{"step": 9800, "samples": 627200, "level_sample_counts": {"L0": 209067, "L1": 209067, "L2": 209066}, "elapsed_train_s": 835.3010460929945, "lr": [4.6787134904326504e-05, 4.67871349043265e-06], "loss": 0.028733619302511216, "l1": 0.027966386675834655, "kl": 7.672326639294624e-05, "memory_allocated_GiB": 0.27367639541625977}
{"step": 9850, "samples": 630400, "level_sample_counts": {"L0": 210134, "L1": 210133, "L2": 210133}, "elapsed_train_s": 837.5520500190032, "lr": [4.6328928931098236e-05, 4.632892893109823e-06], "loss": 0.02904329013079405, "l1": 0.02831883016973734, "kl": 7.244599983096123e-05, "memory_allocated_GiB": 0.27306604385375977}
{"step": 9900, "samples": 633600, "level_sample_counts": {"L0": 211200, "L1": 211200, "L2": 211200}, "elapsed_train_s": 839.7449148799933, "lr": [4.5871032726383386e-05, 4.587103272638339e-06], "loss": 0.02828890670090914, "l1": 0.027580344527959825, "kl": 7.085621356964111e-05, "memory_allocated_GiB": 0.27306604385375977}
{"step": 9950, "samples": 636800, "level_sample_counts": {"L0": 212267, "L1": 212267, "L2": 212266}, "elapsed_train_s": 841.909042757994, "lr": [4.541348492790482e-05, 4.541348492790482e-06], "loss": 0.028635592274367808, "l1": 0.027910731621086596, "kl": 7.248607464134693e-05, "memory_allocated_GiB": 0.27367639541625977}
{"step": 10000, "samples": 640000, "level_sample_counts": {"L0": 213334, "L1": 213333, "L2": 213333}, "elapsed_train_s": 844.060598281998, "lr": [4.4956324143986596e-05, 4.495632414398659e-06], "loss": 0.028805793039500715, "l1": 0.028090346343815326, "kl": 7.154466584324837e-05, "memory_allocated_GiB": 0.27306604385375977}
{"step": 10050, "samples": 643200, "level_sample_counts": {"L0": 214400, "L1": 214400, "L2": 214400}, "elapsed_train_s": 846.2100343990023, "lr": [4.449958895029604e-05, 4.449958895029604e-06], "loss": 0.028357902988791466, "l1": 0.027630937546491624, "kl": 7.269654422998429e-05, "memory_allocated_GiB": 0.27306604385375977}
{"step": 10100, "samples": 646400, "level_sample_counts": {"L0": 215467, "L1": 215467, "L2": 215466}, "elapsed_train_s": 848.3754814050044, "lr": [4.404331788658882e-05, 4.404331788658882e-06], "loss": 0.028214338943362238, "l1": 0.02750940453261137, "kl": 7.049343548715115e-05, "memory_allocated_GiB": 0.27367639541625977}
{"step": 10150, "samples": 649600, "level_sample_counts": {"L0": 216534, "L1": 216533, "L2": 216533}, "elapsed_train_s": 850.5223427360033, "lr": [4.358754945345684e-05, 4.358754945345684e-06], "loss": 0.028057775907218457, "l1": 0.027336008846759796, "kl": 7.217668928205967e-05, "memory_allocated_GiB": 0.27306604385375977}
{"step": 10200, "samples": 652800, "level_sample_counts": {"L0": 217600, "L1": 217600, "L2": 217600}, "elapsed_train_s": 852.6275485600054, "lr": [4.3132322109079596e-05, 4.313232210907959e-06], "loss": 0.02825847961008549, "l1": 0.027524151764810087, "kl": 7.343278266489506e-05, "memory_allocated_GiB": 0.27306604385375977}
{"step": 10250, "samples": 656000, "level_sample_counts": {"L0": 218667, "L1": 218667, "L2": 218666}, "elapsed_train_s": 854.7585403309931, "lr": [4.267767426597893e-05, 4.267767426597893e-06], "loss": 0.02839795723557472, "l1": 0.02769934609532356, "kl": 6.986113265156747e-05, "memory_allocated_GiB": 0.27367639541625977}
{"step": 10300, "samples": 659200, "level_sample_counts": {"L0": 219734, "L1": 219733, "L2": 219733}, "elapsed_train_s": 856.8845040479937, "lr": [4.222364428777786e-05, 4.222364428777786e-06], "loss": 0.02832658987492323, "l1": 0.027664119340479375, "kl": 6.624707020819187e-05, "memory_allocated_GiB": 0.27306604385375977}
{"step": 10350, "samples": 662400, "level_sample_counts": {"L0": 220800, "L1": 220800, "L2": 220800}, "elapsed_train_s": 859.0233320789994, "lr": [4.17702704859633e-05, 4.17702704859633e-06], "loss": 0.028231772929430007, "l1": 0.027536012455821036, "kl": 6.957604549825192e-05, "memory_allocated_GiB": 0.27306604385375977}
{"step": 10400, "samples": 665600, "level_sample_counts": {"L0": 221867, "L1": 221867, "L2": 221866}, "elapsed_train_s": 861.1492223660025, "lr": [4.131759111665349e-05, 4.131759111665349e-06], "loss": 0.02792328640818596, "l1": 0.027232083268463613, "kl": 6.912030279636383e-05, "memory_allocated_GiB": 0.27367639541625977}
{"step": 10450, "samples": 668800, "level_sample_counts": {"L0": 222934, "L1": 222933, "L2": 222933}, "elapsed_train_s": 863.2679655329994, "lr": [4.086564437736966e-05, 4.0865644377369666e-06], "loss": 0.028211394883692266, "l1": 0.02755904469639063, "kl": 6.523502059280873e-05, "memory_allocated_GiB": 0.27306604385375977}
{"step": 10500, "samples": 672000, "level_sample_counts": {"L0": 224000, "L1": 224000, "L2": 224000}, "elapsed_train_s": 865.3803384579951, "lr": [4.0414468403813095e-05, 4.041446840381309e-06], "loss": 0.02831860411912203, "l1": 0.0276493151858449, "kl": 6.692888215184211e-05, "memory_allocated_GiB": 0.27306604385375977}
{"step": 10550, "samples": 675200, "level_sample_counts": {"L0": 225067, "L1": 225067, "L2": 225066}, "elapsed_train_s": 867.5301404140046, "lr": [3.9964101266647044e-05, 3.996410126664705e-06], "loss": 0.027791560180485248, "l1": 0.027144100293517114, "kl": 6.474600173532963e-05, "memory_allocated_GiB": 0.27367639541625977}
{"step": 10600, "samples": 678400, "level_sample_counts": {"L0": 226134, "L1": 226133, "L2": 226133}, "elapsed_train_s": 869.6285814970033, "lr": [3.951458096828449e-05, 3.951458096828449e-06], "loss": 0.02764334112405777, "l1": 0.026998419798910617, "kl": 6.44921138882637e-05, "memory_allocated_GiB": 0.27306604385375977}
{"step": 10650, "samples": 681600, "level_sample_counts": {"L0": 227200, "L1": 227200, "L2": 227200}, "elapsed_train_s": 871.7397156929947, "lr": [3.9065945439681214e-05, 3.906594543968122e-06], "loss": 0.027812680006027223, "l1": 0.027159649282693862, "kl": 6.530306302011013e-05, "memory_allocated_GiB": 0.27306604385375977}
{"step": 10700, "samples": 684800, "level_sample_counts": {"L0": 228267, "L1": 228267, "L2": 228266}, "elapsed_train_s": 873.8672182989976, "lr": [3.861823253713535e-05, 3.861823253713535e-06], "loss": 0.027834921032190322, "l1": 0.027215030752122404, "kl": 6.198902614414693e-05, "memory_allocated_GiB": 0.27367639541625977}
{"step": 10750, "samples": 688000, "level_sample_counts": {"L0": 229334, "L1": 229333, "L2": 229333}, "elapsed_train_s": 875.9753560889949, "lr": [3.817148003909288e-05, 3.817148003909288e-06], "loss": 0.0281227046251297, "l1": 0.027477878071367742, "kl": 6.448264233767987e-05, "memory_allocated_GiB": 0.27306604385375977}
{"step": 10800, "samples": 691200, "level_sample_counts": {"L0": 230400, "L1": 230400, "L2": 230400}, "elapsed_train_s": 878.0376509890048, "lr": [3.772572564296005e-05, 3.7725725642960047e-06], "loss": 0.027601918131113054, "l1": 0.02696907214820385, "kl": 6.328461691737175e-05, "memory_allocated_GiB": 0.27306604385375977}
{"step": 10850, "samples": 694400, "level_sample_counts": {"L0": 231467, "L1": 231467, "L2": 231466}, "elapsed_train_s": 880.156545595004, "lr": [3.728100696192218e-05, 3.7281006961922184e-06], "loss": 0.027853605858981608, "l1": 0.027246221750974655, "kl": 6.073840893805027e-05, "memory_allocated_GiB": 0.27367639541625977}
{"step": 10900, "samples": 697600, "level_sample_counts": {"L0": 232534, "L1": 232533, "L2": 232533}, "elapsed_train_s": 882.2412378449953, "lr": [3.683736152177005e-05, 3.6837361521770056e-06], "loss": 0.027262912280857563, "l1": 0.026629729494452477, "kl": 6.33182842284441e-05, "memory_allocated_GiB": 0.27306604385375977}
{"step": 10950, "samples": 700800, "level_sample_counts": {"L0": 233600, "L1": 233600, "L2": 233600}, "elapsed_train_s": 884.3635434780008, "lr": [3.639482675773324e-05, 3.639482675773324e-06], "loss": 0.02714969851076603, "l1": 0.026526881717145442, "kl": 6.228168494999408e-05, "memory_allocated_GiB": 0.27306604385375977}
{"step": 11000, "samples": 704000, "level_sample_counts": {"L0": 234667, "L1": 234667, "L2": 234666}, "elapsed_train_s": 886.458930103996, "lr": [3.595344001132154e-05, 3.595344001132154e-06], "loss": 0.027442278526723384, "l1": 0.026852054074406623, "kl": 5.902244709432125e-05, "memory_allocated_GiB": 0.27367639541625977}
{"step": 11050, "samples": 707200, "level_sample_counts": {"L0": 235734, "L1": 235733, "L2": 235733}, "elapsed_train_s": 888.5616721219994, "lr": [3.551323852717378e-05, 3.5513238527173775e-06], "loss": 0.027247317284345627, "l1": 0.02662021018564701, "kl": 6.27107173204422e-05, "memory_allocated_GiB": 0.27306604385375977}
{"step": 11100, "samples": 710400, "level_sample_counts": {"L0": 236800, "L1": 236800, "L2": 236800}, "elapsed_train_s": 890.6672781450034, "lr": [3.5074259449915284e-05, 3.507425944991529e-06], "loss": 0.026958774253726007, "l1": 0.026284953765571117, "kl": 6.738204509019852e-05, "memory_allocated_GiB": 0.27306604385375977}
{"step": 11150, "samples": 713600, "level_sample_counts": {"L0": 237867, "L1": 237867, "L2": 237866}, "elapsed_train_s": 892.8525792459986, "lr": [3.463653982102347e-05, 3.4636539821023475e-06], "loss": 0.027754791341722013, "l1": 0.027097861990332605, "kl": 6.56929425895214e-05, "memory_allocated_GiB": 0.27367639541625977}
{"step": 11200, "samples": 716800, "level_sample_counts": {"L0": 238934, "L1": 238933, "L2": 238933}, "elapsed_train_s": 895.0255976530025, "lr": [3.420011657570238e-05, 3.420011657570238e-06], "loss": 0.027491954937577247, "l1": 0.026848934963345526, "kl": 6.43019936978817e-05, "memory_allocated_GiB": 0.27306604385375977}
{"step": 11250, "samples": 720000, "level_sample_counts": {"L0": 240000, "L1": 240000, "L2": 240000}, "elapsed_train_s": 897.2829069, "lr": [3.3765026539765834e-05, 3.3765026539765832e-06], "loss": 0.027324779890477657, "l1": 0.026734383851289747, "kl": 5.903960205614567e-05, "memory_allocated_GiB": 0.27306604385375977}
{"step": 11300, "samples": 723200, "level_sample_counts": {"L0": 241067, "L1": 241067, "L2": 241066}, "elapsed_train_s": 899.4378781699925, "lr": [3.333130642653024e-05, 3.333130642653024e-06], "loss": 0.027642705626785755, "l1": 0.027031455747783185, "kl": 6.112500093877316e-05, "memory_allocated_GiB": 0.27367639541625977}
{"step": 11350, "samples": 726400, "level_sample_counts": {"L0": 242134, "L1": 242133, "L2": 242133}, "elapsed_train_s": 901.5589960640064, "lr": [3.289899283371657e-05, 3.289899283371657e-06], "loss": 0.027004719786345957, "l1": 0.026365851499140263, "kl": 6.388682872056962e-05, "memory_allocated_GiB": 0.27306604385375977}
{"step": 11400, "samples": 729600, "level_sample_counts": {"L0": 243200, "L1": 243200, "L2": 243200}, "elapsed_train_s": 903.678050069997, "lr": [3.2468122240362284e-05, 3.2468122240362287e-06], "loss": 0.027248070985078813, "l1": 0.026644769571721554, "kl": 6.0330135747790335e-05, "memory_allocated_GiB": 0.27306604385375977}
{"step": 11450, "samples": 732800, "level_sample_counts": {"L0": 244267, "L1": 244267, "L2": 244266}, "elapsed_train_s": 905.8470628520008, "lr": [3.203873100374314e-05, 3.203873100374314e-06], "loss": 0.026890027970075607, "l1": 0.026328784078359604, "kl": 5.612439475953579e-05, "memory_allocated_GiB": 0.27367639541625977}
{"step": 11500, "samples": 736000, "level_sample_counts": {"L0": 245334, "L1": 245333, "L2": 245333}, "elapsed_train_s": 907.9708425620047, "lr": [3.1610855356305354e-05, 3.1610855356305354e-06], "loss": 0.026866989284753798, "l1": 0.02629830200225115, "kl": 5.6868717074394226e-05, "memory_allocated_GiB": 0.27306604385375977}
{"step": 11550, "samples": 739200, "level_sample_counts": {"L0": 246400, "L1": 246400, "L2": 246400}, "elapsed_train_s": 910.0894365690037, "lr": [3.118453140260823e-05, 3.118453140260823e-06], "loss": 0.027295913584530353, "l1": 0.02673097811639309, "kl": 5.649353377521038e-05, "memory_allocated_GiB": 0.27306604385375977}
{"step": 11600, "samples": 742400, "level_sample_counts": {"L0": 247467, "L1": 247467, "L2": 247466}, "elapsed_train_s": 912.1831036479998, "lr": [3.0759795116277725e-05, 3.0759795116277723e-06], "loss": 0.02705117367208004, "l1": 0.026475567147135736, "kl": 5.756066180765629e-05, "memory_allocated_GiB": 0.27367639541625977}
{"step": 11650, "samples": 745600, "level_sample_counts": {"L0": 248534, "L1": 248533, "L2": 248533}, "elapsed_train_s": 914.2974645899958, "lr": [3.0336682336970846e-05, 3.0336682336970845e-06], "loss": 0.026596558690071107, "l1": 0.026060062386095525, "kl": 5.364962853491306e-05, "memory_allocated_GiB": 0.27306604385375977}
{"step": 11700, "samples": 748800, "level_sample_counts": {"L0": 249600, "L1": 249600, "L2": 249600}, "elapsed_train_s": 916.3737891219935, "lr": [2.991522876735154e-05, 2.991522876735154e-06], "loss": 0.027226959243416785, "l1": 0.026687858290970326, "kl": 5.391009151935577e-05, "memory_allocated_GiB": 0.27306604385375977}
{"step": 11750, "samples": 752000, "level_sample_counts": {"L0": 250667, "L1": 250667, "L2": 250666}, "elapsed_train_s": 918.484034188994, "lr": [2.9495469970078e-05, 2.9495469970078e-06], "loss": 0.027215185575187206, "l1": 0.026675641499459744, "kl": 5.395440384745598e-05, "memory_allocated_GiB": 0.27367639541625977}
{"step": 11800, "samples": 755200, "level_sample_counts": {"L0": 251734, "L1": 251733, "L2": 251733}, "elapsed_train_s": 920.5661728330015, "lr": [2.9077441364801938e-05, 2.907744136480194e-06], "loss": 0.026862998977303505, "l1": 0.026354557760059835, "kl": 5.084411241114139e-05, "memory_allocated_GiB": 0.27306604385375977}
{"step": 11850, "samples": 758400, "level_sample_counts": {"L0": 252800, "L1": 252800, "L2": 252800}, "elapsed_train_s": 922.6402736979944, "lr": [2.866117822517982e-05, 2.866117822517982e-06], "loss": 0.02644068367779255, "l1": 0.025901706181466578, "kl": 5.3897751495242116e-05, "memory_allocated_GiB": 0.27306604385375977}
{"step": 11900, "samples": 761600, "level_sample_counts": {"L0": 253867, "L1": 253867, "L2": 253866}, "elapsed_train_s": 924.7707430690061, "lr": [2.824671567589635e-05, 2.8246715675896354e-06], "loss": 0.026499017924070358, "l1": 0.025954339765012265, "kl": 5.446782335639e-05, "memory_allocated_GiB": 0.27367639541625977}
{"step": 11950, "samples": 764800, "level_sample_counts": {"L0": 254934, "L1": 254933, "L2": 254933}, "elapsed_train_s": 926.8867563289969, "lr": [2.783408868970071e-05, 2.783408868970071e-06], "loss": 0.026749917790293693, "l1": 0.02620871230959892, "kl": 5.412057042121887e-05, "memory_allocated_GiB": 0.27306604385375977}
{"step": 12000, "samples": 768000, "level_sample_counts": {"L0": 256000, "L1": 256000, "L2": 256000}, "elapsed_train_s": 929.0060031750036, "lr": [2.7423332084455544e-05, 2.7423332084455543e-06], "loss": 0.026557591371238233, "l1": 0.026016202718019486, "kl": 5.4138852283358575e-05, "memory_allocated_GiB": 0.27306604385375977}
{"step": 12050, "samples": 771200, "level_sample_counts": {"L0": 257067, "L1": 257067, "L2": 257066}, "elapsed_train_s": 931.123385814004, "lr": [2.701448052019888e-05, 2.7014480520198882e-06], "loss": 0.02649345953017473, "l1": 0.02594732441008091, "kl": 5.4613500833511355e-05, "memory_allocated_GiB": 0.27367639541625977}
{"step": 12100, "samples": 774400, "level_sample_counts": {"L0": 258134, "L1": 258133, "L2": 258133}, "elapsed_train_s": 933.2583395389956, "lr": [2.660756849621962e-05, 2.660756849621962e-06], "loss": 0.026283340454101564, "l1": 0.025763710401952265, "kl": 5.196301266551018e-05, "memory_allocated_GiB": 0.27306604385375977}
{"step": 12150, "samples": 777600, "level_sample_counts": {"L0": 259200, "L1": 259200, "L2": 259200}, "elapsed_train_s": 935.3661164899968, "lr": [2.6202630348146324e-05, 2.6202630348146323e-06], "loss": 0.026522460728883743, "l1": 0.02597946420311928, "kl": 5.429965443909168e-05, "memory_allocated_GiB": 0.27306604385375977}
{"step": 12200, "samples": 780800, "level_sample_counts": {"L0": 260267, "L1": 260267, "L2": 260266}, "elapsed_train_s": 937.5088209359965, "lr": [2.5799700245050074e-05, 2.5799700245050074e-06], "loss": 0.0263852646574378, "l1": 0.025860209316015244, "kl": 5.250554531812668e-05, "memory_allocated_GiB": 0.27367639541625977}
{"step": 12250, "samples": 784000, "level_sample_counts": {"L0": 261334, "L1": 261333, "L2": 261333}, "elapsed_train_s": 939.6128204410052, "lr": [2.5398812186561095e-05, 2.5398812186561095e-06], "loss": 0.026757564395666122, "l1": 0.026259154342114926, "kl": 4.984099417924881e-05, "memory_allocated_GiB": 0.27306604385375977}
{"step": 12300, "samples": 787200, "level_sample_counts": {"L0": 262400, "L1": 262400, "L2": 262400}, "elapsed_train_s": 941.7286125319952, "lr": [2.500000000000001e-05, 2.5000000000000015e-06], "loss": 0.026157598495483398, "l1": 0.025638071112334727, "kl": 5.195273086428642e-05, "memory_allocated_GiB": 0.27306604385375977}
{"step": 12350, "samples": 790400, "level_sample_counts": {"L0": 263467, "L1": 263467, "L2": 263466}, "elapsed_train_s": 943.8622698289983, "lr": [2.4603297337523294e-05, 2.4603297337523297e-06], "loss": 0.025876867510378362, "l1": 0.025370282083749772, "kl": 5.065855570137501e-05, "memory_allocated_GiB": 0.27367639541625977}
{"step": 12400, "samples": 793600, "level_sample_counts": {"L0": 264534, "L1": 264533, "L2": 264533}, "elapsed_train_s": 946.0576077970036, "lr": [2.4208737673283815e-05, 2.4208737673283818e-06], "loss": 0.026131863966584207, "l1": 0.02562053896486759, "kl": 5.1132505759596825e-05, "memory_allocated_GiB": 0.27306604385375977}
{"step": 12450, "samples": 796800, "level_sample_counts": {"L0": 265600, "L1": 265600, "L2": 265600}, "elapsed_train_s": 948.1907923550025, "lr": [2.381635430060611e-05, 2.381635430060611e-06], "loss": 0.025863648429512977, "l1": 0.025371101647615434, "kl": 4.925468005239963e-05, "memory_allocated_GiB": 0.27306604385375977}
{"step": 12500, "samples": 800000, "level_sample_counts": {"L0": 266667, "L1": 266667, "L2": 266666}, "elapsed_train_s": 950.3205767379986, "lr": [2.3426180329177215e-05, 2.3426180329177217e-06], "loss": 0.026045430563390256, "l1": 0.025541998259723187, "kl": 5.034324713051319e-05, "memory_allocated_GiB": 0.27367639541625977}
{"step": 12550, "samples": 803200, "level_sample_counts": {"L0": 267734, "L1": 267733, "L2": 267733}, "elapsed_train_s": 952.4501892499975, "lr": [2.3038248682252693e-05, 2.3038248682252695e-06], "loss": 0.0265188642218709, "l1": 0.026033801808953285, "kl": 4.850625060498715e-05, "memory_allocated_GiB": 0.27306604385375977}
{"step": 12600, "samples": 806400, "level_sample_counts": {"L0": 268800, "L1": 268800, "L2": 268800}, "elapsed_train_s": 954.5696971860016, "lr": [2.2652592093878666e-05, 2.265259209387867e-06], "loss": 0.026198274455964565, "l1": 0.025710363909602164, "kl": 4.8791049048304556e-05, "memory_allocated_GiB": 0.27306604385375977}
{"step": 12650, "samples": 809600, "level_sample_counts": {"L0": 269867, "L1": 269867, "L2": 269866}, "elapsed_train_s": 957.1613975819928, "lr": [2.226924310612956e-05, 2.2269243106129563e-06], "loss": 0.025925295390188695, "l1": 0.02545378714799881, "kl": 4.715082235634327e-05, "memory_allocated_GiB": 0.27367639541625977}
{"step": 12700, "samples": 812800, "level_sample_counts": {"L0": 270934, "L1": 270933, "L2": 270933}, "elapsed_train_s": 959.3085611620045, "lr": [2.1888234066362302e-05, 2.1888234066362303e-06], "loss": 0.025563537850975992, "l1": 0.02509887795895338, "kl": 4.6465983614325524e-05, "memory_allocated_GiB": 0.27306604385375977}
{"step": 12750, "samples": 816000, "level_sample_counts": {"L0": 272000, "L1": 272000, "L2": 272000}, "elapsed_train_s": 961.5195628899965, "lr": [2.150959712448669e-05, 2.1509597124486693e-06], "loss": 0.025609150007367135, "l1": 0.025138290598988533, "kl": 4.7085946425795556e-05, "memory_allocated_GiB": 0.27306604385375977}
{"step": 12800, "samples": 819200, "level_sample_counts": {"L0": 273067, "L1": 273067, "L2": 273066}, "elapsed_train_s": 963.7862820659939, "lr": [2.1133364230252688e-05, 2.113336423025269e-06], "loss": 0.02601175047457218, "l1": 0.025533801279962062, "kl": 4.779491573572159e-05, "memory_allocated_GiB": 0.27367639541625977}
{"step": 12850, "samples": 822400, "level_sample_counts": {"L0": 274134, "L1": 274133, "L2": 274133}, "elapsed_train_s": 965.9607211309922, "lr": [2.075956713055432e-05, 2.075956713055432e-06], "loss": 0.025679034180939198, "l1": 0.025184758938848972, "kl": 4.9427514895796775e-05, "memory_allocated_GiB": 0.27306604385375977}
{"step": 12900, "samples": 825600, "level_sample_counts": {"L0": 275200, "L1": 275200, "L2": 275200}, "elapsed_train_s": 968.1641282880009, "lr": [2.0388237366751006e-05, 2.0388237366751005e-06], "loss": 0.025810587331652642, "l1": 0.025328519605100155, "kl": 4.820677451789379e-05, "memory_allocated_GiB": 0.27306604385375977}
{"step": 12950, "samples": 828800, "level_sample_counts": {"L0": 276267, "L1": 276267, "L2": 276266}, "elapsed_train_s": 970.4622955130035, "lr": [2.0019406272005915e-05, 2.0019406272005913e-06], "loss": 0.025773970670998098, "l1": 0.025286309197545053, "kl": 4.876615479588509e-05, "memory_allocated_GiB": 0.27367639541625977}
{"step": 13000, "samples": 832000, "level_sample_counts": {"L0": 277334, "L1": 277333, "L2": 277333}, "elapsed_train_s": 972.705838919006, "lr": [1.9653104968642173e-05, 1.965310496864217e-06], "loss": 0.025357688143849373, "l1": 0.02488713223487139, "kl": 4.7055594623088835e-05, "memory_allocated_GiB": 0.27306604385375977}
{"step": 13050, "samples": 835200, "level_sample_counts": {"L0": 278400, "L1": 278400, "L2": 278400}, "elapsed_train_s": 974.9810124740034, "lr": [1.928936436551661e-05, 1.928936436551661e-06], "loss": 0.02596310220658779, "l1": 0.0254780538007617, "kl": 4.8504844307899475e-05, "memory_allocated_GiB": 0.27306604385375977}
{"step": 13100, "samples": 838400, "level_sample_counts": {"L0": 279467, "L1": 279467, "L2": 279466}, "elapsed_train_s": 977.205145164, "lr": [1.8928215155411773e-05, 1.8928215155411773e-06], "loss": 0.02588857840746641, "l1": 0.025399694889783858, "kl": 4.8888353630900384e-05, "memory_allocated_GiB": 0.27367639541625977}
{"step": 13150, "samples": 841600, "level_sample_counts": {"L0": 280534, "L1": 280533, "L2": 280533}, "elapsed_train_s": 979.5273868189979, "lr": [1.8569687812445896e-05, 1.8569687812445898e-06], "loss": 0.02554103370755911, "l1": 0.02506454586982727, "kl": 4.764880053699017e-05, "memory_allocated_GiB": 0.27306604385375977}
{"step": 13200, "samples": 844800, "level_sample_counts": {"L0": 281600, "L1": 281600, "L2": 281600}, "elapsed_train_s": 982.0636220869928, "lr": [1.821381258950161e-05, 1.8213812589501611e-06], "loss": 0.02569108344614506, "l1": 0.025236040502786636, "kl": 4.5504309237003324e-05, "memory_allocated_GiB": 0.27306604385375977}
{"step": 13250, "samples": 848000, "level_sample_counts": {"L0": 282667, "L1": 282667, "L2": 282666}, "elapsed_train_s": 984.5084927129938, "lr": [1.7860619515673033e-05, 1.7860619515673034e-06], "loss": 0.025704919323325158, "l1": 0.025268067307770252, "kl": 4.36851941049099e-05, "memory_allocated_GiB": 0.27367639541625977}
{"step": 13300, "samples": 851200, "level_sample_counts": {"L0": 283734, "L1": 283733, "L2": 283733}, "elapsed_train_s": 986.9663866920018, "lr": [1.7510138393732028e-05, 1.7510138393732029e-06], "loss": 0.0256008043512702, "l1": 0.025155279040336608, "kl": 4.455253481864929e-05, "memory_allocated_GiB": 0.27306604385375977}
{"step": 13350, "samples": 854400, "level_sample_counts": {"L0": 284800, "L1": 284800, "L2": 284800}, "elapsed_train_s": 989.4850881820021, "lr": [1.7162398797613282e-05, 1.7162398797613284e-06], "loss": 0.0257002567127347, "l1": 0.025237295925617218, "kl": 4.629608243703842e-05, "memory_allocated_GiB": 0.27306604385375977}
{"step": 13400, "samples": 857600, "level_sample_counts": {"L0": 285867, "L1": 285867, "L2": 285866}, "elapsed_train_s": 991.9641485939937, "lr": [1.681743006991894e-05, 1.6817430069918939e-06], "loss": 0.025575609430670738, "l1": 0.025133323632180692, "kl": 4.4228583574295046e-05, "memory_allocated_GiB": 0.27367639541625977}
{"step": 13450, "samples": 860800, "level_sample_counts": {"L0": 286934, "L1": 286933, "L2": 286933}, "elapsed_train_s": 994.4699240619957, "lr": [1.6475261319442553e-05, 1.6475261319442553e-06], "loss": 0.02536783870309591, "l1": 0.024917364306747913, "kl": 4.5047448948025705e-05, "memory_allocated_GiB": 0.27306604385375977}
{"step": 13500, "samples": 864000, "level_sample_counts": {"L0": 288000, "L1": 288000, "L2": 288000}, "elapsed_train_s": 996.9354720120027, "lr": [1.6135921418712956e-05, 1.6135921418712959e-06], "loss": 0.025491838678717613, "l1": 0.02503008607774973, "kl": 4.617525264620781e-05, "memory_allocated_GiB": 0.27306604385375977}
{"step": 13550, "samples": 867200, "level_sample_counts": {"L0": 289067, "L1": 289067, "L2": 289066}, "elapsed_train_s": 999.3631512099964, "lr": [1.5799439001557846e-05, 1.5799439001557847e-06], "loss": 0.02527061827480793, "l1": 0.024810701459646225, "kl": 4.5991679653525355e-05, "memory_allocated_GiB": 0.27367639541625977}
{"step": 13600, "samples": 870400, "level_sample_counts": {"L0": 290134, "L1": 290133, "L2": 290133}, "elapsed_train_s": 1001.7949269529927, "lr": [1.5465842460687784e-05, 1.5465842460687786e-06], "loss": 0.025306889489293098, "l1": 0.0248634597286582, "kl": 4.4342977926135066e-05, "memory_allocated_GiB": 0.27306604385375977}
{"step": 13650, "samples": 873600, "level_sample_counts": {"L0": 291200, "L1": 291200, "L2": 291200}, "elapsed_train_s": 1004.2886424049939, "lr": [1.5135159945300231e-05, 1.5135159945300232e-06], "loss": 0.0249616264924407, "l1": 0.024520529694855214, "kl": 4.410968162119389e-05, "memory_allocated_GiB": 0.27306604385375977}
{"step": 13700, "samples": 876800, "level_sample_counts": {"L0": 292267, "L1": 292267, "L2": 292266}, "elapsed_train_s": 1006.8436030989978, "lr": [1.4807419358704433e-05, 1.4807419358704433e-06], "loss": 0.025397472120821475, "l1": 0.024966866075992585, "kl": 4.306060262024403e-05, "memory_allocated_GiB": 0.27367639541625977}
{"step": 13750, "samples": 880000, "level_sample_counts": {"L0": 293334, "L1": 293333, "L2": 293333}, "elapsed_train_s": 1009.4024379990005, "lr": [1.44826483559668e-05, 1.44826483559668e-06], "loss": 0.025211861059069633, "l1": 0.024797780998051168, "kl": 4.14079986512661e-05, "memory_allocated_GiB": 0.27306604385375977}
{"step": 13800, "samples": 883200, "level_sample_counts": {"L0": 294400, "L1": 294400, "L2": 294400}, "elapsed_train_s": 1011.8535169969982, "lr": [1.4160874341577446e-05, 1.4160874341577447e-06], "loss": 0.025626374445855617, "l1": 0.02520315323024988, "kl": 4.232210107147694e-05, "memory_allocated_GiB": 0.27306604385375977}
{"step": 13850, "samples": 886400, "level_sample_counts": {"L0": 295467, "L1": 295467, "L2": 295466}, "elapsed_train_s": 1014.3364620939974, "lr": [1.3842124467137662e-05, 1.3842124467137664e-06], "loss": 0.02557378388941288, "l1": 0.02510781619697809, "kl": 4.659675993025303e-05, "memory_allocated_GiB": 0.27367639541625977}
{"step": 13900, "samples": 889600, "level_sample_counts": {"L0": 296534, "L1": 296533, "L2": 296533}, "elapsed_train_s": 1016.817706493006, "lr": [1.3526425629068967e-05, 1.3526425629068968e-06], "loss": 0.025208265744149683, "l1": 0.02477999050170183, "kl": 4.2827529832720756e-05, "memory_allocated_GiB": 0.27306604385375977}
{"step": 13950, "samples": 892800, "level_sample_counts": {"L0": 297600, "L1": 297600, "L2": 297600}, "elapsed_train_s": 1019.2919733710005, "lr": [1.3213804466343421e-05, 1.321380446634342e-06], "loss": 0.02523660145699978, "l1": 0.024791629575192927, "kl": 4.449719563126564e-05, "memory_allocated_GiB": 0.27306604385375977}
{"step": 14000, "samples": 896000, "level_sample_counts": {"L0": 298667, "L1": 298667, "L2": 298666}, "elapsed_train_s": 1021.8522983680014, "lr": [1.2904287358235928e-05, 1.290428735823593e-06], "loss": 0.02515804525464773, "l1": 0.02472194202244282, "kl": 4.3610315769910813e-05, "memory_allocated_GiB": 0.27367639541625977}
{"step": 14050, "samples": 899200, "level_sample_counts": {"L0": 299734, "L1": 299733, "L2": 299733}, "elapsed_train_s": 1024.369233121004, "lr": [1.259790042209823e-05, 1.259790042209823e-06], "loss": 0.02525444660335779, "l1": 0.024849164225161077, "kl": 4.052824340760708e-05, "memory_allocated_GiB": 0.27306604385375977}
{"step": 14100, "samples": 902400, "level_sample_counts": {"L0": 300800, "L1": 300800, "L2": 300800}, "elapsed_train_s": 1026.8379661660001, "lr": [1.2294669511155193e-05, 1.2294669511155193e-06], "loss": 0.024954815581440925, "l1": 0.024534657299518585, "kl": 4.201581701636314e-05, "memory_allocated_GiB": 0.27306604385375977}
{"step": 14150, "samples": 905600, "level_sample_counts": {"L0": 301867, "L1": 301867, "L2": 301866}, "elapsed_train_s": 1029.3446137519932, "lr": [1.1994620212323177e-05, 1.1994620212323177e-06], "loss": 0.025171940587460993, "l1": 0.024743543229997157, "kl": 4.2839739471673965e-05, "memory_allocated_GiB": 0.27367639541625977}
{"step": 14200, "samples": 908800, "level_sample_counts": {"L0": 302934, "L1": 302933, "L2": 302933}, "elapsed_train_s": 1031.8198963890027, "lr": [1.1697777844051105e-05, 1.1697777844051105e-06], "loss": 0.025095038190484045, "l1": 0.024684088081121446, "kl": 4.1095027700066564e-05, "memory_allocated_GiB": 0.27306604385375977}
{"step": 14250, "samples": 912000, "level_sample_counts": {"L0": 304000, "L1": 304000, "L2": 304000}, "elapsed_train_s": 1034.3221882399957, "lr": [1.1404167454183957e-05, 1.1404167454183957e-06], "loss": 0.025121015422046186, "l1": 0.024689304269850255, "kl": 4.3171122670173644e-05, "memory_allocated_GiB": 0.27306604385375977}
{"step": 14300, "samples": 915200, "level_sample_counts": {"L0": 305067, "L1": 305067, "L2": 305066}, "elapsed_train_s": 1036.796801657998, "lr": [1.111381381784931e-05, 1.1113813817849312e-06], "loss": 0.024892460256814956, "l1": 0.02447693221271038, "kl": 4.1552800685167316e-05, "memory_allocated_GiB": 0.27367639541625977}
{"step": 14350, "samples": 918400, "level_sample_counts": {"L0": 306134, "L1": 306133, "L2": 306133}, "elapsed_train_s": 1039.2939876869932, "lr": [1.0826741435366695e-05, 1.0826741435366694e-06], "loss": 0.025240712612867356, "l1": 0.02483297508209944, "kl": 4.077376797795296e-05, "memory_allocated_GiB": 0.27306604385375977}
{"step": 14400, "samples": 921600, "level_sample_counts": {"L0": 307200, "L1": 307200, "L2": 307200}, "elapsed_train_s": 1041.7335533389996, "lr": [1.0542974530180327e-05, 1.0542974530180327e-06], "loss": 0.02495187010616064, "l1": 0.024549844823777676, "kl": 4.020253196358681e-05, "memory_allocated_GiB": 0.27306604385375977}
{"step": 14450, "samples": 924800, "level_sample_counts": {"L0": 308267, "L1": 308267, "L2": 308266}, "elapsed_train_s": 1044.2292377190024, "lr": [1.0262537046815018e-05, 1.026253704681502e-06], "loss": 0.024755855202674867, "l1": 0.02434445444494486, "kl": 4.114007577300072e-05, "memory_allocated_GiB": 0.27367639541625977}
{"step": 14500, "samples": 928000, "level_sample_counts": {"L0": 309334, "L1": 309333, "L2": 309333}, "elapsed_train_s": 1046.7007317410025, "lr": [9.985452648855803e-06, 9.985452648855803e-07], "loss": 0.025526459254324438, "l1": 0.02511867206543684, "kl": 4.077873192727566e-05, "memory_allocated_GiB": 0.27306604385375977}
{"step": 14550, "samples": 931200, "level_sample_counts": {"L0": 310400, "L1": 310400, "L2": 310400}, "elapsed_train_s": 1049.2167271149956, "lr": [9.711744716951093e-06, 9.711744716951093e-07], "loss": 0.02463101513683796, "l1": 0.024238187707960605, "kl": 3.9282739162445065e-05, "memory_allocated_GiB": 0.27306604385375977}
{"step": 14600, "samples": 934400, "level_sample_counts": {"L0": 311467, "L1": 311467, "L2": 311466}, "elapsed_train_s": 1051.7293577439996, "lr": [9.441436346839894e-06, 9.441436346839894e-07], "loss": 0.024972854256629942, "l1": 0.02456976067274809, "kl": 4.030934534966946e-05, "memory_allocated_GiB": 0.27367639541625977}
{"step": 14650, "samples": 937600, "level_sample_counts": {"L0": 312534, "L1": 312533, "L2": 312533}, "elapsed_train_s": 1054.174810958997, "lr": [9.174550347402855e-06, 9.174550347402856e-07], "loss": 0.024985086806118488, "l1": 0.024588633440434934, "kl": 3.964532166719436e-05, "memory_allocated_GiB": 0.27306604385375977}
{"step": 14700, "samples": 940800, "level_sample_counts": {"L0": 313600, "L1": 313600, "L2": 313600}, "elapsed_train_s": 1056.550306923993, "lr": [8.911109238737747e-06, 8.911109238737748e-07], "loss": 0.025083107687532902, "l1": 0.024668548665940763, "kl": 4.145590588450432e-05, "memory_allocated_GiB": 0.27306604385375977}
{"step": 14750, "samples": 944000, "level_sample_counts": {"L0": 314667, "L1": 314667, "L2": 314666}, "elapsed_train_s": 1058.6836791319947, "lr": [8.651135250259091e-06, 8.651135250259091e-07], "loss": 0.02489631175994873, "l1": 0.024495808109641075, "kl": 4.0050363168120384e-05, "memory_allocated_GiB": 0.27367639541625977}
{"step": 14800, "samples": 947200, "level_sample_counts": {"L0": 315734, "L1": 315733, "L2": 315733}, "elapsed_train_s": 1060.8556320700009, "lr": [8.3946503188225e-06, 8.3946503188225e-07], "loss": 0.024935118705034256, "l1": 0.024550410360097884, "kl": 3.847084008157253e-05, "memory_allocated_GiB": 0.27306604385375977}
{"step": 14850, "samples": 950400, "level_sample_counts": {"L0": 316800, "L1": 316800, "L2": 316800}, "elapsed_train_s": 1063.0026876100019, "lr": [8.141676086873572e-06, 8.141676086873574e-07], "loss": 0.024930514246225357, "l1": 0.02453500259667635, "kl": 3.955117426812649e-05, "memory_allocated_GiB": 0.27306604385375977}
{"step": 14900, "samples": 953600, "level_sample_counts": {"L0": 317867, "L1": 317867, "L2": 317866}, "elapsed_train_s": 1065.1521422670048, "lr": [7.89223390062172e-06, 7.89223390062172e-07], "loss": 0.024807752184569834, "l1": 0.024425170049071313, "kl": 3.825820051133633e-05, "memory_allocated_GiB": 0.27367639541625977}
{"step": 14950, "samples": 956800, "level_sample_counts": {"L0": 318934, "L1": 318933, "L2": 318933}, "elapsed_train_s": 1067.2843228160054, "lr": [7.646344808238903e-06, 7.646344808238904e-07], "loss": 0.02479975879192352, "l1": 0.024416257552802564, "kl": 3.835013136267662e-05, "memory_allocated_GiB": 0.27306604385375977}
{"step": 15000, "samples": 960000, "level_sample_counts": {"L0": 320000, "L1": 320000, "L2": 320000}, "elapsed_train_s": 1069.494752804996, "lr": [7.404029558083653e-06, 7.404029558083653e-07], "loss": 0.024598140679299833, "l1": 0.024208015352487563, "kl": 3.901253454387188e-05, "memory_allocated_GiB": 0.27306604385375977}
{"step": 15050, "samples": 963200, "level_sample_counts": {"L0": 321067, "L1": 321067, "L2": 321066}, "elapsed_train_s": 1071.6841292699974, "lr": [7.165308596950182e-06, 7.165308596950182e-07], "loss": 0.02489484891295433, "l1": 0.024493966586887836, "kl": 4.0088240057229994e-05, "memory_allocated_GiB": 0.27367639541625977}
{"step": 15100, "samples": 966400, "level_sample_counts": {"L0": 322134, "L1": 322133, "L2": 322133}, "elapsed_train_s": 1073.7603513109934, "lr": [6.9302020683432055e-06, 6.930202068343206e-07], "loss": 0.025005594119429587, "l1": 0.02462247185409069, "kl": 3.831222653388977e-05, "memory_allocated_GiB": 0.27306604385375977}
{"step": 15150, "samples": 969600, "level_sample_counts": {"L0": 323200, "L1": 323200, "L2": 323200}, "elapsed_train_s": 1076.0019047899987, "lr": [6.698729810778065e-06, 6.698729810778065e-07], "loss": 0.024762717187404634, "l1": 0.024385202638804913, "kl": 3.7751467898488046e-05, "memory_allocated_GiB": 0.27306604385375977}
{"step": 15200, "samples": 972800, "level_sample_counts": {"L0": 324267, "L1": 324267, "L2": 324266}, "elapsed_train_s": 1078.1691707839927, "lr": [6.470911356106885e-06, 6.470911356106885e-07], "loss": 0.024870602786540984, "l1": 0.024495698176324368, "kl": 3.749046474695206e-05, "memory_allocated_GiB": 0.27367639541625977}
{"step": 15250, "samples": 976000, "level_sample_counts": {"L0": 325334, "L1": 325333, "L2": 325333}, "elapsed_train_s": 1080.3825238879945, "lr": [6.246765927870313e-06, 6.246765927870313e-07], "loss": 0.024599882327020168, "l1": 0.02422528140246868, "kl": 3.746009431779385e-05, "memory_allocated_GiB": 0.27306604385375977}
{"step": 15300, "samples": 979200, "level_sample_counts": {"L0": 326400, "L1": 326400, "L2": 326400}, "elapsed_train_s": 1082.6358844710048, "lr": [6.026312439675552e-06, 6.026312439675553e-07], "loss": 0.024657069966197015, "l1": 0.024281837791204453, "kl": 3.752323798835277e-05, "memory_allocated_GiB": 0.27306604385375977}
{"step": 15350, "samples": 982400, "level_sample_counts": {"L0": 327467, "L1": 327467, "L2": 327466}, "elapsed_train_s": 1084.885277548994, "lr": [5.809569493600281e-06, 5.809569493600281e-07], "loss": 0.02463670451194048, "l1": 0.024259549975395204, "kl": 3.771545365452767e-05, "memory_allocated_GiB": 0.27367639541625977}
{"step": 15400, "samples": 985600, "level_sample_counts": {"L0": 328534, "L1": 328533, "L2": 328533}, "elapsed_train_s": 1087.442023001, "lr": [5.596555378623125e-06, 5.596555378623126e-07], "loss": 0.024343930743634702, "l1": 0.023964412249624728, "kl": 3.795184195041657e-05, "memory_allocated_GiB": 0.27306604385375977}
{"step": 15450, "samples": 988800, "level_sample_counts": {"L0": 329600, "L1": 329600, "L2": 329600}, "elapsed_train_s": 1090.0680560430046, "lr": [5.387288069080299e-06, 5.387288069080298e-07], "loss": 0.024933330118656158, "l1": 0.0245570906996727, "kl": 3.76239325851202e-05, "memory_allocated_GiB": 0.27306604385375977}
{"step": 15500, "samples": 992000, "level_sample_counts": {"L0": 330667, "L1": 330667, "L2": 330666}, "elapsed_train_s": 1092.5843616170023, "lr": [5.181785223148999e-06, 5.181785223148999e-07], "loss": 0.024547686763107777, "l1": 0.024167758971452714, "kl": 3.7992782890796664e-05, "memory_allocated_GiB": 0.27367639541625977}
{"step": 15550, "samples": 995200, "level_sample_counts": {"L0": 331734, "L1": 331733, "L2": 331733}, "elapsed_train_s": 1095.0320588489994, "lr": [4.980064181357319e-06, 4.980064181357319e-07], "loss": 0.024557936042547225, "l1": 0.024179549254477024, "kl": 3.783867694437504e-05, "memory_allocated_GiB": 0.27306604385375977}
{"step": 15600, "samples": 998400, "level_sample_counts": {"L0": 332800, "L1": 332800, "L2": 332800}, "elapsed_train_s": 1097.5215293579968, "lr": [4.782141965121128e-06, 4.782141965121129e-07], "loss": 0.02489310599863529, "l1": 0.02451754257082939, "kl": 3.755633719265461e-05, "memory_allocated_GiB": 0.27306604385375977}
{"step": 15650, "samples": 1001600, "level_sample_counts": {"L0": 333867, "L1": 333867, "L2": 333866}, "elapsed_train_s": 1099.9864342179935, "lr": [4.588035275307689e-06, 4.5880352753076894e-07], "loss": 0.024505870155990123, "l1": 0.02413554713129997, "kl": 3.703229129314423e-05, "memory_allocated_GiB": 0.27367639541625977}
{"step": 15700, "samples": 1004800, "level_sample_counts": {"L0": 334934, "L1": 334933, "L2": 334933}, "elapsed_train_s": 1102.469865474006, "lr": [4.397760490826481e-06, 4.39776049082648e-07], "loss": 0.024733937196433544, "l1": 0.02435705717653036, "kl": 3.7687998265028e-05, "memory_allocated_GiB": 0.27306604385375977}
{"step": 15750, "samples": 1008000, "level_sample_counts": {"L0": 336000, "L1": 336000, "L2": 336000}, "elapsed_train_s": 1104.9581136339984, "lr": [4.2113336672471245e-06, 4.211333667247125e-07], "loss": 0.02465431548655033, "l1": 0.02428404036909342, "kl": 3.702751360833645e-05, "memory_allocated_GiB": 0.27306604385375977}
{"step": 15800, "samples": 1011200, "level_sample_counts": {"L0": 337067, "L1": 337067, "L2": 337066}, "elapsed_train_s": 1107.441141231, "lr": [4.028770535444615e-06, 4.0287705354446147e-07], "loss": 0.024641760885715486, "l1": 0.024276026412844657, "kl": 3.6573437973856926e-05, "memory_allocated_GiB": 0.27367639541625977}
{"step": 15850, "samples": 1014400, "level_sample_counts": {"L0": 338134, "L1": 338133, "L2": 338133}, "elapsed_train_s": 1109.9430072329997, "lr": [3.850086500271871e-06, 3.850086500271871e-07], "loss": 0.024622680954635143, "l1": 0.024254243113100527, "kl": 3.6843782290816306e-05, "memory_allocated_GiB": 0.27306604385375977}
{"step": 15900, "samples": 1017600, "level_sample_counts": {"L0": 339200, "L1": 339200, "L2": 339200}, "elapsed_train_s": 1112.4317398819985, "lr": [3.675296639259912e-06, 3.675296639259912e-07], "loss": 0.024769689962267874, "l1": 0.02440899357199669, "kl": 3.606964834034443e-05, "memory_allocated_GiB": 0.27306604385375977}
{"step": 15950, "samples": 1020800, "level_sample_counts": {"L0": 340267, "L1": 340267, "L2": 340266}, "elapsed_train_s": 1114.9335008449998, "lr": [3.504415701345615e-06, 3.504415701345615e-07], "loss": 0.02476648896932602, "l1": 0.02439932432025671, "kl": 3.671645186841488e-05, "memory_allocated_GiB": 0.27367639541625977}
{"step": 16000, "samples": 1024000, "level_sample_counts": {"L0": 341334, "L1": 341333, "L2": 341333}, "elapsed_train_s": 1117.428390496003, "lr": [3.3374581056271447e-06, 3.337458105627145e-07], "loss": 0.024563894681632517, "l1": 0.024200796559453012, "kl": 3.630980849266052e-05, "memory_allocated_GiB": 0.27306604385375977}
{"step": 16050, "samples": 1027200, "level_sample_counts": {"L0": 342400, "L1": 342400, "L2": 342400}, "elapsed_train_s": 1119.8911721189943, "lr": [3.1744379401472677e-06, 3.174437940147268e-07], "loss": 0.02465118493884802, "l1": 0.02428813461214304, "kl": 3.630503080785275e-05, "memory_allocated_GiB": 0.27306604385375977}
{"step": 16100, "samples": 1030400, "level_sample_counts": {"L0": 343467, "L1": 343467, "L2": 343466}, "elapsed_train_s": 1122.3755243740015, "lr": [3.0153689607045845e-06, 3.015368960704584e-07], "loss": 0.024802144542336466, "l1": 0.024444463290274145, "kl": 3.5768132656812666e-05, "memory_allocated_GiB": 0.27367639541625977}
{"step": 16150, "samples": 1033600, "level_sample_counts": {"L0": 344534, "L1": 344533, "L2": 344533}, "elapsed_train_s": 1124.8981527599972, "lr": [2.8602645896928295e-06, 2.860264589692829e-07], "loss": 0.024388261213898657, "l1": 0.024028421603143214, "kl": 3.598395735025406e-05, "memory_allocated_GiB": 0.27306604385375977}
{"step": 16200, "samples": 1036800, "level_sample_counts": {"L0": 345600, "L1": 345600, "L2": 345600}, "elapsed_train_s": 1127.4057642550033, "lr": [2.7091379149682685e-06, 2.7091379149682683e-07], "loss": 0.02475658155977726, "l1": 0.02439856845885515, "kl": 3.580131568014622e-05, "memory_allocated_GiB": 0.27306604385375977}
{"step": 16250, "samples": 1040000, "level_sample_counts": {"L0": 346667, "L1": 346667, "L2": 346666}, "elapsed_train_s": 1129.8840523669933, "lr": [2.562001688745291e-06, 2.562001688745291e-07], "loss": 0.024547514878213404, "l1": 0.02418665509670973, "kl": 3.6085974425077435e-05, "memory_allocated_GiB": 0.27367639541625977}
{"step": 16300, "samples": 1043200, "level_sample_counts": {"L0": 347734, "L1": 347733, "L2": 347733}, "elapsed_train_s": 1132.3695766210003, "lr": [2.4188683265204127e-06, 2.4188683265204125e-07], "loss": 0.02430106043815613, "l1": 0.02394196856766939, "kl": 3.5909200087189674e-05, "memory_allocated_GiB": 0.27306604385375977}
{"step": 16350, "samples": 1046400, "level_sample_counts": {"L0": 348800, "L1": 348800, "L2": 348800}, "elapsed_train_s": 1134.834488761, "lr": [2.2797499060246253e-06, 2.2797499060246253e-07], "loss": 0.024521424137055874, "l1": 0.02416741508990526, "kl": 3.540090285241604e-05, "memory_allocated_GiB": 0.27306604385375977}
{"step": 16400, "samples": 1049600, "level_sample_counts": {"L0": 349867, "L1": 349867, "L2": 349866}, "elapsed_train_s": 1137.3106380270037, "lr": [2.1446581662042942e-06, 2.1446581662042943e-07], "loss": 0.024468019716441632, "l1": 0.02411766745150089, "kl": 3.503521904349327e-05, "memory_allocated_GiB": 0.27367639541625977}
{"step": 16450, "samples": 1052800, "level_sample_counts": {"L0": 350934, "L1": 350933, "L2": 350933}, "elapsed_train_s": 1139.8062287770008, "lr": [2.013604506230554e-06, 2.0136045062305543e-07], "loss": 0.024571127705276013, "l1": 0.02421529684215784, "kl": 3.558309748768806e-05, "memory_allocated_GiB": 0.27306604385375977}
{"step": 16500, "samples": 1056000, "level_sample_counts": {"L0": 352000, "L1": 352000, "L2": 352000}, "elapsed_train_s": 1142.3055466530059, "lr": [1.8865999845374793e-06, 1.8865999845374794e-07], "loss": 0.02471315760165453, "l1": 0.024363255053758623, "kl": 3.4990264102816584e-05, "memory_allocated_GiB": 0.27306604385375977}
{"step": 16550, "samples": 1059200, "level_sample_counts": {"L0": 353067, "L1": 353067, "L2": 353066}, "elapsed_train_s": 1144.7869928909931, "lr": [1.7636553178889792e-06, 1.7636553178889792e-07], "loss": 0.024863224886357786, "l1": 0.024511159434914588, "kl": 3.520655445754528e-05, "memory_allocated_GiB": 0.27367639541625977}
{"step": 16600, "samples": 1062400, "level_sample_counts": {"L0": 354134, "L1": 354133, "L2": 354133}, "elapsed_train_s": 1147.249349464997, "lr": [1.6447808804744668e-06, 1.6447808804744668e-07], "loss": 0.024538996256887914, "l1": 0.02418768238276243, "kl": 3.5131387412548066e-05, "memory_allocated_GiB": 0.27306604385375977}
{"step": 16650, "samples": 1065600, "level_sample_counts": {"L0": 355200, "L1": 355200, "L2": 355200}, "elapsed_train_s": 1149.7386746629927, "lr": [1.5299867030334814e-06, 1.5299867030334815e-07], "loss": 0.024335750825703144, "l1": 0.023984268419444562, "kl": 3.514823503792286e-05, "memory_allocated_GiB": 0.27306604385375977}
{"step": 16700, "samples": 1068800, "level_sample_counts": {"L0": 356267, "L1": 356267, "L2": 356266}, "elapsed_train_s": 1152.193325856002, "lr": [1.419282472009309e-06, 1.419282472009309e-07], "loss": 0.024416946172714234, "l1": 0.02407202895730734, "kl": 3.449169918894768e-05, "memory_allocated_GiB": 0.27367639541625977}
{"step": 16750, "samples": 1072000, "level_sample_counts": {"L0": 357334, "L1": 357333, "L2": 357333}, "elapsed_train_s": 1154.685479200998, "lr": [1.3126775287316151e-06, 1.312677528731615e-07], "loss": 0.02449934422969818, "l1": 0.024148970060050488, "kl": 3.503742627799511e-05, "memory_allocated_GiB": 0.27306604385375977}
{"step": 16800, "samples": 1075200, "level_sample_counts": {"L0": 358400, "L1": 358400, "L2": 358400}, "elapsed_train_s": 1157.1753940789931, "lr": [1.210180868628219e-06, 1.210180868628219e-07], "loss": 0.024314695596694948, "l1": 0.023966023065149784, "kl": 3.486724570393562e-05, "memory_allocated_GiB": 0.27306604385375977}
{"step": 16850, "samples": 1078400, "level_sample_counts": {"L0": 359467, "L1": 359467, "L2": 359466}, "elapsed_train_s": 1159.6454447720025, "lr": [1.11180114046604e-06, 1.11180114046604e-07], "loss": 0.024152683317661284, "l1": 0.02380331240594387, "kl": 3.493708558380604e-05, "memory_allocated_GiB": 0.27367639541625977}
{"step": 16900, "samples": 1081600, "level_sample_counts": {"L0": 360534, "L1": 360533, "L2": 360533}, "elapsed_train_s": 1162.0913360669947, "lr": [1.0175466456213034e-06, 1.0175466456213034e-07], "loss": 0.024662761986255645, "l1": 0.024317129328846932, "kl": 3.4563271328806876e-05, "memory_allocated_GiB": 0.27306604385375977}
{"step": 16950, "samples": 1084800, "level_sample_counts": {"L0": 361600, "L1": 361600, "L2": 361600}, "elapsed_train_s": 1164.2930812370032, "lr": [9.274253373791064e-07, 9.274253373791064e-08], "loss": 0.024310792796313763, "l1": 0.023970566615462305, "kl": 3.402262926101684e-05, "memory_allocated_GiB": 0.27306604385375977}
{"step": 17000, "samples": 1088000, "level_sample_counts": {"L0": 362667, "L1": 362667, "L2": 362666}, "elapsed_train_s": 1166.4253880159958, "lr": [8.414448202622494e-07, 8.414448202622494e-08], "loss": 0.024255465865135193, "l1": 0.023914882019162177, "kl": 3.405839204788208e-05, "memory_allocated_GiB": 0.27367639541625977}
{"step": 17050, "samples": 1091200, "level_sample_counts": {"L0": 363734, "L1": 363733, "L2": 363733}, "elapsed_train_s": 1168.5894233339932, "lr": [7.596123493895991e-07, 7.59612349389599e-08], "loss": 0.02447235930711031, "l1": 0.024135440550744534, "kl": 3.369187004864216e-05, "memory_allocated_GiB": 0.27306604385375977}
{"step": 17100, "samples": 1094400, "level_sample_counts": {"L0": 364800, "L1": 364800, "L2": 364800}, "elapsed_train_s": 1170.7418541880033, "lr": [6.819348298638839e-07, 6.819348298638839e-08], "loss": 0.02443534631282091, "l1": 0.024094598330557347, "kl": 3.407478332519531e-05, "memory_allocated_GiB": 0.27306604385375977}
{"step": 17150, "samples": 1097600, "level_sample_counts": {"L0": 365867, "L1": 365867, "L2": 365866}, "elapsed_train_s": 1172.9277586579992, "lr": [6.084188161890325e-07, 6.084188161890326e-08], "loss": 0.02450199570506811, "l1": 0.024160085804760457, "kl": 3.4190993756055835e-05, "memory_allocated_GiB": 0.27367639541625977}
{"step": 17200, "samples": 1100800, "level_sample_counts": {"L0": 366934, "L1": 366933, "L2": 366933}, "elapsed_train_s": 1175.137971516, "lr": [5.390705117171047e-07, 5.390705117171047e-08], "loss": 0.024615440964698792, "l1": 0.024275209307670593, "kl": 3.402316011488437e-05, "memory_allocated_GiB": 0.27306604385375977}
{"step": 17250, "samples": 1104000, "level_sample_counts": {"L0": 368000, "L1": 368000, "L2": 368000}, "elapsed_train_s": 1177.2672365689941, "lr": [4.738957681248379e-07, 4.73895768124838e-08], "loss": 0.024686551317572594, "l1": 0.024344772659242155, "kl": 3.417788073420525e-05, "memory_allocated_GiB": 0.27306604385375977}
{"step": 17300, "samples": 1107200, "level_sample_counts": {"L0": 369067, "L1": 369067, "L2": 369066}, "elapsed_train_s": 1179.488691423001, "lr": [4.129000849198872e-07, 4.129000849198872e-08], "loss": 0.024434677325189114, "l1": 0.024093305841088295, "kl": 3.413715399801731e-05, "memory_allocated_GiB": 0.27367639541625977}
{"step": 17350, "samples": 1110400, "level_sample_counts": {"L0": 370134, "L1": 370133, "L2": 370133}, "elapsed_train_s": 1181.7829285570042, "lr": [3.5608860897675677e-07, 3.560886089767568e-08], "loss": 0.024571423083543778, "l1": 0.02423103865236044, "kl": 3.403843380510807e-05, "memory_allocated_GiB": 0.27306604385375977}
{"step": 17400, "samples": 1113600, "level_sample_counts": {"L0": 371200, "L1": 371200, "L2": 371200}, "elapsed_train_s": 1184.046899355002, "lr": [3.034661341025258e-07, 3.034661341025258e-08], "loss": 0.024502525851130486, "l1": 0.0241599852591753, "kl": 3.425406292080879e-05, "memory_allocated_GiB": 0.27306604385375977}
{"step": 17450, "samples": 1116800, "level_sample_counts": {"L0": 372267, "L1": 372267, "L2": 372266}, "elapsed_train_s": 1186.267807679993, "lr": [2.55037100632316e-07, 2.55037100632316e-08], "loss": 0.024599035680294038, "l1": 0.024256969094276427, "kl": 3.420666791498661e-05, "memory_allocated_GiB": 0.27367639541625977}
{"step": 17500, "samples": 1120000, "level_sample_counts": {"L0": 373334, "L1": 373333, "L2": 373333}, "elapsed_train_s": 1188.5119482750015, "lr": [2.1080559505462505e-07, 2.1080559505462504e-08], "loss": 0.024500255696475504, "l1": 0.024159944131970406, "kl": 3.403117880225181e-05, "memory_allocated_GiB": 0.27306604385375977}
{"step": 17550, "samples": 1123200, "level_sample_counts": {"L0": 374400, "L1": 374400, "L2": 374400}, "elapsed_train_s": 1190.720349426003, "lr": [1.7077534966650766e-07, 1.7077534966650767e-08], "loss": 0.024390901736915112, "l1": 0.024050326161086558, "kl": 3.405754454433918e-05, "memory_allocated_GiB": 0.27306604385375977}
{"step": 17600, "samples": 1126400, "level_sample_counts": {"L0": 375467, "L1": 375467, "L2": 375466}, "elapsed_train_s": 1193.3005260770005, "lr": [1.3494974225863322e-07, 1.3494974225863322e-08], "loss": 0.0244904675334692, "l1": 0.02415130488574505, "kl": 3.391626290977001e-05, "memory_allocated_GiB": 0.27367639541625977}
{"step": 17650, "samples": 1129600, "level_sample_counts": {"L0": 376534, "L1": 376533, "L2": 376533}, "elapsed_train_s": 1195.7902915349987, "lr": [1.033317958302693e-07, 1.033317958302693e-08], "loss": 0.024718206226825714, "l1": 0.02438249867409468, "kl": 3.3570751547813415e-05, "memory_allocated_GiB": 0.27306604385375977}
{"step": 17700, "samples": 1132800, "level_sample_counts": {"L0": 377600, "L1": 377600, "L2": 377600}, "elapsed_train_s": 1198.2848038369993, "lr": [7.59241783341913e-08, 7.59241783341913e-09], "loss": 0.02473281804472208, "l1": 0.024392828084528445, "kl": 3.3998992294073104e-05, "memory_allocated_GiB": 0.27306604385375977}
{"step": 17750, "samples": 1136000, "level_sample_counts": {"L0": 378667, "L1": 378667, "L2": 378666}, "elapsed_train_s": 1200.7329032989946, "lr": [5.272920245156798e-08, 5.2729202451567985e-09], "loss": 0.024298290088772774, "l1": 0.02396068174391985, "kl": 3.376084379851818e-05, "memory_allocated_GiB": 0.27367639541625977}
{"step": 17800, "samples": 1139200, "level_sample_counts": {"L0": 379734, "L1": 379733, "L2": 379733}, "elapsed_train_s": 1203.1926477259985, "lr": [3.374882539681767e-08, 3.3748825396817675e-09], "loss": 0.024186078310012817, "l1": 0.023850951790809632, "kl": 3.351263701915741e-05, "memory_allocated_GiB": 0.27306604385375977}
{"step": 17850, "samples": 1142400, "level_sample_counts": {"L0": 380800, "L1": 380800, "L2": 380800}, "elapsed_train_s": 1205.7044476449955, "lr": [1.8984648752429225e-08, 1.8984648752429222e-09], "loss": 0.024368786811828615, "l1": 0.024032522588968278, "kl": 3.3626435324549676e-05, "memory_allocated_GiB": 0.27306604385375977}
{"step": 17900, "samples": 1145600, "level_sample_counts": {"L0": 381867, "L1": 381867, "L2": 381866}, "elapsed_train_s": 1208.1137975769961, "lr": [8.437918333864536e-09, 8.437918333864537e-10], "loss": 0.02440414931625128, "l1": 0.02407024409621954, "kl": 3.339052200317383e-05, "memory_allocated_GiB": 0.27367639541625977}
{"step": 17950, "samples": 1148800, "level_sample_counts": {"L0": 382934, "L1": 382933, "L2": 382933}, "elapsed_train_s": 1210.642886104004, "lr": [2.109524084381587e-09, 2.1095240843815868e-10], "loss": 0.024708009548485278, "l1": 0.024371526092290877, "kl": 3.364834934473038e-05, "memory_allocated_GiB": 0.27306604385375977}
{"step": 18000, "samples": 1152000, "level_sample_counts": {"L0": 384000, "L1": 384000, "L2": 384000}, "elapsed_train_s": 1212.9377610630036, "lr": [0.0, 0.0], "loss": 0.024415154941380024, "l1": 0.024079066403210163, "kl": 3.360884264111519e-05, "memory_allocated_GiB": 0.27306604385375977}
DEVELOPMENT {"L0": {"step": 12600, "summary": {"success_once": {"mean": 1.0, "std": 0.0}, "return": {"mean": 410.3863830566406, "std": 5.111824035644531}, "episode_len": {"mean": 500.0, "std": 0.0}, "reward": {"mean": 0.8207727844238282, "std": 0.010223647486796154}, "last_reward": {"mean": 1.0, "std": 0.0}, "success_at_end": {"mean": 1.0, "std": 0.0}}, "stages": {"is_grasped": 20, "is_mug_above_table": 20, "is_mug_contact_rack": 20, "is_obj_placed": 20, "success": 20}}, "L1": {"step": 12600, "summary": {"success_once": {"mean": 1.0, "std": 0.0}, "return": {"mean": 394.9281921386719, "std": 3.5128376483917236}, "episode_len": {"mean": 500.0, "std": 0.0}, "reward": {"mean": 0.7898564758300781, "std": 0.0070256754715229425}, "last_reward": {"mean": 1.0, "std": 0.0}, "success_at_end": {"mean": 0.95, "std": 0.21794494717703372}}, "stages": {"is_grasped": 20, "is_mug_above_table": 20, "is_mug_contact_rack": 20, "is_obj_placed": 19, "success": 20}}, "L2": {"step": 12600, "summary": {"success_once": {"mean": 1.0, "std": 0.0}, "return": {"mean": 404.67620849609375, "std": 4.577958583831787}, "episode_len": {"mean": 500.0, "std": 0.0}, "reward": {"mean": 0.809352490234375, "std": 0.009155916974525988}, "last_reward": {"mean": 1.0, "std": 0.0}, "success_at_end": {"mean": 0.9, "std": 0.30000000000000004}}, "stages": {"is_grasped": 20, "is_mug_above_table": 20, "is_mug_contact_rack": 20, "is_obj_placed": 20, "success": 20}}}
DEVELOPMENT {"L0": {"step": 18000, "summary": {"success_once": {"mean": 1.0, "std": 0.0}, "return": {"mean": 410.67340087890625, "std": 4.6768670082092285}, "episode_len": {"mean": 500.0, "std": 0.0}, "reward": {"mean": 0.8213468597412108, "std": 0.009353734055517303}, "last_reward": {"mean": 1.0, "std": 0.0}, "success_at_end": {"mean": 1.0, "std": 0.0}}, "stages": {"is_grasped": 20, "is_mug_above_table": 20, "is_mug_contact_rack": 20, "is_obj_placed": 20, "success": 20}}, "L1": {"step": 18000, "summary": {"success_once": {"mean": 1.0, "std": 0.0}, "return": {"mean": 392.9472961425781, "std": 4.391973972320557}, "episode_len": {"mean": 500.0, "std": 0.0}, "reward": {"mean": 0.7858945678710938, "std": 0.008783948072237247}, "last_reward": {"mean": 1.0, "std": 0.0}, "success_at_end": {"mean": 0.95, "std": 0.21794494717703367}}, "stages": {"is_grasped": 20, "is_mug_above_table": 20, "is_mug_contact_rack": 20, "is_obj_placed": 20, "success": 20}}, "L2": {"step": 18000, "summary": {"success_once": {"mean": 0.95, "std": 0.21794494717703372}, "return": {"mean": 404.2875061035156, "std": 12.759710311889648}, "episode_len": {"mean": 500.0, "std": 0.0}, "reward": {"mean": 0.8085749206542969, "std": 0.025519419880533776}, "last_reward": {"mean": 0.9908854931592941, "std": 0.03972921423884707}, "success_at_end": {"mean": 0.85, "std": 0.3570714214271425}}, "stages": {"is_grasped": 20, "is_mug_above_table": 20, "is_mug_contact_rack": 19, "is_obj_placed": 19, "success": 19}}}
TRAIN COMPLETE {"status": "complete", "condition": "B012", "seed": 1, "steps": 18000, "samples": 1152000, "batch_size": 64, "workers": 8, "wall_seconds": 1446.4452438354492, "initialization_seconds": 42.049819469451904, "steady_steps": 17950, "steady_step_median_s": 0.04401500349922571, "steady_step_p95_s": 0.05359890150066349, "steady_mean_step_s": 0.045056440589414756, "samples_per_second": 1420.4406553818126, "data_wait_mean_s": 0.0003147896158651314, "gpu_update_ms_median": 43.4398078918457, "peak_allocated_GiB": 1.5657305717468262, "peak_reserved_GiB": 1.837890625, "level_sample_counts": {"L0": 384000, "L1": 384000, "L2": 384000}, "sampling": {"seed": 10001, "completed_batches": 18000, "extra_rotation": 0, "plan_sha256": "9e3fe2123eb4ba641425c3c614b099671e094e24fd1d748016eb3e6b59f7677c", "counts": {"L0": 384000, "L1": 384000, "L2": 384000}, "passes_and_cursors": {"L0": {"pass_index": 34, "cursor": 2248}, "L1": {"pass_index": 31, "cursor": 9551}, "L2": {"pass_index": 33, "cursor": 10968}}}}
