/home/zxc/miniconda3/envs/imitator/lib/python3.12/site-packages/torch/cuda/__init__.py:61: FutureWarning: The pynvml package is deprecated. Please install nvidia-ml-py instead. If you did not install pynvml directly, please report this to the maintainers of the package that installed pynvml for you.
  import pynvml  # type: ignore[import]
2026-10-07 00:22:36.729688: I tensorflow/core/util/port.cc:153] oneDNN custom operations are on. You may see slightly different numerical results due to floating-point round-off errors from different computation orders. To turn them off, set the environment variable `TF_ENABLE_ONEDNN_OPTS=0`.
2026-10-07 00:22:36.739890: E external/local_xla/xla/stream_executor/cuda/cuda_fft.cc:467] Unable to register cuFFT factory: Attempting to register factory for plugin cuFFT when one has already been registered
WARNING: All log messages before absl::InitializeLog() is called are written to STDERR
E0000 00:00:1791303756.751555  645496 cuda_dnn.cc:8579] Unable to register cuDNN factory: Attempting to register factory for plugin cuDNN when one has already been registered
E0000 00:00:1791303756.755394  645496 cuda_blas.cc:1407] Unable to register cuBLAS factory: Attempting to register factory for plugin cuBLAS when one has already been registered
W0000 00:00:1791303756.766032  645496 computation_placer.cc:177] computation placer already registered. Please check linkage and avoid linking the same target more than once.
W0000 00:00:1791303756.766092  645496 computation_placer.cc:177] computation placer already registered. Please check linkage and avoid linking the same target more than once.
W0000 00:00:1791303756.766095  645496 computation_placer.cc:177] computation placer already registered. Please check linkage and avoid linking the same target more than once.
W0000 00:00:1791303756.766098  645496 computation_placer.cc:177] computation placer already registered. Please check linkage and avoid linking the same target more than once.
2026-10-07 00:22:36.768906: I tensorflow/core/platform/cpu_feature_guard.cc:210] This TensorFlow binary is optimized to use available CPU instructions in performance-critical operations.
To enable the following instructions: AVX2 AVX512F AVX512_VNNI AVX512_BF16 FMA, in other operations, rebuild TensorFlow with the appropriate compiler flags.

================================================================================
🔄 INITIALIZING HUMAN-SIM PAIRED DATASET
================================================================================
   Input mode: video_only
   Include first frame: True

📖 Loading task mapping from: examples/baselines/lerobot_dataset/task_mapping.json
   ✓ 53 human task descriptions
   ✓ 200 sim task descriptions

✓ Mapping loaded:
  - 53 human tasks: ['human_H1', 'human_H10', 'human_H11', 'human_H12', 'human_H13', 'human_H14', 'human_H15', 'human_H16', 'human_H17', 'human_H18', 'human_H19', 'human_H2', 'human_H20', 'human_H21', 'human_H22', 'human_H23', 'human_H24', 'human_H25', 'human_H26', 'human_H27', 'human_H28', 'human_H29', 'human_H3', 'human_H30', 'human_H31', 'human_H32', 'human_H33', 'human_H34', 'human_H35', 'human_H36', 'human_H37', 'human_H38', 'human_H39', 'human_H4', 'human_H40', 'human_H41', 'human_H42', 'human_H43', 'human_H44', 'human_H45', 'human_H46', 'human_H47', 'human_H48', 'human_H49', 'human_H5', 'human_H50', 'human_H56', 'human_H57', 'human_H58', 'human_H6', 'human_H7', 'human_H8', 'human_H9']
  - 200 sim tasks: ['L0_TwoRobotCleanCup-v1', 'L0_TwoRobotCleanDesk-v1', 'L0_TwoRobotCutFruit-v1', 'L0_TwoRobotFoldBox-v1', 'L0_TwoRobotFoldTowel-v1', 'L0_TwoRobotGrindFood-v1', 'L0_TwoRobotKnifeBowlFork-v1', 'L0_TwoRobotLiftLidFromSkillet-v1', 'L0_TwoRobotOpenBox-v1', 'L0_TwoRobotOpenLiquidCap-v1', 'L0_TwoRobotPickAppleBananaToBaskets-v1', 'L0_TwoRobotPickAppleBasket-v1', 'L0_TwoRobotPickAppleToScale-v1', 'L0_TwoRobotPickFood-v1', 'L0_TwoRobotPickFruitsToPlate-v1', 'L0_TwoRobotPickPillToRegions-v1', 'L0_TwoRobotPickRemoteControl-v1', 'L0_TwoRobotPickTennisBallGolfBall-v1', 'L0_TwoRobotPickWash-v1', 'L0_TwoRobotPlaceBookBookcase-v1', 'L0_TwoRobotPlaceBrushRest-v1', 'L0_TwoRobotPlaceBurgerTray-v1', 'L0_TwoRobotPlaceChipsRack-v1', 'L0_TwoRobotPlaceClothBasket-v1', 'L0_TwoRobotPlaceCommodityRack-v1', 'L0_TwoRobotPlaceCupPlate-v1', 'L0_TwoRobotPlaceFileFolder-v1', 'L0_TwoRobotPlaceFoodScale-v1', 'L0_TwoRobotPlaceFruitBox-v1', 'L0_TwoRobotPlaceMagazineFolder-v1', 'L0_TwoRobotPlaceMugRack-v1', 'L0_TwoRobotPlacePillBox-v1', 'L0_TwoRobotPlacePlateRack-v1', 'L0_TwoRobotPlaceScrewdriver-v1', 'L0_TwoRobotPlaceShoeBox-v1', 'L0_TwoRobotPourCup-v1', 'L0_TwoRobotPourKetchupFries-v1', 'L0_TwoRobotPourKettle-v1', 'L0_TwoRobotPourLiquidCup-v1', 'L0_TwoRobotPourLiquidFilter-v1', 'L0_TwoRobotPourLiquidMug-v1', 'L0_TwoRobotPressJuicer-v1', 'L0_TwoRobotPressStapler-v1', 'L0_TwoRobotPutBox-v1', 'L0_TwoRobotPutCubeOnScale-v1', 'L0_TwoRobotScanMilkBox-v1', 'L0_TwoRobotScanPillBottle-v1', 'L0_TwoRobotStirSpoon-v1', 'L0_TwoRobotTransFood-v1', 'L0_TwoRobotWipePot-v1', 'L1_TwoRobotCleanCup-v1', 'L1_TwoRobotCleanDesk-v1', 'L1_TwoRobotCutFruit-v1', 'L1_TwoRobotFoldBox-v1', 'L1_TwoRobotFoldTowel-v1', 'L1_TwoRobotGrindFood-v1', 'L1_TwoRobotKnifeBowlFork-v1', 'L1_TwoRobotLiftLidFromSkillet-v1', 'L1_TwoRobotOpenBox-v1', 'L1_TwoRobotOpenLiquidCap-v1', 'L1_TwoRobotPickAppleBananaToBaskets-v1', 'L1_TwoRobotPickAppleBasket-v1', 'L1_TwoRobotPickAppleToScale-v1', 'L1_TwoRobotPickFood-v1', 'L1_TwoRobotPickFruitsToPlate-v1', 'L1_TwoRobotPickPillToRegions-v1', 'L1_TwoRobotPickRemoteControl-v1', 'L1_TwoRobotPickTennisBallGolfBall-v1', 'L1_TwoRobotPickWash-v1', 'L1_TwoRobotPlaceBookBookcase-v1', 'L1_TwoRobotPlaceBrushRest-v1', 'L1_TwoRobotPlaceBurgerTray-v1', 'L1_TwoRobotPlaceChipsRack-v1', 'L1_TwoRobotPlaceClothBasket-v1', 'L1_TwoRobotPlaceCommodityRack-v1', 'L1_TwoRobotPlaceCupPlate-v1', 'L1_TwoRobotPlaceFileFolder-v1', 'L1_TwoRobotPlaceFoodScale-v1', 'L1_TwoRobotPlaceFruitBox-v1', 'L1_TwoRobotPlaceMagazineFolder-v1', 'L1_TwoRobotPlaceMugRack-v1', 'L1_TwoRobotPlacePillBox-v1', 'L1_TwoRobotPlacePlateRack-v1', 'L1_TwoRobotPlaceScrewdriver-v1', 'L1_TwoRobotPlaceShoeBox-v1', 'L1_TwoRobotPourCup-v1', 'L1_TwoRobotPourKetchupFries-v1', 'L1_TwoRobotPourKettle-v1', 'L1_TwoRobotPourLiquidCup-v1', 'L1_TwoRobotPourLiquidFilter-v1', 'L1_TwoRobotPourLiquidMug-v1', 'L1_TwoRobotPressJuicer-v1', 'L1_TwoRobotPressStapler-v1', 'L1_TwoRobotPutBox-v1', 'L1_TwoRobotPutCubeOnScale-v1', 'L1_TwoRobotScanMilkBox-v1', 'L1_TwoRobotScanPillBottle-v1', 'L1_TwoRobotStirSpoon-v1', 'L1_TwoRobotTransFood-v1', 'L1_TwoRobotWipePot-v1', 'L2_TwoRobotCleanCup-v1', 'L2_TwoRobotCleanDesk-v1', 'L2_TwoRobotCutFruit-v1', 'L2_TwoRobotFoldBox-v1', 'L2_TwoRobotFoldTowel-v1', 'L2_TwoRobotGrindFood-v1', 'L2_TwoRobotKnifeBowlFork-v1', 'L2_TwoRobotLiftLidFromSkillet-v1', 'L2_TwoRobotOpenBox-v1', 'L2_TwoRobotOpenLiquidCap-v1', 'L2_TwoRobotPickAppleBananaToBaskets-v1', 'L2_TwoRobotPickAppleBasket-v1', 'L2_TwoRobotPickAppleToScale-v1', 'L2_TwoRobotPickFood-v1', 'L2_TwoRobotPickFruitsToPlate-v1', 'L2_TwoRobotPickPillToRegions-v1', 'L2_TwoRobotPickRemoteControl-v1', 'L2_TwoRobotPickTennisBallGolfBall-v1', 'L2_TwoRobotPickWash-v1', 'L2_TwoRobotPlaceBookBookcase-v1', 'L2_TwoRobotPlaceBrushRest-v1', 'L2_TwoRobotPlaceBurgerTray-v1', 'L2_TwoRobotPlaceChipsRack-v1', 'L2_TwoRobotPlaceClothBasket-v1', 'L2_TwoRobotPlaceCommodityRack-v1', 'L2_TwoRobotPlaceCupPlate-v1', 'L2_TwoRobotPlaceFileFolder-v1', 'L2_TwoRobotPlaceFoodScale-v1', 'L2_TwoRobotPlaceFruitBox-v1', 'L2_TwoRobotPlaceMagazineFolder-v1', 'L2_TwoRobotPlaceMugRack-v1', 'L2_TwoRobotPlacePillBox-v1', 'L2_TwoRobotPlacePlateRack-v1', 'L2_TwoRobotPlaceScrewdriver-v1', 'L2_TwoRobotPlaceShoeBox-v1', 'L2_TwoRobotPourCup-v1', 'L2_TwoRobotPourKetchupFries-v1', 'L2_TwoRobotPourKettle-v1', 'L2_TwoRobotPourLiquidCup-v1', 'L2_TwoRobotPourLiquidFilter-v1', 'L2_TwoRobotPourLiquidMug-v1', 'L2_TwoRobotPressJuicer-v1', 'L2_TwoRobotPressStapler-v1', 'L2_TwoRobotPutBox-v1', 'L2_TwoRobotPutCubeOnScale-v1', 'L2_TwoRobotScanMilkBox-v1', 'L2_TwoRobotScanPillBottle-v1', 'L2_TwoRobotStirSpoon-v1', 'L2_TwoRobotTransFood-v1', 'L2_TwoRobotWipePot-v1', 'L3_TwoRobotCleanCup-v1', 'L3_TwoRobotCleanDesk-v1', 'L3_TwoRobotCutFruit-v1', 'L3_TwoRobotFoldBox-v1', 'L3_TwoRobotFoldTowel-v1', 'L3_TwoRobotGrindFood-v1', 'L3_TwoRobotKnifeBowlFork-v1', 'L3_TwoRobotLiftLidFromSkillet-v1', 'L3_TwoRobotOpenBox-v1', 'L3_TwoRobotOpenLiquidCap-v1', 'L3_TwoRobotPickAppleBananaToBaskets-v1', 'L3_TwoRobotPickAppleBasket-v1', 'L3_TwoRobotPickAppleToScale-v1', 'L3_TwoRobotPickFood-v1', 'L3_TwoRobotPickFruitsToPlate-v1', 'L3_TwoRobotPickPillToRegions-v1', 'L3_TwoRobotPickRemoteControl-v1', 'L3_TwoRobotPickTennisBallGolfBall-v1', 'L3_TwoRobotPickWash-v1', 'L3_TwoRobotPlaceBookBookcase-v1', 'L3_TwoRobotPlaceBrushRest-v1', 'L3_TwoRobotPlaceBurgerTray-v1', 'L3_TwoRobotPlaceChipsRack-v1', 'L3_TwoRobotPlaceClothBasket-v1', 'L3_TwoRobotPlaceCommodityRack-v1', 'L3_TwoRobotPlaceCupPlate-v1', 'L3_TwoRobotPlaceFileFolder-v1', 'L3_TwoRobotPlaceFoodScale-v1', 'L3_TwoRobotPlaceFruitBox-v1', 'L3_TwoRobotPlaceMagazineFolder-v1', 'L3_TwoRobotPlaceMugRack-v1', 'L3_TwoRobotPlacePillBox-v1', 'L3_TwoRobotPlacePlateRack-v1', 'L3_TwoRobotPlaceScrewdriver-v1', 'L3_TwoRobotPlaceShoeBox-v1', 'L3_TwoRobotPourCup-v1', 'L3_TwoRobotPourKetchupFries-v1', 'L3_TwoRobotPourKettle-v1', 'L3_TwoRobotPourLiquidCup-v1', 'L3_TwoRobotPourLiquidFilter-v1', 'L3_TwoRobotPourLiquidMug-v1', 'L3_TwoRobotPressJuicer-v1', 'L3_TwoRobotPressStapler-v1', 'L3_TwoRobotPutBox-v1', 'L3_TwoRobotPutCubeOnScale-v1', 'L3_TwoRobotScanMilkBox-v1', 'L3_TwoRobotScanPillBottle-v1', 'L3_TwoRobotStirSpoon-v1', 'L3_TwoRobotTransFood-v1', 'L3_TwoRobotWipePot-v1']

✓ Filtered human configs: 1 loaded, 0 skipped

✓ Filtered sim configs: 1 loaded, 0 skipped

================================================================================
🎥 LOADING HUMAN VIDEO DATASET
================================================================================
Loading datasets from config: /var/tmp/imitator-game-zxc/tmp/tmp2nulv24v.json
Loading datasets:   0%|          | 0/1 [00:00<?, ?it/s]Loading datasets: 100%|██████████| 1/1 [00:00<00:00,  6.64it/s]Loading datasets: 100%|██████████| 1/1 [00:00<00:00,  6.62it/s]
[94mLoading episodes [0] from /var/tmp/imitator-game-zxc/data/imitator_human_v1/human_H57 with split train[0m
✓ Loaded 1 unique tasks
✓ HumanVideoDataset initialized
  - Tasks: 1
  - Cameras: ['zed2i']
  - Frames per sample: 10
  - Sampling strategy: uniform_jitter

================================================================================
🤖 LOADING SIM TRAJECTORY DATASET
================================================================================
  0%|          | 0/1 [00:00<?, ?it/s]100%|██████████| 1/1 [00:00<00:00,  7.70it/s]100%|██████████| 1/1 [00:00<00:00,  7.68it/s]
/home/zxc/miniconda3/envs/imitator/lib/python3.12/site-packages/albumentations/core/validation.py:114: UserWarning: ShiftScaleRotate is a special case of Affine transform. Please use Affine transform instead.
  original_init(self, **validated_kwargs)
/home/zxc/miniconda3/envs/imitator/lib/python3.12/site-packages/torchvision/models/_utils.py:208: UserWarning: The parameter 'pretrained' is deprecated since 0.13 and may be removed in the future, please use 'weights' instead.
  warnings.warn(
/home/zxc/miniconda3/envs/imitator/lib/python3.12/site-packages/torchvision/models/_utils.py:223: UserWarning: Arguments other than a weight enum or `None` for 'weights' are deprecated since 0.13 and may be removed in the future. The current behavior is equivalent to passing `weights=ResNet18_Weights.IMAGENET1K_V1`. You can also use `weights=ResNet18_Weights.DEFAULT` to get the most up-to-date weights.
  warnings.warn(msg)
[94mloading episodes [5, 12, 14, 18, 31, 32, 33, 35, 43, 46] from /home/zxc/Imitator/experiments/act_placemugrack_study/prepared/A10/sim/L0_TwoRobotPlaceMugRack-v1 with split train[0m

================================================================================
🔗 VALIDATING HUMAN-SIM TASK PAIRINGS
================================================================================

🔑 Indexing human videos...
   ✓ human_H57 - 1 episodes

🔑 Indexing sim trajectories (O(sub-datasets))...
   L0_TwoRobotPlaceMugRack-v1: 2241 samples

🔍 Validating pairings...

✅ Successfully paired: 1 task pair(s)


================================================================================
✅ HUMAN-SIM PAIRED DATASET READY
================================================================================
📊 Summary:
   - Total sim samples: 2241
   - Valid paired samples: 2241
   - Skipped samples: 0
   - Valid paired tasks: 1
   - Input mode: video_only
   - Include first frame: True
================================================================================

\n   Building FrozenVideoBackbone (dinov2_vitl14) [Frozen] ...

============================================================
[FrozenBB] Setting up frozen backbone cache (dinov2_vitl14)
  Backbone: 0 frozen tensors | Adapter: 525.8K trainable params
  [RawFeatCache] Loaded 1 entries ← /home/zxc/Imitator/experiments/act_placemugrack_study/runs/A10_s2/te_cache/backbone_dinov2_vitl14/raw_features.pt
  [RawFeatCache] Cache ready: 1 entries loaded from disk.
  [Done] CachedFrozenBackbone ready.
  Expected per-step cost: ~0.15 ms  (dict lookup + adapter)
============================================================

   FrozenVideoBackbone: backbone frozen, cache active, adapter trainable.
  [SkipVideo] skip_human_video=True activated on dataset (1 cache entries cover all tasks).
  Video decode cost (~50-100 ms/sample) eliminated for training.

   ACTAgent ready
   Task encoder:  frozen_backbone (dinov2_vitl14)
   Input mode:    video_only
   Total params:  17.21M  |  Trainable: 17.21M
/home/zxc/miniconda3/envs/imitator/lib/python3.12/site-packages/torch/cuda/__init__.py:61: FutureWarning: The pynvml package is deprecated. Please install nvidia-ml-py instead. If you did not install pynvml directly, please report this to the maintainers of the package that installed pynvml for you.
  import pynvml  # type: ignore[import]
2026-10-07 00:22:44.684121: E external/local_xla/xla/stream_executor/cuda/cuda_fft.cc:467] Unable to register cuFFT factory: Attempting to register factory for plugin cuFFT when one has already been registered
WARNING: All log messages before absl::InitializeLog() is called are written to STDERR
E0000 00:00:1791303764.696363  646107 cuda_dnn.cc:8579] Unable to register cuDNN factory: Attempting to register factory for plugin cuDNN when one has already been registered
E0000 00:00:1791303764.700797  646107 cuda_blas.cc:1407] Unable to register cuBLAS factory: Attempting to register factory for plugin cuBLAS when one has already been registered
W0000 00:00:1791303764.711608  646107 computation_placer.cc:177] computation placer already registered. Please check linkage and avoid linking the same target more than once.
W0000 00:00:1791303764.711643  646107 computation_placer.cc:177] computation placer already registered. Please check linkage and avoid linking the same target more than once.
W0000 00:00:1791303764.711646  646107 computation_placer.cc:177] computation placer already registered. Please check linkage and avoid linking the same target more than once.
W0000 00:00:1791303764.711649  646107 computation_placer.cc:177] computation placer already registered. Please check linkage and avoid linking the same target more than once.
/home/zxc/miniconda3/envs/imitator/lib/python3.12/site-packages/torch/cuda/__init__.py:61: FutureWarning: The pynvml package is deprecated. Please install nvidia-ml-py instead. If you did not install pynvml directly, please report this to the maintainers of the package that installed pynvml for you.
  import pynvml  # type: ignore[import]
2026-10-07 00:22:51.976379: E external/local_xla/xla/stream_executor/cuda/cuda_fft.cc:467] Unable to register cuFFT factory: Attempting to register factory for plugin cuFFT when one has already been registered
WARNING: All log messages before absl::InitializeLog() is called are written to STDERR
E0000 00:00:1791303771.991172  646705 cuda_dnn.cc:8579] Unable to register cuDNN factory: Attempting to register factory for plugin cuDNN when one has already been registered
E0000 00:00:1791303771.994950  646705 cuda_blas.cc:1407] Unable to register cuBLAS factory: Attempting to register factory for plugin cuBLAS when one has already been registered
W0000 00:00:1791303772.008738  646705 computation_placer.cc:177] computation placer already registered. Please check linkage and avoid linking the same target more than once.
W0000 00:00:1791303772.008799  646705 computation_placer.cc:177] computation placer already registered. Please check linkage and avoid linking the same target more than once.
W0000 00:00:1791303772.008802  646705 computation_placer.cc:177] computation placer already registered. Please check linkage and avoid linking the same target more than once.
W0000 00:00:1791303772.008805  646705 computation_placer.cc:177] computation placer already registered. Please check linkage and avoid linking the same target more than once.
/home/zxc/miniconda3/envs/imitator/lib/python3.12/site-packages/torch/cuda/__init__.py:61: FutureWarning: The pynvml package is deprecated. Please install nvidia-ml-py instead. If you did not install pynvml directly, please report this to the maintainers of the package that installed pynvml for you.
  import pynvml  # type: ignore[import]
2026-10-07 00:22:59.239411: E external/local_xla/xla/stream_executor/cuda/cuda_fft.cc:467] Unable to register cuFFT factory: Attempting to register factory for plugin cuFFT when one has already been registered
WARNING: All log messages before absl::InitializeLog() is called are written to STDERR
E0000 00:00:1791303779.248905  647258 cuda_dnn.cc:8579] Unable to register cuDNN factory: Attempting to register factory for plugin cuDNN when one has already been registered
E0000 00:00:1791303779.252094  647258 cuda_blas.cc:1407] Unable to register cuBLAS factory: Attempting to register factory for plugin cuBLAS when one has already been registered
W0000 00:00:1791303779.263072  647258 computation_placer.cc:177] computation placer already registered. Please check linkage and avoid linking the same target more than once.
W0000 00:00:1791303779.263106  647258 computation_placer.cc:177] computation placer already registered. Please check linkage and avoid linking the same target more than once.
W0000 00:00:1791303779.263108  647258 computation_placer.cc:177] computation placer already registered. Please check linkage and avoid linking the same target more than once.
W0000 00:00:1791303779.263111  647258 computation_placer.cc:177] computation placer already registered. Please check linkage and avoid linking the same target more than once.
/home/zxc/miniconda3/envs/imitator/lib/python3.12/site-packages/torch/cuda/__init__.py:61: FutureWarning: The pynvml package is deprecated. Please install nvidia-ml-py instead. If you did not install pynvml directly, please report this to the maintainers of the package that installed pynvml for you.
  import pynvml  # type: ignore[import]
2026-10-07 00:23:06.527093: E external/local_xla/xla/stream_executor/cuda/cuda_fft.cc:467] Unable to register cuFFT factory: Attempting to register factory for plugin cuFFT when one has already been registered
WARNING: All log messages before absl::InitializeLog() is called are written to STDERR
E0000 00:00:1791303786.542781  647859 cuda_dnn.cc:8579] Unable to register cuDNN factory: Attempting to register factory for plugin cuDNN when one has already been registered
E0000 00:00:1791303786.547018  647859 cuda_blas.cc:1407] Unable to register cuBLAS factory: Attempting to register factory for plugin cuBLAS when one has already been registered
W0000 00:00:1791303786.559537  647859 computation_placer.cc:177] computation placer already registered. Please check linkage and avoid linking the same target more than once.
W0000 00:00:1791303786.559603  647859 computation_placer.cc:177] computation placer already registered. Please check linkage and avoid linking the same target more than once.
W0000 00:00:1791303786.559608  647859 computation_placer.cc:177] computation placer already registered. Please check linkage and avoid linking the same target more than once.
W0000 00:00:1791303786.559631  647859 computation_placer.cc:177] computation placer already registered. Please check linkage and avoid linking the same target more than once.
/home/zxc/miniconda3/envs/imitator/lib/python3.12/site-packages/torch/cuda/__init__.py:61: FutureWarning: The pynvml package is deprecated. Please install nvidia-ml-py instead. If you did not install pynvml directly, please report this to the maintainers of the package that installed pynvml for you.
  import pynvml  # type: ignore[import]
2026-10-07 00:23:13.799620: E external/local_xla/xla/stream_executor/cuda/cuda_fft.cc:467] Unable to register cuFFT factory: Attempting to register factory for plugin cuFFT when one has already been registered
WARNING: All log messages before absl::InitializeLog() is called are written to STDERR
E0000 00:00:1791303793.809432  648406 cuda_dnn.cc:8579] Unable to register cuDNN factory: Attempting to register factory for plugin cuDNN when one has already been registered
E0000 00:00:1791303793.812850  648406 cuda_blas.cc:1407] Unable to register cuBLAS factory: Attempting to register factory for plugin cuBLAS when one has already been registered
W0000 00:00:1791303793.821534  648406 computation_placer.cc:177] computation placer already registered. Please check linkage and avoid linking the same target more than once.
W0000 00:00:1791303793.821557  648406 computation_placer.cc:177] computation placer already registered. Please check linkage and avoid linking the same target more than once.
W0000 00:00:1791303793.821561  648406 computation_placer.cc:177] computation placer already registered. Please check linkage and avoid linking the same target more than once.
W0000 00:00:1791303793.821563  648406 computation_placer.cc:177] computation placer already registered. Please check linkage and avoid linking the same target more than once.
/home/zxc/miniconda3/envs/imitator/lib/python3.12/site-packages/torch/cuda/__init__.py:61: FutureWarning: The pynvml package is deprecated. Please install nvidia-ml-py instead. If you did not install pynvml directly, please report this to the maintainers of the package that installed pynvml for you.
  import pynvml  # type: ignore[import]
2026-10-07 00:23:21.477577: E external/local_xla/xla/stream_executor/cuda/cuda_fft.cc:467] Unable to register cuFFT factory: Attempting to register factory for plugin cuFFT when one has already been registered
WARNING: All log messages before absl::InitializeLog() is called are written to STDERR
E0000 00:00:1791303801.493199  648998 cuda_dnn.cc:8579] Unable to register cuDNN factory: Attempting to register factory for plugin cuDNN when one has already been registered
E0000 00:00:1791303801.496660  648998 cuda_blas.cc:1407] Unable to register cuBLAS factory: Attempting to register factory for plugin cuBLAS when one has already been registered
W0000 00:00:1791303801.508182  648998 computation_placer.cc:177] computation placer already registered. Please check linkage and avoid linking the same target more than once.
W0000 00:00:1791303801.508244  648998 computation_placer.cc:177] computation placer already registered. Please check linkage and avoid linking the same target more than once.
W0000 00:00:1791303801.508248  648998 computation_placer.cc:177] computation placer already registered. Please check linkage and avoid linking the same target more than once.
W0000 00:00:1791303801.508251  648998 computation_placer.cc:177] computation placer already registered. Please check linkage and avoid linking the same target more than once.
/home/zxc/miniconda3/envs/imitator/lib/python3.12/site-packages/torch/cuda/__init__.py:61: FutureWarning: The pynvml package is deprecated. Please install nvidia-ml-py instead. If you did not install pynvml directly, please report this to the maintainers of the package that installed pynvml for you.
  import pynvml  # type: ignore[import]
2026-10-07 00:23:28.298183: E external/local_xla/xla/stream_executor/cuda/cuda_fft.cc:467] Unable to register cuFFT factory: Attempting to register factory for plugin cuFFT when one has already been registered
WARNING: All log messages before absl::InitializeLog() is called are written to STDERR
E0000 00:00:1791303808.309598  649569 cuda_dnn.cc:8579] Unable to register cuDNN factory: Attempting to register factory for plugin cuDNN when one has already been registered
E0000 00:00:1791303808.313153  649569 cuda_blas.cc:1407] Unable to register cuBLAS factory: Attempting to register factory for plugin cuBLAS when one has already been registered
W0000 00:00:1791303808.323202  649569 computation_placer.cc:177] computation placer already registered. Please check linkage and avoid linking the same target more than once.
W0000 00:00:1791303808.323237  649569 computation_placer.cc:177] computation placer already registered. Please check linkage and avoid linking the same target more than once.
W0000 00:00:1791303808.323239  649569 computation_placer.cc:177] computation placer already registered. Please check linkage and avoid linking the same target more than once.
W0000 00:00:1791303808.323242  649569 computation_placer.cc:177] computation placer already registered. Please check linkage and avoid linking the same target more than once.
/home/zxc/miniconda3/envs/imitator/lib/python3.12/site-packages/torch/cuda/__init__.py:61: FutureWarning: The pynvml package is deprecated. Please install nvidia-ml-py instead. If you did not install pynvml directly, please report this to the maintainers of the package that installed pynvml for you.
  import pynvml  # type: ignore[import]
2026-10-07 00:23:35.492471: E external/local_xla/xla/stream_executor/cuda/cuda_fft.cc:467] Unable to register cuFFT factory: Attempting to register factory for plugin cuFFT when one has already been registered
WARNING: All log messages before absl::InitializeLog() is called are written to STDERR
E0000 00:00:1791303815.509443  650083 cuda_dnn.cc:8579] Unable to register cuDNN factory: Attempting to register factory for plugin cuDNN when one has already been registered
E0000 00:00:1791303815.513530  650083 cuda_blas.cc:1407] Unable to register cuBLAS factory: Attempting to register factory for plugin cuBLAS when one has already been registered
W0000 00:00:1791303815.525659  650083 computation_placer.cc:177] computation placer already registered. Please check linkage and avoid linking the same target more than once.
W0000 00:00:1791303815.525716  650083 computation_placer.cc:177] computation placer already registered. Please check linkage and avoid linking the same target more than once.
W0000 00:00:1791303815.525719  650083 computation_placer.cc:177] computation placer already registered. Please check linkage and avoid linking the same target more than once.
W0000 00:00:1791303815.525722  650083 computation_placer.cc:177] computation placer already registered. Please check linkage and avoid linking the same target more than once.
{"step": 1, "samples": 64, "pass": 0, "elapsed_train_s": 2.6422557509977196, "lr": [1.1111111111111112e-07, 1.1111111111111112e-08], "loss": 109.73038482666016, "l1": 0.6934300661087036, "kl": 10.903696060180664, "memory_allocated_GiB": 0.2731194496154785}
{"step": 50, "samples": 3200, "pass": 1, "elapsed_train_s": 6.737176659000397, "lr": [5.555555555555556e-06, 5.555555555555555e-07], "loss": 99.88646495585539, "l1": 0.6505198065115481, "kl": 9.923594591568927, "memory_allocated_GiB": 0.27367639541625977}
{"step": 100, "samples": 6400, "pass": 2, "elapsed_train_s": 11.086373037996964, "lr": [1.1111111111111112e-05, 1.111111111111111e-06], "loss": 52.940097885131834, "l1": 0.525361230969429, "kl": 5.241473689079284, "memory_allocated_GiB": 0.27208948135375977}
{"step": 150, "samples": 9600, "pass": 4, "elapsed_train_s": 15.945897918998526, "lr": [1.6666666666666667e-05, 1.6666666666666667e-06], "loss": 9.689245367050171, "l1": 0.4085400450229645, "kl": 0.9280705380439759, "memory_allocated_GiB": 0.27306604385375977}
{"step": 200, "samples": 12800, "pass": 5, "elapsed_train_s": 20.239674828997522, "lr": [2.2222222222222223e-05, 2.222222222222222e-06], "loss": 3.082286720275879, "l1": 0.3110373842716217, "kl": 0.2771249303221703, "memory_allocated_GiB": 0.27367639541625977}
{"step": 250, "samples": 16000, "pass": 7, "elapsed_train_s": 24.66231333399992, "lr": [2.777777777777778e-05, 2.7777777777777783e-06], "loss": 2.1288767433166504, "l1": 0.24524002104997636, "kl": 0.18836367428302764, "memory_allocated_GiB": 0.27208948135375977}
{"step": 300, "samples": 19200, "pass": 8, "elapsed_train_s": 28.68531673399775, "lr": [3.3333333333333335e-05, 3.3333333333333333e-06], "loss": 1.6041745853424072, "l1": 0.21319734513759614, "kl": 0.1390977244079113, "memory_allocated_GiB": 0.27306604385375977}
{"step": 350, "samples": 22400, "pass": 9, "elapsed_train_s": 32.68187272799696, "lr": [3.888888888888889e-05, 3.88888888888889e-06], "loss": 1.1910144686698914, "l1": 0.19162795513868333, "kl": 0.09993865251541138, "memory_allocated_GiB": 0.27367639541625977}
{"step": 400, "samples": 25600, "pass": 11, "elapsed_train_s": 37.134706302997074, "lr": [4.4444444444444447e-05, 4.444444444444444e-06], "loss": 0.8594475054740905, "l1": 0.17697574228048324, "kl": 0.06824717573821544, "memory_allocated_GiB": 0.27208948135375977}
{"step": 450, "samples": 28800, "pass": 12, "elapsed_train_s": 41.11550705799891, "lr": [5e-05, 5e-06], "loss": 0.6203005301952362, "l1": 0.1641217690706253, "kl": 0.045617875903844834, "memory_allocated_GiB": 0.27306604385375977}
{"step": 500, "samples": 32000, "pass": 14, "elapsed_train_s": 45.62579200899927, "lr": [5.555555555555556e-05, 5.555555555555557e-06], "loss": 0.4486475545167923, "l1": 0.15063485831022264, "kl": 0.02980126962065697, "memory_allocated_GiB": 0.27367639541625977}
{"step": 550, "samples": 35200, "pass": 15, "elapsed_train_s": 49.38746536599865, "lr": [6.111111111111112e-05, 6.111111111111112e-06], "loss": 0.3264073306322098, "l1": 0.14120769023895263, "kl": 0.018519964311271907, "memory_allocated_GiB": 0.27208948135375977}
{"step": 600, "samples": 38400, "pass": 17, "elapsed_train_s": 54.37187154599815, "lr": [6.666666666666667e-05, 6.666666666666667e-06], "loss": 0.24863737642765046, "l1": 0.12914796486496927, "kl": 0.011948940958827734, "memory_allocated_GiB": 0.27306604385375977}
{"step": 650, "samples": 41600, "pass": 18, "elapsed_train_s": 58.593586439998035, "lr": [7.222222222222222e-05, 7.222222222222223e-06], "loss": 0.19207754403352736, "l1": 0.11940037399530411, "kl": 0.00726771698333323, "memory_allocated_GiB": 0.27367639541625977}
{"step": 700, "samples": 44800, "pass": 19, "elapsed_train_s": 62.40870702800021, "lr": [7.777777777777778e-05, 7.77777777777778e-06], "loss": 0.15811601847410203, "l1": 0.11154380112886429, "kl": 0.004657221827656031, "memory_allocated_GiB": 0.27208948135375977}
{"step": 750, "samples": 48000, "pass": 21, "elapsed_train_s": 67.64327190499898, "lr": [8.333333333333334e-05, 8.333333333333334e-06], "loss": 0.13827645659446716, "l1": 0.10433939903974533, "kl": 0.003393705878406763, "memory_allocated_GiB": 0.27306604385375977}
{"step": 800, "samples": 51200, "pass": 22, "elapsed_train_s": 71.89360368199777, "lr": [8.888888888888889e-05, 8.888888888888888e-06], "loss": 0.12513819009065627, "l1": 0.09878807976841926, "kl": 0.002635011039674282, "memory_allocated_GiB": 0.27367639541625977}
{"step": 850, "samples": 54400, "pass": 24, "elapsed_train_s": 77.23150820599767, "lr": [9.444444444444444e-05, 9.444444444444445e-06], "loss": 0.11366958856582642, "l1": 0.09339201182127, "kl": 0.0020277576707303526, "memory_allocated_GiB": 0.27208948135375977}
{"step": 900, "samples": 57600, "pass": 25, "elapsed_train_s": 81.68754190699838, "lr": [0.0001, 1e-05], "loss": 0.1048113140463829, "l1": 0.08848698869347572, "kl": 0.001632432509213686, "memory_allocated_GiB": 0.27306604385375977}
{"step": 950, "samples": 60800, "pass": 27, "elapsed_train_s": 86.82118002399875, "lr": [9.999789047591562e-05, 9.999789047591563e-06], "loss": 0.09917390123009681, "l1": 0.08591272696852684, "kl": 0.0013261174131184816, "memory_allocated_GiB": 0.27367639541625977}
{"step": 1000, "samples": 64000, "pass": 28, "elapsed_train_s": 91.43893435700011, "lr": [9.999156208166614e-05, 9.999156208166614e-06], "loss": 0.09444863185286521, "l1": 0.08238571390509605, "kl": 0.0012062918301671743, "memory_allocated_GiB": 0.27208948135375977}
{"step": 1050, "samples": 67200, "pass": 29, "elapsed_train_s": 95.66906372899757, "lr": [9.998101535124758e-05, 9.998101535124758e-06], "loss": 0.08994024708867072, "l1": 0.07886782795190811, "kl": 0.0011072418466210364, "memory_allocated_GiB": 0.27306604385375977}
{"step": 1100, "samples": 70400, "pass": 31, "elapsed_train_s": 101.38861912100037, "lr": [9.996625117460318e-05, 9.996625117460319e-06], "loss": 0.08602987453341485, "l1": 0.07646613031625747, "kl": 0.0009563744068145752, "memory_allocated_GiB": 0.27367639541625977}
{"step": 1150, "samples": 73600, "pass": 32, "elapsed_train_s": 105.82427405899944, "lr": [9.994727079754844e-05, 9.994727079754845e-06], "loss": 0.08264172866940499, "l1": 0.07426916971802712, "kl": 0.000837255883961916, "memory_allocated_GiB": 0.27208948135375977}
{"step": 1200, "samples": 76800, "pass": 34, "elapsed_train_s": 111.1789170109987, "lr": [9.992407582166581e-05, 9.992407582166582e-06], "loss": 0.08001711308956146, "l1": 0.07130693733692169, "kl": 0.000871017575263977, "memory_allocated_GiB": 0.27306604385375977}
{"step": 1250, "samples": 80000, "pass": 35, "elapsed_train_s": 115.79751013199711, "lr": [9.989666820416974e-05, 9.989666820416974e-06], "loss": 0.07774604439735412, "l1": 0.07154599204659462, "kl": 0.0006200052611529827, "memory_allocated_GiB": 0.27367639541625977}
{"step": 1300, "samples": 83200, "pass": 37, "elapsed_train_s": 120.75529696599915, "lr": [9.986505025774138e-05, 9.986505025774137e-06], "loss": 0.07559337556362151, "l1": 0.06934617713093758, "kl": 0.0006247198674827814, "memory_allocated_GiB": 0.27208948135375977}
{"step": 1350, "samples": 86400, "pass": 38, "elapsed_train_s": 125.4598825969988, "lr": [9.98292246503335e-05, 9.98292246503335e-06], "loss": 0.072319276034832, "l1": 0.06542638950049877, "kl": 0.0006892886012792587, "memory_allocated_GiB": 0.27306604385375977}
{"step": 1400, "samples": 89600, "pass": 39, "elapsed_train_s": 129.7845841879971, "lr": [9.978919440494539e-05, 9.978919440494538e-06], "loss": 0.07023165792226792, "l1": 0.06495784677565097, "kl": 0.0005273810867220163, "memory_allocated_GiB": 0.27367639541625977}
{"step": 1450, "samples": 92800, "pass": 41, "elapsed_train_s": 134.6910154679972, "lr": [9.974496289936769e-05, 9.974496289936769e-06], "loss": 0.06960610046982765, "l1": 0.06357159964740276, "kl": 0.0006034500803798437, "memory_allocated_GiB": 0.27208948135375977}
{"step": 1500, "samples": 96000, "pass": 42, "elapsed_train_s": 138.852696998998, "lr": [9.969653386589748e-05, 9.969653386589749e-06], "loss": 0.06725108787417412, "l1": 0.06184144601225853, "kl": 0.0005409642029553652, "memory_allocated_GiB": 0.27306604385375977}
{"step": 1550, "samples": 99200, "pass": 44, "elapsed_train_s": 143.579495750997, "lr": [9.964391139102325e-05, 9.964391139102325e-06], "loss": 0.06553330168128013, "l1": 0.06085460789501667, "kl": 0.0004678693599998951, "memory_allocated_GiB": 0.27367639541625977}
{"step": 1600, "samples": 102400, "pass": 45, "elapsed_train_s": 147.83177657499982, "lr": [9.958709991508012e-05, 9.958709991508013e-06], "loss": 0.06467164911329747, "l1": 0.0599657116830349, "kl": 0.0004705937765538692, "memory_allocated_GiB": 0.27208948135375977}
{"step": 1650, "samples": 105600, "pass": 47, "elapsed_train_s": 152.45303708400024, "lr": [9.952610423187516e-05, 9.952610423187516e-06], "loss": 0.06299522891640663, "l1": 0.05833548665046692, "kl": 0.0004659742396324873, "memory_allocated_GiB": 0.27306604385375977}
{"step": 1700, "samples": 108800, "pass": 48, "elapsed_train_s": 156.52312059500036, "lr": [9.946092948828289e-05, 9.94609294882829e-06], "loss": 0.0620549476146698, "l1": 0.05742047667503357, "kl": 0.0004634471144527197, "memory_allocated_GiB": 0.27367639541625977}
{"step": 1750, "samples": 112000, "pass": 49, "elapsed_train_s": 160.46451452999827, "lr": [9.939158118381098e-05, 9.939158118381097e-06], "loss": 0.06229863606393337, "l1": 0.05705898903310299, "kl": 0.0005239646881818772, "memory_allocated_GiB": 0.27208948135375977}
{"step": 1800, "samples": 115200, "pass": 51, "elapsed_train_s": 165.25596354799927, "lr": [9.931806517013612e-05, 9.931806517013612e-06], "loss": 0.0601752045750618, "l1": 0.05562733210623264, "kl": 0.00045478723011910916, "memory_allocated_GiB": 0.27306604385375977}
DEVELOPMENT {"step": 1800, "summary": {"success_once": {"mean": 1.0, "std": 0.0}, "return": {"mean": 407.4623718261719, "std": 18.054203033447266}, "episode_len": {"mean": 500.0, "std": 0.0}, "reward": {"mean": 0.8149248260498047, "std": 0.036108407248099515}, "last_reward": {"mean": 1.0, "std": 0.0}, "success_at_end": {"mean": 0.9, "std": 0.30000000000000004}}, "stages": {"is_grasped": 20, "is_mug_above_table": 20, "is_mug_contact_rack": 20, "is_obj_placed": 20, "success": 20}}
{"step": 1850, "samples": 118400, "pass": 52, "elapsed_train_s": 236.29174901199804, "lr": [9.924038765061042e-05, 9.924038765061042e-06], "loss": 0.05926860839128494, "l1": 0.054973098412156106, "kl": 0.0004295510146766901, "memory_allocated_GiB": 0.27367639541625977}
{"step": 1900, "samples": 121600, "pass": 54, "elapsed_train_s": 239.5460566239999, "lr": [9.915855517973776e-05, 9.915855517973776e-06], "loss": 0.057244325429201125, "l1": 0.05341319590806961, "kl": 0.0003831129427999258, "memory_allocated_GiB": 0.27208948135375977}
{"step": 1950, "samples": 124800, "pass": 55, "elapsed_train_s": 242.35361613199711, "lr": [9.90725746626209e-05, 9.90725746626209e-06], "loss": 0.0574031874537468, "l1": 0.0531871534883976, "kl": 0.0004216034151613712, "memory_allocated_GiB": 0.27306604385375977}
{"step": 2000, "samples": 128000, "pass": 57, "elapsed_train_s": 245.66824669599737, "lr": [9.89824533543787e-05, 9.89824533543787e-06], "loss": 0.056481662318110464, "l1": 0.051892912089824675, "kl": 0.0004588750284165144, "memory_allocated_GiB": 0.27367639541625977}
{"step": 2050, "samples": 131200, "pass": 58, "elapsed_train_s": 248.5959825989994, "lr": [9.888819885953398e-05, 9.888819885953398e-06], "loss": 0.055493256151676176, "l1": 0.05121576897799969, "kl": 0.0004277487099170685, "memory_allocated_GiB": 0.27208948135375977}
{"step": 2100, "samples": 134400, "pass": 59, "elapsed_train_s": 251.7320103029997, "lr": [9.878981913137179e-05, 9.878981913137178e-06], "loss": 0.054232193157076836, "l1": 0.05075078830122948, "kl": 0.00034814048558473587, "memory_allocated_GiB": 0.27306604385375977}
{"step": 2150, "samples": 137600, "pass": 61, "elapsed_train_s": 255.31405167199773, "lr": [9.86873224712684e-05, 9.86873224712684e-06], "loss": 0.05337510004639626, "l1": 0.049970056042075155, "kl": 0.0003405043948441744, "memory_allocated_GiB": 0.27367639541625977}
{"step": 2200, "samples": 140800, "pass": 62, "elapsed_train_s": 258.26479366499916, "lr": [9.85807175279907e-05, 9.85807175279907e-06], "loss": 0.05383432388305664, "l1": 0.04941544331610203, "kl": 0.0004418880585581064, "memory_allocated_GiB": 0.27208948135375977}
{"step": 2250, "samples": 144000, "pass": 64, "elapsed_train_s": 261.7460203239971, "lr": [9.847001329696653e-05, 9.847001329696653e-06], "loss": 0.052036973834037784, "l1": 0.048216694965958595, "kl": 0.00038202788680791856, "memory_allocated_GiB": 0.27306604385375977}
{"step": 2300, "samples": 147200, "pass": 65, "elapsed_train_s": 264.78688478099866, "lr": [9.835521911952555e-05, 9.835521911952554e-06], "loss": 0.05144217975437641, "l1": 0.0482846761494875, "kl": 0.000315750353038311, "memory_allocated_GiB": 0.27367639541625977}
{"step": 2350, "samples": 150400, "pass": 67, "elapsed_train_s": 268.1407850439973, "lr": [9.823634468211103e-05, 9.823634468211102e-06], "loss": 0.05060821868479252, "l1": 0.047695553824305535, "kl": 0.00029126647859811783, "memory_allocated_GiB": 0.27208948135375977}
{"step": 2400, "samples": 153600, "pass": 68, "elapsed_train_s": 271.2354586119982, "lr": [9.811340001546251e-05, 9.811340001546252e-06], "loss": 0.05006985925137997, "l1": 0.0470168723911047, "kl": 0.0003052986785769463, "memory_allocated_GiB": 0.27306604385375977}
{"step": 2450, "samples": 156800, "pass": 69, "elapsed_train_s": 274.2871345849999, "lr": [9.798639549376945e-05, 9.798639549376946e-06], "loss": 0.04882962696254253, "l1": 0.04581026621162891, "kl": 0.0003019360918551683, "memory_allocated_GiB": 0.27367639541625977}
{"step": 2500, "samples": 160000, "pass": 71, "elapsed_train_s": 277.90816271400035, "lr": [9.785534183379572e-05, 9.785534183379571e-06], "loss": 0.04841043807566166, "l1": 0.04486861437559128, "kl": 0.00035418235696852205, "memory_allocated_GiB": 0.27208948135375977}
{"step": 2550, "samples": 163200, "pass": 72, "elapsed_train_s": 280.8631446010004, "lr": [9.772025009397537e-05, 9.772025009397538e-06], "loss": 0.04753631226718426, "l1": 0.04435544304549694, "kl": 0.00031808693893253803, "memory_allocated_GiB": 0.27306604385375977}
{"step": 2600, "samples": 166400, "pass": 74, "elapsed_train_s": 284.36924906799686, "lr": [9.75811316734796e-05, 9.75811316734796e-06], "loss": 0.04812966160476208, "l1": 0.043838370218873025, "kl": 0.00042912913486361506, "memory_allocated_GiB": 0.27367639541625977}
{"step": 2650, "samples": 169600, "pass": 75, "elapsed_train_s": 287.37093685599757, "lr": [9.743799831125472e-05, 9.743799831125472e-06], "loss": 0.04735961250960827, "l1": 0.0438102962076664, "kl": 0.00035493163391947746, "memory_allocated_GiB": 0.27208948135375977}
{"step": 2700, "samples": 172800, "pass": 77, "elapsed_train_s": 290.83141728199917, "lr": [9.729086208503174e-05, 9.729086208503174e-06], "loss": 0.0451415903121233, "l1": 0.04211355291306972, "kl": 0.00030280373059213164, "memory_allocated_GiB": 0.27306604385375977}
{"step": 2750, "samples": 176000, "pass": 78, "elapsed_train_s": 293.9264873889988, "lr": [9.713973541030716e-05, 9.713973541030716e-06], "loss": 0.045484414473176, "l1": 0.0425664072483778, "kl": 0.000291800731793046, "memory_allocated_GiB": 0.27367639541625977}
{"step": 2800, "samples": 179200, "pass": 79, "elapsed_train_s": 296.9024099999988, "lr": [9.698463103929542e-05, 9.698463103929542e-06], "loss": 0.04474049456417561, "l1": 0.041917205601930616, "kl": 0.0002823289018124342, "memory_allocated_GiB": 0.27208948135375977}
{"step": 2850, "samples": 182400, "pass": 81, "elapsed_train_s": 300.6080772589994, "lr": [9.682556205985274e-05, 9.682556205985274e-06], "loss": 0.04429746560752392, "l1": 0.04184293009340763, "kl": 0.00024545353837311266, "memory_allocated_GiB": 0.27306604385375977}
{"step": 2900, "samples": 185600, "pass": 82, "elapsed_train_s": 303.5356953219998, "lr": [9.666254189437286e-05, 9.666254189437286e-06], "loss": 0.04392515555024147, "l1": 0.04045339360833168, "kl": 0.0003471762128174305, "memory_allocated_GiB": 0.27367639541625977}
{"step": 2950, "samples": 188800, "pass": 84, "elapsed_train_s": 307.2432876089988, "lr": [9.64955842986544e-05, 9.64955842986544e-06], "loss": 0.04354277789592743, "l1": 0.04030700519680977, "kl": 0.0003235772997140884, "memory_allocated_GiB": 0.27208948135375977}
{"step": 3000, "samples": 192000, "pass": 85, "elapsed_train_s": 310.3227303759995, "lr": [9.632470336074009e-05, 9.632470336074009e-06], "loss": 0.04235852621495724, "l1": 0.03925557442009449, "kl": 0.0003102951869368553, "memory_allocated_GiB": 0.27306604385375977}
{"step": 3050, "samples": 195200, "pass": 87, "elapsed_train_s": 313.88955267399797, "lr": [9.614991349972815e-05, 9.614991349972815e-06], "loss": 0.042492740750312806, "l1": 0.039236327558755876, "kl": 0.00032564135268330573, "memory_allocated_GiB": 0.27367639541625977}
{"step": 3100, "samples": 198400, "pass": 88, "elapsed_train_s": 316.95789009599685, "lr": [9.59712294645554e-05, 9.597122946455539e-06], "loss": 0.04134218670427799, "l1": 0.038644936382770535, "kl": 0.0002697250247001648, "memory_allocated_GiB": 0.27208948135375977}
{"step": 3150, "samples": 201600, "pass": 89, "elapsed_train_s": 319.7922004989996, "lr": [9.578866633275288e-05, 9.578866633275289e-06], "loss": 0.04082511454820633, "l1": 0.038410299718379975, "kl": 0.00024148148484528064, "memory_allocated_GiB": 0.27306604385375977}
{"step": 3200, "samples": 204800, "pass": 91, "elapsed_train_s": 323.4200299689983, "lr": [9.560223950917353e-05, 9.560223950917354e-06], "loss": 0.04089294523000717, "l1": 0.03856438234448433, "kl": 0.0002328562829643488, "memory_allocated_GiB": 0.27367639541625977}
{"step": 3250, "samples": 208000, "pass": 92, "elapsed_train_s": 326.47999664099916, "lr": [9.541196472469233e-05, 9.541196472469234e-06], "loss": 0.04052170760929585, "l1": 0.037491579204797745, "kl": 0.00030301285907626154, "memory_allocated_GiB": 0.27208948135375977}
{"step": 3300, "samples": 211200, "pass": 94, "elapsed_train_s": 329.94005030599874, "lr": [9.521785803487889e-05, 9.521785803487888e-06], "loss": 0.040146957337856296, "l1": 0.037511275708675386, "kl": 0.0002635681349784136, "memory_allocated_GiB": 0.27306604385375977}
{"step": 3350, "samples": 214400, "pass": 95, "elapsed_train_s": 332.78418814799807, "lr": [9.501993581864268e-05, 9.501993581864268e-06], "loss": 0.03978165537118912, "l1": 0.03717497520148754, "kl": 0.00026066798716783523, "memory_allocated_GiB": 0.27367639541625977}
{"step": 3400, "samples": 217600, "pass": 97, "elapsed_train_s": 335.9543650099986, "lr": [9.481821477685101e-05, 9.481821477685102e-06], "loss": 0.03940648905932903, "l1": 0.0369061903655529, "kl": 0.00025002985261380673, "memory_allocated_GiB": 0.27208948135375977}
{"step": 3450, "samples": 220800, "pass": 98, "elapsed_train_s": 338.64991473199916, "lr": [9.46127119309197e-05, 9.461271193091971e-06], "loss": 0.03958132728934288, "l1": 0.03686093628406525, "kl": 0.0002720390912145376, "memory_allocated_GiB": 0.27306604385375977}
{"step": 3500, "samples": 224000, "pass": 99, "elapsed_train_s": 341.1930513019979, "lr": [9.440344462137689e-05, 9.44034446213769e-06], "loss": 0.03856273449957371, "l1": 0.03533269539475441, "kl": 0.0003230039123445749, "memory_allocated_GiB": 0.27367639541625977}
{"step": 3550, "samples": 227200, "pass": 101, "elapsed_train_s": 344.45859382900016, "lr": [9.419043050639973e-05, 9.419043050639973e-06], "loss": 0.03787742912769318, "l1": 0.03506889596581459, "kl": 0.0002808532863855362, "memory_allocated_GiB": 0.27208948135375977}
{"step": 3600, "samples": 230400, "pass": 102, "elapsed_train_s": 347.1044377019971, "lr": [9.397368756032445e-05, 9.397368756032445e-06], "loss": 0.03790853261947632, "l1": 0.03527566403150559, "kl": 0.00026328684762120245, "memory_allocated_GiB": 0.27306604385375977}
{"step": 3650, "samples": 233600, "pass": 104, "elapsed_train_s": 350.3545368089981, "lr": [9.375323407212969e-05, 9.37532340721297e-06], "loss": 0.0375541540235281, "l1": 0.03465557560324669, "kl": 0.00028985784389078616, "memory_allocated_GiB": 0.27367639541625977}
{"step": 3700, "samples": 236800, "pass": 105, "elapsed_train_s": 353.0459737969977, "lr": [9.352908864389312e-05, 9.352908864389313e-06], "loss": 0.037113065719604495, "l1": 0.034258719608187674, "kl": 0.0002854346111416817, "memory_allocated_GiB": 0.27208948135375977}
{"step": 3750, "samples": 240000, "pass": 107, "elapsed_train_s": 356.1456474079969, "lr": [9.330127018922194e-05, 9.330127018922195e-06], "loss": 0.037109726443886756, "l1": 0.03446290336549282, "kl": 0.00026468230411410334, "memory_allocated_GiB": 0.27306604385375977}
{"step": 3800, "samples": 243200, "pass": 108, "elapsed_train_s": 358.83597090699914, "lr": [9.306979793165681e-05, 9.306979793165682e-06], "loss": 0.03677923388779163, "l1": 0.03422868605703115, "kl": 0.00025505476631224153, "memory_allocated_GiB": 0.27367639541625977}
{"step": 3850, "samples": 246400, "pass": 109, "elapsed_train_s": 361.43239520699717, "lr": [9.283469140304983e-05, 9.283469140304982e-06], "loss": 0.036488239988684654, "l1": 0.033592670522630215, "kl": 0.0002895569708198309, "memory_allocated_GiB": 0.27208948135375977}
{"step": 3900, "samples": 249600, "pass": 111, "elapsed_train_s": 364.6685927219987, "lr": [9.259597044191636e-05, 9.259597044191635e-06], "loss": 0.03678421013057232, "l1": 0.03403005138039589, "kl": 0.00027541584335267545, "memory_allocated_GiB": 0.27306604385375977}
{"step": 3950, "samples": 252800, "pass": 112, "elapsed_train_s": 367.2769580869972, "lr": [9.23536551917611e-05, 9.23536551917611e-06], "loss": 0.03563722774386406, "l1": 0.03308061994612217, "kl": 0.0002556607685983181, "memory_allocated_GiB": 0.27367639541625977}
{"step": 4000, "samples": 256000, "pass": 114, "elapsed_train_s": 370.42751132299964, "lr": [9.210776609937829e-05, 9.21077660993783e-06], "loss": 0.035703188106417656, "l1": 0.033601680994033815, "kl": 0.00021015072241425514, "memory_allocated_GiB": 0.27208948135375977}
{"step": 4050, "samples": 259200, "pass": 115, "elapsed_train_s": 373.1209232879992, "lr": [9.185832391312644e-05, 9.185832391312644e-06], "loss": 0.03579158321022988, "l1": 0.033804336562752724, "kl": 0.00019872465170919895, "memory_allocated_GiB": 0.27306604385375977}
{"step": 4100, "samples": 262400, "pass": 117, "elapsed_train_s": 376.26270985500014, "lr": [9.160534968117752e-05, 9.160534968117752e-06], "loss": 0.0357486854493618, "l1": 0.03269261937588453, "kl": 0.00030560659244656564, "memory_allocated_GiB": 0.27367639541625977}
{"step": 4150, "samples": 265600, "pass": 118, "elapsed_train_s": 379.00243648099786, "lr": [9.134886474974091e-05, 9.134886474974092e-06], "loss": 0.03513518027961254, "l1": 0.03236891102045775, "kl": 0.0002766269352287054, "memory_allocated_GiB": 0.27208948135375977}
{"step": 4200, "samples": 268800, "pass": 119, "elapsed_train_s": 381.5965244439976, "lr": [9.108889076126226e-05, 9.108889076126226e-06], "loss": 0.03478689350187778, "l1": 0.03238494247198105, "kl": 0.00024019511416554452, "memory_allocated_GiB": 0.27306604385375977}
{"step": 4250, "samples": 272000, "pass": 121, "elapsed_train_s": 384.84905270799936, "lr": [9.082544965259715e-05, 9.082544965259716e-06], "loss": 0.034269945546984676, "l1": 0.032305242121219636, "kl": 0.00019647033885121347, "memory_allocated_GiB": 0.27367639541625977}
{"step": 4300, "samples": 275200, "pass": 122, "elapsed_train_s": 387.46223038699827, "lr": [9.055856365316011e-05, 9.055856365316012e-06], "loss": 0.03440622642636299, "l1": 0.03173600215464831, "kl": 0.00026702241972088815, "memory_allocated_GiB": 0.27208948135375977}
{"step": 4350, "samples": 278400, "pass": 124, "elapsed_train_s": 390.64972406499874, "lr": [9.028825528304892e-05, 9.028825528304892e-06], "loss": 0.03407669968903065, "l1": 0.031355444118380545, "kl": 0.00027212555520236495, "memory_allocated_GiB": 0.27306604385375977}
{"step": 4400, "samples": 281600, "pass": 125, "elapsed_train_s": 393.30783686499854, "lr": [9.001454735114421e-05, 9.00145473511442e-06], "loss": 0.03454793602228165, "l1": 0.03204084247350693, "kl": 0.0002507093548774719, "memory_allocated_GiB": 0.27367639541625977}
{"step": 4450, "samples": 284800, "pass": 127, "elapsed_train_s": 396.37704404599936, "lr": [8.9737462953185e-05, 8.973746295318499e-06], "loss": 0.0338073417916894, "l1": 0.03083773110061884, "kl": 0.00029696108773350714, "memory_allocated_GiB": 0.27208948135375977}
{"step": 4500, "samples": 288000, "pass": 128, "elapsed_train_s": 399.10292701899743, "lr": [8.945702546981969e-05, 8.94570254698197e-06], "loss": 0.033345865681767464, "l1": 0.03090787075459957, "kl": 0.0002437995094805956, "memory_allocated_GiB": 0.27306604385375977}
{"step": 4550, "samples": 291200, "pass": 129, "elapsed_train_s": 401.7221983999989, "lr": [8.917325856463331e-05, 8.917325856463331e-06], "loss": 0.03314497325569391, "l1": 0.030927533619105815, "kl": 0.0002217439655214548, "memory_allocated_GiB": 0.27367639541625977}
{"step": 4600, "samples": 294400, "pass": 131, "elapsed_train_s": 404.92401006, "lr": [8.88861861821507e-05, 8.88861861821507e-06], "loss": 0.033523635044693946, "l1": 0.031659426763653756, "kl": 0.0001864208187907934, "memory_allocated_GiB": 0.27208948135375977}
{"step": 4650, "samples": 297600, "pass": 132, "elapsed_train_s": 408.5086935549989, "lr": [8.859583254581605e-05, 8.859583254581604e-06], "loss": 0.033448208011686804, "l1": 0.03155821174383164, "kl": 0.0001889995764940977, "memory_allocated_GiB": 0.27306604385375977}
{"step": 4700, "samples": 300800, "pass": 134, "elapsed_train_s": 412.93309502699776, "lr": [8.83022221559489e-05, 8.83022221559489e-06], "loss": 0.032315193563699725, "l1": 0.030531313493847845, "kl": 0.00017838799394667148, "memory_allocated_GiB": 0.27367639541625977}
{"step": 4750, "samples": 304000, "pass": 135, "elapsed_train_s": 417.7122632419996, "lr": [8.800537978767682e-05, 8.800537978767683e-06], "loss": 0.0322274774312973, "l1": 0.03044640589505434, "kl": 0.00017810718156397343, "memory_allocated_GiB": 0.27208948135375977}
{"step": 4800, "samples": 307200, "pass": 137, "elapsed_train_s": 422.8693773189989, "lr": [8.770533048884482e-05, 8.770533048884483e-06], "loss": 0.031938966810703275, "l1": 0.030041889734566212, "kl": 0.0001897077076137066, "memory_allocated_GiB": 0.27306604385375977}
{"step": 4850, "samples": 310400, "pass": 138, "elapsed_train_s": 427.93014476999815, "lr": [8.740209957790178e-05, 8.740209957790179e-06], "loss": 0.032167113050818444, "l1": 0.030261105746030807, "kl": 0.00019060074351727962, "memory_allocated_GiB": 0.27367639541625977}
{"step": 4900, "samples": 313600, "pass": 139, "elapsed_train_s": 432.66044764699836, "lr": [8.709571264176409e-05, 8.709571264176408e-06], "loss": 0.031475214324891566, "l1": 0.02962010066956282, "kl": 0.00018551134504377843, "memory_allocated_GiB": 0.27208948135375977}
{"step": 4950, "samples": 316800, "pass": 141, "elapsed_train_s": 437.6175470419985, "lr": [8.678619553365659e-05, 8.67861955336566e-06], "loss": 0.03171051517128944, "l1": 0.029980527609586714, "kl": 0.0001729987747967243, "memory_allocated_GiB": 0.27306604385375977}
{"step": 5000, "samples": 320000, "pass": 142, "elapsed_train_s": 442.4669534859968, "lr": [8.647357437093105e-05, 8.647357437093104e-06], "loss": 0.0315184361115098, "l1": 0.029733960926532747, "kl": 0.00017844752408564091, "memory_allocated_GiB": 0.27367639541625977}
{"step": 5050, "samples": 323200, "pass": 144, "elapsed_train_s": 447.5448798849975, "lr": [8.615787553286234e-05, 8.615787553286235e-06], "loss": 0.030994030423462392, "l1": 0.029225998744368552, "kl": 0.00017680315300822258, "memory_allocated_GiB": 0.27208948135375977}
{"step": 5100, "samples": 326400, "pass": 145, "elapsed_train_s": 452.09987944899694, "lr": [8.583912565842257e-05, 8.583912565842258e-06], "loss": 0.030704853497445582, "l1": 0.028981630839407444, "kl": 0.00017232226207852363, "memory_allocated_GiB": 0.27306604385375977}
{"step": 5150, "samples": 329600, "pass": 147, "elapsed_train_s": 457.92814253999677, "lr": [8.55173516440332e-05, 8.55173516440332e-06], "loss": 0.030376254580914974, "l1": 0.02866434622555971, "kl": 0.00017119082622230053, "memory_allocated_GiB": 0.27367639541625977}
{"step": 5200, "samples": 332800, "pass": 148, "elapsed_train_s": 462.3133971729985, "lr": [8.519258064129558e-05, 8.519258064129559e-06], "loss": 0.030404452718794345, "l1": 0.02861250128597021, "kl": 0.00017919513396918773, "memory_allocated_GiB": 0.27208948135375977}
{"step": 5250, "samples": 336000, "pass": 149, "elapsed_train_s": 467.04847362500004, "lr": [8.486484005469977e-05, 8.486484005469977e-06], "loss": 0.029756006114184858, "l1": 0.02780453145503998, "kl": 0.0001951474789530039, "memory_allocated_GiB": 0.27306604385375977}
{"step": 5300, "samples": 339200, "pass": 151, "elapsed_train_s": 472.6123256669998, "lr": [8.453415753931222e-05, 8.453415753931223e-06], "loss": 0.029638673700392245, "l1": 0.027894036769866945, "kl": 0.0001744637079536915, "memory_allocated_GiB": 0.27367639541625977}
{"step": 5350, "samples": 342400, "pass": 152, "elapsed_train_s": 477.0901474409984, "lr": [8.420056099844216e-05, 8.420056099844216e-06], "loss": 0.03007921516895294, "l1": 0.028335433192551135, "kl": 0.00017437818460166454, "memory_allocated_GiB": 0.27208948135375977}
{"step": 5400, "samples": 345600, "pass": 154, "elapsed_train_s": 482.95039101099974, "lr": [8.386407858128706e-05, 8.386407858128707e-06], "loss": 0.03036266390234232, "l1": 0.028796988911926745, "kl": 0.00015656748786568641, "memory_allocated_GiB": 0.27306604385375977}
DEVELOPMENT {"step": 5400, "summary": {"success_once": {"mean": 0.95, "std": 0.21794494717703372}, "return": {"mean": 398.866455078125, "std": 28.115921020507812}, "episode_len": {"mean": 500.0, "std": 0.0}, "reward": {"mean": 0.7977329376220703, "std": 0.056231844676229194}, "last_reward": {"mean": 0.9822170257568359, "std": 0.07751418764153885}, "success_at_end": {"mean": 0.9, "std": 0.30000000000000004}}, "stages": {"is_grasped": 20, "is_mug_above_table": 20, "is_mug_contact_rack": 19, "is_obj_placed": 19, "success": 19}}
{"step": 5450, "samples": 348800, "pass": 155, "elapsed_train_s": 567.5213658699977, "lr": [8.352473868055746e-05, 8.352473868055746e-06], "loss": 0.029607453979551793, "l1": 0.027990577816963194, "kl": 0.00016168760135769843, "memory_allocated_GiB": 0.27367639541625977}
{"step": 5500, "samples": 352000, "pass": 157, "elapsed_train_s": 570.5956315039984, "lr": [8.318256993008107e-05, 8.318256993008108e-06], "loss": 0.02971601702272892, "l1": 0.028109910190105437, "kl": 0.00016061067581176757, "memory_allocated_GiB": 0.27208948135375977}
{"step": 5550, "samples": 355200, "pass": 158, "elapsed_train_s": 573.5072878869978, "lr": [8.283760120238672e-05, 8.283760120238672e-06], "loss": 0.02937542002648115, "l1": 0.02762703478336334, "kl": 0.00017483852803707123, "memory_allocated_GiB": 0.27306604385375977}
{"step": 5600, "samples": 358400, "pass": 159, "elapsed_train_s": 576.1594549660003, "lr": [8.2489861606268e-05, 8.2489861606268e-06], "loss": 0.029512638077139854, "l1": 0.02792153749614954, "kl": 0.00015911005437374115, "memory_allocated_GiB": 0.27367639541625977}
{"step": 5650, "samples": 361600, "pass": 161, "elapsed_train_s": 579.500695445, "lr": [8.213938048432697e-05, 8.213938048432697e-06], "loss": 0.029451986625790596, "l1": 0.027745775915682315, "kl": 0.00017062105238437652, "memory_allocated_GiB": 0.27208948135375977}
{"step": 5700, "samples": 364800, "pass": 162, "elapsed_train_s": 582.6112489119987, "lr": [8.178618741049842e-05, 8.178618741049841e-06], "loss": 0.029087310172617436, "l1": 0.02740983199328184, "kl": 0.00016774780116975306, "memory_allocated_GiB": 0.27306604385375977}
{"step": 5750, "samples": 368000, "pass": 164, "elapsed_train_s": 586.0143080119997, "lr": [8.14303121875541e-05, 8.143031218755411e-06], "loss": 0.02884443964809179, "l1": 0.027340238243341447, "kl": 0.000150420144200325, "memory_allocated_GiB": 0.27367639541625977}
{"step": 5800, "samples": 371200, "pass": 165, "elapsed_train_s": 588.9284676529969, "lr": [8.107178484458824e-05, 8.107178484458825e-06], "loss": 0.02890815518796444, "l1": 0.027375267557799815, "kl": 0.00015328875742852687, "memory_allocated_GiB": 0.27208948135375977}
{"step": 5850, "samples": 374400, "pass": 167, "elapsed_train_s": 592.5881428609973, "lr": [8.07106356344834e-05, 8.071063563448341e-06], "loss": 0.028961530216038228, "l1": 0.027409149818122387, "kl": 0.00015523803420364857, "memory_allocated_GiB": 0.27306604385375977}
{"step": 5900, "samples": 377600, "pass": 168, "elapsed_train_s": 595.5965715700004, "lr": [8.034689503135783e-05, 8.034689503135785e-06], "loss": 0.028670523241162302, "l1": 0.02704736951738596, "kl": 0.0001623153779655695, "memory_allocated_GiB": 0.27367639541625977}
{"step": 5950, "samples": 380800, "pass": 169, "elapsed_train_s": 598.4748271569988, "lr": [7.998059372799409e-05, 7.998059372799409e-06], "loss": 0.028364975899457932, "l1": 0.026869058348238467, "kl": 0.00014959176070988178, "memory_allocated_GiB": 0.27208948135375977}
{"step": 6000, "samples": 384000, "pass": 171, "elapsed_train_s": 602.0590732929995, "lr": [7.961176263324901e-05, 7.961176263324902e-06], "loss": 0.02815523762255907, "l1": 0.02660828214138746, "kl": 0.0001546955294907093, "memory_allocated_GiB": 0.27306604385375977}
{"step": 6050, "samples": 387200, "pass": 172, "elapsed_train_s": 605.111119555997, "lr": [7.924043286944569e-05, 7.92404328694457e-06], "loss": 0.028058758452534676, "l1": 0.02662903066724539, "kl": 0.00014297278597950934, "memory_allocated_GiB": 0.27367639541625977}
{"step": 6100, "samples": 390400, "pass": 174, "elapsed_train_s": 608.6073707249998, "lr": [7.886663576974733e-05, 7.886663576974733e-06], "loss": 0.027542275302112104, "l1": 0.02615095879882574, "kl": 0.00013913165777921678, "memory_allocated_GiB": 0.27208948135375977}
{"step": 6150, "samples": 393600, "pass": 175, "elapsed_train_s": 611.6133416369994, "lr": [7.849040287551331e-05, 7.849040287551331e-06], "loss": 0.028120855763554574, "l1": 0.026657400652766228, "kl": 0.00014634549617767334, "memory_allocated_GiB": 0.27306604385375977}
{"step": 6200, "samples": 396800, "pass": 177, "elapsed_train_s": 615.1101456159995, "lr": [7.811176593363772e-05, 7.811176593363771e-06], "loss": 0.028070699870586396, "l1": 0.02666682071983814, "kl": 0.0001403879188001156, "memory_allocated_GiB": 0.27367639541625977}
{"step": 6250, "samples": 400000, "pass": 178, "elapsed_train_s": 618.143811861999, "lr": [7.773075689387043e-05, 7.773075689387044e-06], "loss": 0.027724814750254154, "l1": 0.02632903542369604, "kl": 0.00013957792893052101, "memory_allocated_GiB": 0.27208948135375977}
{"step": 6300, "samples": 403200, "pass": 179, "elapsed_train_s": 621.0255861049991, "lr": [7.734740790612136e-05, 7.734740790612137e-06], "loss": 0.027548446245491506, "l1": 0.026161582209169865, "kl": 0.00013868642039597035, "memory_allocated_GiB": 0.27306604385375977}
{"step": 6350, "samples": 406400, "pass": 181, "elapsed_train_s": 624.7795638119969, "lr": [7.69617513177473e-05, 7.696175131774731e-06], "loss": 0.027706289142370225, "l1": 0.026378597505390643, "kl": 0.00013276915997266768, "memory_allocated_GiB": 0.27367639541625977}
{"step": 6400, "samples": 409600, "pass": 182, "elapsed_train_s": 627.8507119599999, "lr": [7.65738196708228e-05, 7.65738196708228e-06], "loss": 0.027315257228910924, "l1": 0.025986362658441068, "kl": 0.00013288946822285653, "memory_allocated_GiB": 0.27208948135375977}
{"step": 6450, "samples": 412800, "pass": 184, "elapsed_train_s": 631.502582707999, "lr": [7.618364569939391e-05, 7.61836456993939e-06], "loss": 0.027134226486086845, "l1": 0.02581492930650711, "kl": 0.00013192971237003804, "memory_allocated_GiB": 0.27306604385375977}
{"step": 6500, "samples": 416000, "pass": 185, "elapsed_train_s": 634.5610764519988, "lr": [7.579126232671621e-05, 7.579126232671621e-06], "loss": 0.02683008458465338, "l1": 0.025490687452256678, "kl": 0.0001339397020637989, "memory_allocated_GiB": 0.27367639541625977}
{"step": 6550, "samples": 419200, "pass": 187, "elapsed_train_s": 638.110790292998, "lr": [7.539670266247671e-05, 7.539670266247672e-06], "loss": 0.026792117580771446, "l1": 0.025472998656332492, "kl": 0.0001319118868559599, "memory_allocated_GiB": 0.27208948135375977}
{"step": 6600, "samples": 422400, "pass": 188, "elapsed_train_s": 641.2586037619985, "lr": [7.500000000000001e-05, 7.500000000000001e-06], "loss": 0.02647210568189621, "l1": 0.02515451915562153, "kl": 0.00013175863772630692, "memory_allocated_GiB": 0.27306604385375977}
{"step": 6650, "samples": 425600, "pass": 189, "elapsed_train_s": 644.2499035929977, "lr": [7.460118781343893e-05, 7.460118781343892e-06], "loss": 0.026298531852662562, "l1": 0.025053499564528466, "kl": 0.00012450321577489376, "memory_allocated_GiB": 0.27367639541625977}
{"step": 6700, "samples": 428800, "pass": 191, "elapsed_train_s": 647.9561125719993, "lr": [7.420029975494995e-05, 7.420029975494996e-06], "loss": 0.026556027121841908, "l1": 0.025300901494920255, "kl": 0.00012551255524158477, "memory_allocated_GiB": 0.27208948135375977}
{"step": 6750, "samples": 432000, "pass": 192, "elapsed_train_s": 650.9565775109986, "lr": [7.379736965185368e-05, 7.379736965185369e-06], "loss": 0.02626446317881346, "l1": 0.025033942759037017, "kl": 0.00012305203825235366, "memory_allocated_GiB": 0.27306604385375977}
{"step": 6800, "samples": 435200, "pass": 194, "elapsed_train_s": 654.6247638690002, "lr": [7.33924315037804e-05, 7.33924315037804e-06], "loss": 0.026418412290513515, "l1": 0.02522240400314331, "kl": 0.00011960083618760109, "memory_allocated_GiB": 0.27367639541625977}
{"step": 6850, "samples": 438400, "pass": 195, "elapsed_train_s": 657.6969658950002, "lr": [7.298551947980113e-05, 7.298551947980114e-06], "loss": 0.026256116516888143, "l1": 0.025116405338048934, "kl": 0.00011397112160921097, "memory_allocated_GiB": 0.27208948135375977}
{"step": 6900, "samples": 441600, "pass": 197, "elapsed_train_s": 661.292764865997, "lr": [7.257666791554448e-05, 7.257666791554448e-06], "loss": 0.026328493542969227, "l1": 0.025170284882187845, "kl": 0.00011582087725400925, "memory_allocated_GiB": 0.27306604385375977}
{"step": 6950, "samples": 444800, "pass": 198, "elapsed_train_s": 664.018678829998, "lr": [7.21659113102993e-05, 7.2165911310299305e-06], "loss": 0.026141957081854343, "l1": 0.02499720185995102, "kl": 0.00011447552591562271, "memory_allocated_GiB": 0.27367639541625977}
{"step": 7000, "samples": 448000, "pass": 199, "elapsed_train_s": 668.1081354839989, "lr": [7.175328432410366e-05, 7.175328432410367e-06], "loss": 0.026414826810359955, "l1": 0.025295502282679082, "kl": 0.00011193245649337768, "memory_allocated_GiB": 0.27208948135375977}
{"step": 7050, "samples": 451200, "pass": 201, "elapsed_train_s": 673.0877036109996, "lr": [7.133882177482019e-05, 7.133882177482019e-06], "loss": 0.02619435593485832, "l1": 0.02496737603098154, "kl": 0.0001226979773491621, "memory_allocated_GiB": 0.27306604385375977}
{"step": 7100, "samples": 454400, "pass": 202, "elapsed_train_s": 677.677507139997, "lr": [7.092255863519806e-05, 7.092255863519806e-06], "loss": 0.02588560778647661, "l1": 0.02479772113263607, "kl": 0.00010878867469727993, "memory_allocated_GiB": 0.27367639541625977}
{"step": 7150, "samples": 457600, "pass": 204, "elapsed_train_s": 683.2602052789989, "lr": [7.050453002992201e-05, 7.050453002992202e-06], "loss": 0.025449783764779566, "l1": 0.024348971880972386, "kl": 0.00011008118279278279, "memory_allocated_GiB": 0.27208948135375977}
{"step": 7200, "samples": 460800, "pass": 205, "elapsed_train_s": 687.6707112299991, "lr": [7.008477123264848e-05, 7.008477123264849e-06], "loss": 0.025662511326372622, "l1": 0.02450367618352175, "kl": 0.00011588350869715214, "memory_allocated_GiB": 0.27306604385375977}
{"step": 7250, "samples": 464000, "pass": 207, "elapsed_train_s": 693.547667527997, "lr": [6.966331766302916e-05, 6.966331766302916e-06], "loss": 0.025583622381091117, "l1": 0.024484220296144485, "kl": 0.00010994019918143749, "memory_allocated_GiB": 0.27367639541625977}
{"step": 7300, "samples": 467200, "pass": 208, "elapsed_train_s": 698.3696940009977, "lr": [6.924020488372229e-05, 6.924020488372229e-06], "loss": 0.025058177188038825, "l1": 0.023978024907410144, "kl": 0.00010801522061228753, "memory_allocated_GiB": 0.27208948135375977}
{"step": 7350, "samples": 470400, "pass": 209, "elapsed_train_s": 703.0732389929981, "lr": [6.881546859739179e-05, 6.8815468597391785e-06], "loss": 0.025611242912709713, "l1": 0.02459686629474163, "kl": 0.00010143766179680824, "memory_allocated_GiB": 0.27306604385375977}
{"step": 7400, "samples": 473600, "pass": 211, "elapsed_train_s": 709.3773880699991, "lr": [6.838914464369467e-05, 6.838914464369467e-06], "loss": 0.02492516126483679, "l1": 0.02390853878110647, "kl": 0.00010166225023567676, "memory_allocated_GiB": 0.27367639541625977}
{"step": 7450, "samples": 476800, "pass": 212, "elapsed_train_s": 713.477386970997, "lr": [6.796126899625688e-05, 6.796126899625688e-06], "loss": 0.025098895207047462, "l1": 0.024108806885778905, "kl": 9.900883771479129e-05, "memory_allocated_GiB": 0.27208948135375977}
{"step": 7500, "samples": 480000, "pass": 214, "elapsed_train_s": 719.2680100999969, "lr": [6.753187775963773e-05, 6.753187775963773e-06], "loss": 0.024730036556720732, "l1": 0.023735633306205272, "kl": 9.94403101503849e-05, "memory_allocated_GiB": 0.27306604385375977}
{"step": 7550, "samples": 483200, "pass": 215, "elapsed_train_s": 723.7889456579978, "lr": [6.710100716628344e-05, 6.710100716628345e-06], "loss": 0.02460152707993984, "l1": 0.02355731599032879, "kl": 0.00010442109778523445, "memory_allocated_GiB": 0.27367639541625977}
{"step": 7600, "samples": 486400, "pass": 217, "elapsed_train_s": 728.8702257519981, "lr": [6.666869357346978e-05, 6.666869357346979e-06], "loss": 0.024685802310705184, "l1": 0.023666217140853405, "kl": 0.00010195850394666195, "memory_allocated_GiB": 0.27208948135375977}
{"step": 7650, "samples": 489600, "pass": 218, "elapsed_train_s": 733.8519401249978, "lr": [6.623497346023418e-05, 6.6234973460234184e-06], "loss": 0.025121012032032014, "l1": 0.024161344692111016, "kl": 9.596673771739006e-05, "memory_allocated_GiB": 0.27306604385375977}
{"step": 7700, "samples": 492800, "pass": 219, "elapsed_train_s": 738.132330532997, "lr": [6.579988342429763e-05, 6.579988342429764e-06], "loss": 0.024683569781482218, "l1": 0.023639694973826408, "kl": 0.00010438746772706509, "memory_allocated_GiB": 0.27367639541625977}
{"step": 7750, "samples": 496000, "pass": 221, "elapsed_train_s": 743.8879942179992, "lr": [6.536346017897653e-05, 6.5363460178976524e-06], "loss": 0.024271624013781547, "l1": 0.02329302839934826, "kl": 9.785956703126431e-05, "memory_allocated_GiB": 0.27208948135375977}
{"step": 7800, "samples": 499200, "pass": 222, "elapsed_train_s": 748.5700133779974, "lr": [6.492574055008473e-05, 6.492574055008474e-06], "loss": 0.024437601193785668, "l1": 0.023476866371929646, "kl": 9.607347659766674e-05, "memory_allocated_GiB": 0.27306604385375977}
{"step": 7850, "samples": 502400, "pass": 224, "elapsed_train_s": 753.5731683329977, "lr": [6.448676147282625e-05, 6.448676147282624e-06], "loss": 0.024502532444894313, "l1": 0.023551263213157654, "kl": 9.51269268989563e-05, "memory_allocated_GiB": 0.27367639541625977}
{"step": 7900, "samples": 505600, "pass": 225, "elapsed_train_s": 758.4957552619999, "lr": [6.404655998867848e-05, 6.4046559988678485e-06], "loss": 0.024132291451096535, "l1": 0.023142281249165536, "kl": 9.900100529193879e-05, "memory_allocated_GiB": 0.27208948135375977}
{"step": 7950, "samples": 508800, "pass": 227, "elapsed_train_s": 763.737506999998, "lr": [6.360517324226676e-05, 6.360517324226676e-06], "loss": 0.02442834097892046, "l1": 0.023486028648912905, "kl": 9.423123672604561e-05, "memory_allocated_GiB": 0.27306604385375977}
{"step": 8000, "samples": 512000, "pass": 228, "elapsed_train_s": 768.094396278997, "lr": [6.316263847822997e-05, 6.3162638478229965e-06], "loss": 0.024433118514716624, "l1": 0.02351096983999014, "kl": 9.221485815942287e-05, "memory_allocated_GiB": 0.27367639541625977}
{"step": 8050, "samples": 515200, "pass": 229, "elapsed_train_s": 772.6451770969979, "lr": [6.271899303807783e-05, 6.271899303807783e-06], "loss": 0.024325581304728984, "l1": 0.023417720906436443, "kl": 9.078605100512504e-05, "memory_allocated_GiB": 0.27208948135375977}
{"step": 8100, "samples": 518400, "pass": 231, "elapsed_train_s": 777.8183749039999, "lr": [6.227427435703997e-05, 6.227427435703997e-06], "loss": 0.024265627562999725, "l1": 0.02336241938173771, "kl": 9.032080881297588e-05, "memory_allocated_GiB": 0.27306604385375977}
{"step": 8150, "samples": 521600, "pass": 232, "elapsed_train_s": 782.1892675449999, "lr": [6.182851996090713e-05, 6.182851996090713e-06], "loss": 0.02401578053832054, "l1": 0.023079302571713926, "kl": 9.364779107272625e-05, "memory_allocated_GiB": 0.27367639541625977}
{"step": 8200, "samples": 524800, "pass": 234, "elapsed_train_s": 787.8348953610002, "lr": [6.138176746286468e-05, 6.138176746286468e-06], "loss": 0.023801095597445966, "l1": 0.022879798822104933, "kl": 9.212967939674855e-05, "memory_allocated_GiB": 0.27208948135375977}
{"step": 8250, "samples": 528000, "pass": 235, "elapsed_train_s": 791.8970183109996, "lr": [6.09340545603188e-05, 6.09340545603188e-06], "loss": 0.024018919318914412, "l1": 0.023121710270643234, "kl": 8.972091600298882e-05, "memory_allocated_GiB": 0.27306604385375977}
{"step": 8300, "samples": 531200, "pass": 237, "elapsed_train_s": 797.6453556549968, "lr": [6.0485419031715516e-05, 6.048541903171552e-06], "loss": 0.02362566739320755, "l1": 0.022770458310842515, "kl": 8.55209119617939e-05, "memory_allocated_GiB": 0.27367639541625977}
{"step": 8350, "samples": 534400, "pass": 238, "elapsed_train_s": 802.2685484609974, "lr": [6.003589873335296e-05, 6.003589873335296e-06], "loss": 0.023636390939354896, "l1": 0.02277657937258482, "kl": 8.598116226494313e-05, "memory_allocated_GiB": 0.27208948135375977}
{"step": 8400, "samples": 537600, "pass": 239, "elapsed_train_s": 806.4377562119989, "lr": [5.958553159618693e-05, 5.958553159618693e-06], "loss": 0.023393906950950623, "l1": 0.022546163685619833, "kl": 8.477432653307915e-05, "memory_allocated_GiB": 0.27306604385375977}
{"step": 8450, "samples": 540800, "pass": 241, "elapsed_train_s": 812.3396902879977, "lr": [5.9134355622630356e-05, 5.913435562263036e-06], "loss": 0.023328275755047798, "l1": 0.022511110454797745, "kl": 8.171653375029565e-05, "memory_allocated_GiB": 0.27367639541625977}
{"step": 8500, "samples": 544000, "pass": 242, "elapsed_train_s": 816.6670367549996, "lr": [5.868240888334653e-05, 5.8682408883346535e-06], "loss": 0.023346925601363182, "l1": 0.022567198537290098, "kl": 7.797270081937313e-05, "memory_allocated_GiB": 0.27208948135375977}
{"step": 8550, "samples": 547200, "pass": 244, "elapsed_train_s": 822.6235877209983, "lr": [5.8229729514036705e-05, 5.82297295140367e-06], "loss": 0.02370834682136774, "l1": 0.0228786101564765, "kl": 8.29736702144146e-05, "memory_allocated_GiB": 0.27306604385375977}
{"step": 8600, "samples": 550400, "pass": 245, "elapsed_train_s": 827.3019048549977, "lr": [5.7776355712222166e-05, 5.7776355712222165e-06], "loss": 0.023744977712631225, "l1": 0.02291865222156048, "kl": 8.263255469501018e-05, "memory_allocated_GiB": 0.27367639541625977}
{"step": 8650, "samples": 553600, "pass": 247, "elapsed_train_s": 832.1124208189976, "lr": [5.7322325734021086e-05, 5.732232573402109e-06], "loss": 0.023299681320786476, "l1": 0.022511642538011075, "kl": 7.880388759076595e-05, "memory_allocated_GiB": 0.27208948135375977}
{"step": 8700, "samples": 556800, "pass": 248, "elapsed_train_s": 837.1307396249977, "lr": [5.686767789092041e-05, 5.686767789092041e-06], "loss": 0.023462094962596894, "l1": 0.02265391007065773, "kl": 8.081849664449692e-05, "memory_allocated_GiB": 0.27306604385375977}
{"step": 8750, "samples": 560000, "pass": 249, "elapsed_train_s": 841.4867664159974, "lr": [5.641245054654316e-05, 5.6412450546543165e-06], "loss": 0.02370409209281206, "l1": 0.02287294454872608, "kl": 8.311475627124309e-05, "memory_allocated_GiB": 0.27367639541625977}
{"step": 8800, "samples": 563200, "pass": 251, "elapsed_train_s": 846.5783408179996, "lr": [5.595668211341118e-05, 5.5956682113411184e-06], "loss": 0.023505876846611498, "l1": 0.02275296051055193, "kl": 7.529163733124733e-05, "memory_allocated_GiB": 0.27208948135375977}
{"step": 8850, "samples": 566400, "pass": 252, "elapsed_train_s": 851.4686953889977, "lr": [5.550041104970397e-05, 5.550041104970398e-06], "loss": 0.023344452902674676, "l1": 0.02260269347578287, "kl": 7.417594082653522e-05, "memory_allocated_GiB": 0.27306604385375977}
{"step": 8900, "samples": 569600, "pass": 254, "elapsed_train_s": 856.7149824209991, "lr": [5.504367585601342e-05, 5.504367585601342e-06], "loss": 0.02325814835727215, "l1": 0.022492149882018565, "kl": 7.659985683858395e-05, "memory_allocated_GiB": 0.27367639541625977}
{"step": 8950, "samples": 572800, "pass": 255, "elapsed_train_s": 861.2293631979992, "lr": [5.458651507209518e-05, 5.458651507209518e-06], "loss": 0.023055769391357898, "l1": 0.022253575399518014, "kl": 8.021939545869827e-05, "memory_allocated_GiB": 0.27208948135375977}
{"step": 9000, "samples": 576000, "pass": 257, "elapsed_train_s": 866.8678446739978, "lr": [5.4128967273616625e-05, 5.412896727361663e-06], "loss": 0.022981649488210677, "l1": 0.022212010324001313, "kl": 7.696392014622689e-05, "memory_allocated_GiB": 0.27306604385375977}
DEVELOPMENT {"step": 9000, "summary": {"success_once": {"mean": 1.0, "std": 0.0}, "return": {"mean": 409.32708740234375, "std": 7.997142791748047}, "episode_len": {"mean": 500.0, "std": 0.0}, "reward": {"mean": 0.8186541442871095, "std": 0.01599428525815151}, "last_reward": {"mean": 1.0, "std": 0.0}, "success_at_end": {"mean": 0.9, "std": 0.30000000000000004}}, "stages": {"is_grasped": 20, "is_mug_above_table": 20, "is_mug_contact_rack": 20, "is_obj_placed": 20, "success": 20}}
{"step": 9050, "samples": 579200, "pass": 258, "elapsed_train_s": 953.6723549029994, "lr": [5.367107106890177e-05, 5.367107106890177e-06], "loss": 0.023031807653605938, "l1": 0.022245297357439995, "kl": 7.865102961659431e-05, "memory_allocated_GiB": 0.27367639541625977}
{"step": 9100, "samples": 582400, "pass": 259, "elapsed_train_s": 956.2332356689985, "lr": [5.3212865095673514e-05, 5.321286509567351e-06], "loss": 0.022935787998139858, "l1": 0.02220858007669449, "kl": 7.272078655660153e-05, "memory_allocated_GiB": 0.27208948135375977}
{"step": 9150, "samples": 585600, "pass": 261, "elapsed_train_s": 959.5830443069972, "lr": [5.2754388017793274e-05, 5.275438801779328e-06], "loss": 0.022687700763344764, "l1": 0.02191626910120249, "kl": 7.714314386248589e-05, "memory_allocated_GiB": 0.27306604385375977}
{"step": 9200, "samples": 588800, "pass": 262, "elapsed_train_s": 962.3042717669996, "lr": [5.229567852199859e-05, 5.22956785219986e-06], "loss": 0.02268024202436209, "l1": 0.02189829871058464, "kl": 7.819432765245438e-05, "memory_allocated_GiB": 0.27367639541625977}
{"step": 9250, "samples": 592000, "pass": 264, "elapsed_train_s": 965.6426875299985, "lr": [5.183677531463863e-05, 5.183677531463863e-06], "loss": 0.022699984721839428, "l1": 0.02198126833885908, "kl": 7.187163457274437e-05, "memory_allocated_GiB": 0.27208948135375977}
{"step": 9300, "samples": 595200, "pass": 265, "elapsed_train_s": 968.8201772709981, "lr": [5.1377717118408105e-05, 5.137771711840811e-06], "loss": 0.02274623490869999, "l1": 0.022001797184348106, "kl": 7.444377988576888e-05, "memory_allocated_GiB": 0.27306604385375977}
{"step": 9350, "samples": 598400, "pass": 267, "elapsed_train_s": 972.2330582279974, "lr": [5.091854266907987e-05, 5.091854266907987e-06], "loss": 0.022551597133278846, "l1": 0.021803314909338952, "kl": 7.482822053134442e-05, "memory_allocated_GiB": 0.27367639541625977}
{"step": 9400, "samples": 601600, "pass": 268, "elapsed_train_s": 975.230562970999, "lr": [5.0459290712236326e-05, 5.045929071223633e-06], "loss": 0.02249752387404442, "l1": 0.021738805733621122, "kl": 7.587180472910404e-05, "memory_allocated_GiB": 0.27208948135375977}
{"step": 9450, "samples": 604800, "pass": 269, "elapsed_train_s": 978.0786075069991, "lr": [5e-05, 5e-06], "loss": 0.022447442039847373, "l1": 0.021713966876268385, "kl": 7.334751076996326e-05, "memory_allocated_GiB": 0.27306604385375977}
{"step": 9500, "samples": 608000, "pass": 271, "elapsed_train_s": 981.6790231419982, "lr": [4.9540709287763685e-05, 4.9540709287763685e-06], "loss": 0.022316354587674142, "l1": 0.021577921733260154, "kl": 7.384328171610832e-05, "memory_allocated_GiB": 0.27367639541625977}
{"step": 9550, "samples": 611200, "pass": 272, "elapsed_train_s": 984.5552581009979, "lr": [4.908145733092013e-05, 4.908145733092013e-06], "loss": 0.022059076763689518, "l1": 0.021284553036093713, "kl": 7.745238021016121e-05, "memory_allocated_GiB": 0.27208948135375977}
{"step": 9600, "samples": 614400, "pass": 274, "elapsed_train_s": 988.0079921469987, "lr": [4.8622282881591906e-05, 4.862228288159191e-06], "loss": 0.02227116424590349, "l1": 0.021533530056476593, "kl": 7.37634301185608e-05, "memory_allocated_GiB": 0.27306604385375977}
{"step": 9650, "samples": 617600, "pass": 275, "elapsed_train_s": 991.0869607450004, "lr": [4.816322468536139e-05, 4.8163224685361385e-06], "loss": 0.022462001852691173, "l1": 0.02172726284712553, "kl": 7.347389124333859e-05, "memory_allocated_GiB": 0.27367639541625977}
{"step": 9700, "samples": 620800, "pass": 277, "elapsed_train_s": 994.5525611939993, "lr": [4.7704321478001415e-05, 4.770432147800141e-06], "loss": 0.022157487273216248, "l1": 0.021449224092066288, "kl": 7.08263274282217e-05, "memory_allocated_GiB": 0.27208948135375977}
{"step": 9750, "samples": 624000, "pass": 278, "elapsed_train_s": 997.5607365729993, "lr": [4.7245611982206724e-05, 4.724561198220672e-06], "loss": 0.02210298612713814, "l1": 0.02140022974461317, "kl": 7.027564570307731e-05, "memory_allocated_GiB": 0.27306604385375977}
{"step": 9800, "samples": 627200, "pass": 279, "elapsed_train_s": 1000.5002034909994, "lr": [4.6787134904326504e-05, 4.67871349043265e-06], "loss": 0.02183835320174694, "l1": 0.021105575263500213, "kl": 7.32777826488018e-05, "memory_allocated_GiB": 0.27367639541625977}
{"step": 9850, "samples": 630400, "pass": 281, "elapsed_train_s": 1004.110613482997, "lr": [4.6328928931098236e-05, 4.632892893109823e-06], "loss": 0.022357490882277488, "l1": 0.021670204922556877, "kl": 6.872861646115779e-05, "memory_allocated_GiB": 0.27208948135375977}
{"step": 9900, "samples": 633600, "pass": 282, "elapsed_train_s": 1007.0764658669978, "lr": [4.5871032726383386e-05, 4.587103272638339e-06], "loss": 0.022111742720007897, "l1": 0.02144100397825241, "kl": 6.707387045025826e-05, "memory_allocated_GiB": 0.27306604385375977}
{"step": 9950, "samples": 636800, "pass": 284, "elapsed_train_s": 1010.7131557350003, "lr": [4.541348492790482e-05, 4.541348492790482e-06], "loss": 0.02201502751559019, "l1": 0.021302018538117407, "kl": 7.130088284611702e-05, "memory_allocated_GiB": 0.27367639541625977}
{"step": 10000, "samples": 640000, "pass": 285, "elapsed_train_s": 1013.8646198789975, "lr": [4.4956324143986596e-05, 4.495632414398659e-06], "loss": 0.021913851350545882, "l1": 0.021231219582259656, "kl": 6.826317869126797e-05, "memory_allocated_GiB": 0.27208948135375977}
{"step": 10050, "samples": 643200, "pass": 287, "elapsed_train_s": 1017.4927062589995, "lr": [4.449958895029604e-05, 4.449958895029604e-06], "loss": 0.021822045482695104, "l1": 0.02114693760871887, "kl": 6.751078180968761e-05, "memory_allocated_GiB": 0.27306604385375977}
{"step": 10100, "samples": 646400, "pass": 288, "elapsed_train_s": 1020.6233602699976, "lr": [4.404331788658882e-05, 4.404331788658882e-06], "loss": 0.0216765882819891, "l1": 0.02101671077311039, "kl": 6.59877434372902e-05, "memory_allocated_GiB": 0.27367639541625977}
{"step": 10150, "samples": 649600, "pass": 289, "elapsed_train_s": 1023.5296782309997, "lr": [4.358754945345684e-05, 4.358754945345684e-06], "loss": 0.02215291600674391, "l1": 0.021485323533415795, "kl": 6.67592603713274e-05, "memory_allocated_GiB": 0.27208948135375977}
{"step": 10200, "samples": 652800, "pass": 291, "elapsed_train_s": 1027.2481826639996, "lr": [4.3132322109079596e-05, 4.313232210907959e-06], "loss": 0.021678743064403535, "l1": 0.021023543514311314, "kl": 6.551994942128658e-05, "memory_allocated_GiB": 0.27306604385375977}
{"step": 10250, "samples": 656000, "pass": 292, "elapsed_train_s": 1030.265346532, "lr": [4.267767426597893e-05, 4.267767426597893e-06], "loss": 0.0217428370565176, "l1": 0.02109669804573059, "kl": 6.461390294134616e-05, "memory_allocated_GiB": 0.27367639541625977}
{"step": 10300, "samples": 659200, "pass": 294, "elapsed_train_s": 1033.8945598799983, "lr": [4.222364428777786e-05, 4.222364428777786e-06], "loss": 0.021563281305134296, "l1": 0.020899703651666643, "kl": 6.635775789618493e-05, "memory_allocated_GiB": 0.27208948135375977}
{"step": 10350, "samples": 662400, "pass": 295, "elapsed_train_s": 1036.8475557709971, "lr": [4.17702704859633e-05, 4.17702704859633e-06], "loss": 0.02158729251474142, "l1": 0.020905630253255366, "kl": 6.816620007157325e-05, "memory_allocated_GiB": 0.27306604385375977}
{"step": 10400, "samples": 665600, "pass": 297, "elapsed_train_s": 1040.3933464169968, "lr": [4.131759111665349e-05, 4.131759111665349e-06], "loss": 0.02146642506122589, "l1": 0.02080380216240883, "kl": 6.626228801906109e-05, "memory_allocated_GiB": 0.27367639541625977}
{"step": 10450, "samples": 668800, "pass": 298, "elapsed_train_s": 1043.4425008239996, "lr": [4.086564437736966e-05, 4.0865644377369666e-06], "loss": 0.02152244981378317, "l1": 0.0208580968901515, "kl": 6.64352998137474e-05, "memory_allocated_GiB": 0.27208948135375977}
{"step": 10500, "samples": 672000, "pass": 299, "elapsed_train_s": 1046.4285675909996, "lr": [4.0414468403813095e-05, 4.041446840381309e-06], "loss": 0.021641694232821463, "l1": 0.02100526388734579, "kl": 6.364303641021252e-05, "memory_allocated_GiB": 0.27306604385375977}
{"step": 10550, "samples": 675200, "pass": 301, "elapsed_train_s": 1049.875764993998, "lr": [3.9964101266647044e-05, 3.996410126664705e-06], "loss": 0.021219871900975705, "l1": 0.02059155471622944, "kl": 6.283172406256199e-05, "memory_allocated_GiB": 0.27367639541625977}
{"step": 10600, "samples": 678400, "pass": 302, "elapsed_train_s": 1053.0446317559981, "lr": [3.951458096828449e-05, 3.951458096828449e-06], "loss": 0.021323627978563308, "l1": 0.02069542098790407, "kl": 6.282067857682705e-05, "memory_allocated_GiB": 0.27208948135375977}
{"step": 10650, "samples": 681600, "pass": 304, "elapsed_train_s": 1059.058728156997, "lr": [3.9065945439681214e-05, 3.906594543968122e-06], "loss": 0.021331071853637695, "l1": 0.020706624761223792, "kl": 6.244470365345479e-05, "memory_allocated_GiB": 0.27306604385375977}
{"step": 10700, "samples": 684800, "pass": 305, "elapsed_train_s": 1063.9172997690002, "lr": [3.861823253713535e-05, 3.861823253713535e-06], "loss": 0.021227202899754046, "l1": 0.02064932219684124, "kl": 5.778806284070015e-05, "memory_allocated_GiB": 0.27367639541625977}
{"step": 10750, "samples": 688000, "pass": 307, "elapsed_train_s": 1068.769106159998, "lr": [3.817148003909288e-05, 3.817148003909288e-06], "loss": 0.021235665120184422, "l1": 0.02064885161817074, "kl": 5.8681359514594076e-05, "memory_allocated_GiB": 0.27208948135375977}
{"step": 10800, "samples": 691200, "pass": 308, "elapsed_train_s": 1073.7101805559978, "lr": [3.772572564296005e-05, 3.7725725642960047e-06], "loss": 0.021162311285734176, "l1": 0.02057800069451332, "kl": 5.8431057259440424e-05, "memory_allocated_GiB": 0.27306604385375977}
{"step": 10850, "samples": 694400, "pass": 309, "elapsed_train_s": 1078.1707619109984, "lr": [3.728100696192218e-05, 3.7281006961922184e-06], "loss": 0.021179037056863307, "l1": 0.020588279105722904, "kl": 5.907579325139523e-05, "memory_allocated_GiB": 0.27367639541625977}
{"step": 10900, "samples": 697600, "pass": 311, "elapsed_train_s": 1083.6091581849978, "lr": [3.683736152177005e-05, 3.6837361521770056e-06], "loss": 0.02111181288957596, "l1": 0.020508527010679244, "kl": 6.032858043909073e-05, "memory_allocated_GiB": 0.27208948135375977}
{"step": 10950, "samples": 700800, "pass": 312, "elapsed_train_s": 1088.1429773559976, "lr": [3.639482675773324e-05, 3.639482675773324e-06], "loss": 0.021164413392543793, "l1": 0.020561161935329437, "kl": 6.032515317201614e-05, "memory_allocated_GiB": 0.27306604385375977}
{"step": 11000, "samples": 704000, "pass": 314, "elapsed_train_s": 1093.482715946997, "lr": [3.595344001132154e-05, 3.595344001132154e-06], "loss": 0.021066036224365235, "l1": 0.020447707921266555, "kl": 6.183282472193242e-05, "memory_allocated_GiB": 0.27367639541625977}
{"step": 11050, "samples": 707200, "pass": 315, "elapsed_train_s": 1098.2404074389997, "lr": [3.551323852717378e-05, 3.5513238527173775e-06], "loss": 0.021231856569647788, "l1": 0.020634270310401916, "kl": 5.9758611023426056e-05, "memory_allocated_GiB": 0.27208948135375977}
{"step": 11100, "samples": 710400, "pass": 317, "elapsed_train_s": 1103.7180876019993, "lr": [3.5074259449915284e-05, 3.507425944991529e-06], "loss": 0.02096959475427866, "l1": 0.02037312649190426, "kl": 5.964683368802071e-05, "memory_allocated_GiB": 0.27306604385375977}
{"step": 11150, "samples": 713600, "pass": 318, "elapsed_train_s": 1108.2981882229979, "lr": [3.463653982102347e-05, 3.4636539821023475e-06], "loss": 0.020815613716840743, "l1": 0.0202533121034503, "kl": 5.623016506433487e-05, "memory_allocated_GiB": 0.27367639541625977}
{"step": 11200, "samples": 716800, "pass": 319, "elapsed_train_s": 1113.0471968969978, "lr": [3.420011657570238e-05, 3.420011657570238e-06], "loss": 0.02082487404346466, "l1": 0.020267772488296032, "kl": 5.571015179157257e-05, "memory_allocated_GiB": 0.27208948135375977}
{"step": 11250, "samples": 720000, "pass": 321, "elapsed_train_s": 1118.3758830419974, "lr": [3.3765026539765834e-05, 3.3765026539765832e-06], "loss": 0.021073522195219994, "l1": 0.020490739159286023, "kl": 5.827830173075199e-05, "memory_allocated_GiB": 0.27306604385375977}
{"step": 11300, "samples": 723200, "pass": 322, "elapsed_train_s": 1123.022242957999, "lr": [3.333130642653024e-05, 3.333130642653024e-06], "loss": 0.020891009904444216, "l1": 0.020289972350001337, "kl": 6.010375916957855e-05, "memory_allocated_GiB": 0.27367639541625977}
{"step": 11350, "samples": 726400, "pass": 324, "elapsed_train_s": 1128.9302719459993, "lr": [3.289899283371657e-05, 3.289899283371657e-06], "loss": 0.02058344941586256, "l1": 0.020040087588131427, "kl": 5.43361809104681e-05, "memory_allocated_GiB": 0.27208948135375977}
{"step": 11400, "samples": 729600, "pass": 325, "elapsed_train_s": 1132.9820604089982, "lr": [3.2468122240362284e-05, 3.2468122240362287e-06], "loss": 0.020574431270360946, "l1": 0.020053173676133157, "kl": 5.212577059864998e-05, "memory_allocated_GiB": 0.27306604385375977}
{"step": 11450, "samples": 732800, "pass": 327, "elapsed_train_s": 1138.6744631250003, "lr": [3.203873100374314e-05, 3.203873100374314e-06], "loss": 0.02085580341517925, "l1": 0.02032547667622566, "kl": 5.303267389535904e-05, "memory_allocated_GiB": 0.27367639541625977}
{"step": 11500, "samples": 736000, "pass": 328, "elapsed_train_s": 1143.2467299559976, "lr": [3.1610855356305354e-05, 3.1610855356305354e-06], "loss": 0.020728488862514497, "l1": 0.020179171413183213, "kl": 5.49317616969347e-05, "memory_allocated_GiB": 0.27208948135375977}
{"step": 11550, "samples": 739200, "pass": 329, "elapsed_train_s": 1147.0082454839976, "lr": [3.118453140260823e-05, 3.118453140260823e-06], "loss": 0.02080304965376854, "l1": 0.02024179484695196, "kl": 5.612548440694809e-05, "memory_allocated_GiB": 0.27306604385375977}
{"step": 11600, "samples": 742400, "pass": 331, "elapsed_train_s": 1152.952706674998, "lr": [3.0759795116277725e-05, 3.0759795116277723e-06], "loss": 0.020768072307109833, "l1": 0.020173100084066392, "kl": 5.949722602963448e-05, "memory_allocated_GiB": 0.27367639541625977}
{"step": 11650, "samples": 745600, "pass": 332, "elapsed_train_s": 1157.579483136, "lr": [3.0336682336970846e-05, 3.0336682336970845e-06], "loss": 0.020773432739078997, "l1": 0.020221400372684002, "kl": 5.520324222743511e-05, "memory_allocated_GiB": 0.27208948135375977}
{"step": 11700, "samples": 748800, "pass": 334, "elapsed_train_s": 1162.548323625997, "lr": [2.991522876735154e-05, 2.991522876735154e-06], "loss": 0.020784587003290653, "l1": 0.02022180933505297, "kl": 5.6277774274349215e-05, "memory_allocated_GiB": 0.27306604385375977}
{"step": 11750, "samples": 752000, "pass": 335, "elapsed_train_s": 1167.4322865149989, "lr": [2.9495469970078e-05, 2.9495469970078e-06], "loss": 0.020612497888505457, "l1": 0.020121992118656635, "kl": 4.9050580710172656e-05, "memory_allocated_GiB": 0.27367639541625977}
{"step": 11800, "samples": 755200, "pass": 337, "elapsed_train_s": 1172.5398050160002, "lr": [2.9077441364801938e-05, 2.907744136480194e-06], "loss": 0.020645457692444323, "l1": 0.02014028936624527, "kl": 5.051682703197002e-05, "memory_allocated_GiB": 0.27208948135375977}
{"step": 11850, "samples": 758400, "pass": 338, "elapsed_train_s": 1177.4503817909972, "lr": [2.866117822517982e-05, 2.866117822517982e-06], "loss": 0.020546502768993377, "l1": 0.020029184632003306, "kl": 5.1731821149587634e-05, "memory_allocated_GiB": 0.27306604385375977}
{"step": 11900, "samples": 761600, "pass": 339, "elapsed_train_s": 1182.037914982, "lr": [2.824671567589635e-05, 2.8246715675896354e-06], "loss": 0.020977617315948008, "l1": 0.020430708192288875, "kl": 5.469091236591339e-05, "memory_allocated_GiB": 0.27367639541625977}
{"step": 11950, "samples": 764800, "pass": 341, "elapsed_train_s": 1187.5100963829973, "lr": [2.783408868970071e-05, 2.783408868970071e-06], "loss": 0.020460293367505072, "l1": 0.01994747035205364, "kl": 5.1282308995723724e-05, "memory_allocated_GiB": 0.27208948135375977}
{"step": 12000, "samples": 768000, "pass": 342, "elapsed_train_s": 1192.2806246979999, "lr": [2.7423332084455544e-05, 2.7423332084455543e-06], "loss": 0.020594803728163243, "l1": 0.020094407126307487, "kl": 5.0039654597640036e-05, "memory_allocated_GiB": 0.27306604385375977}
{"step": 12050, "samples": 771200, "pass": 344, "elapsed_train_s": 1197.8955149939975, "lr": [2.701448052019888e-05, 2.7014480520198882e-06], "loss": 0.020300099290907384, "l1": 0.019800509847700595, "kl": 4.995894618332386e-05, "memory_allocated_GiB": 0.27367639541625977}
{"step": 12100, "samples": 774400, "pass": 345, "elapsed_train_s": 1202.392525643998, "lr": [2.660756849621962e-05, 2.660756849621962e-06], "loss": 0.020664010494947434, "l1": 0.02012967150658369, "kl": 5.343389697372913e-05, "memory_allocated_GiB": 0.27208948135375977}
{"step": 12150, "samples": 777600, "pass": 347, "elapsed_train_s": 1208.0427912039995, "lr": [2.6202630348146324e-05, 2.6202630348146323e-06], "loss": 0.02055087935179472, "l1": 0.020032850094139576, "kl": 5.180293694138527e-05, "memory_allocated_GiB": 0.27306604385375977}
{"step": 12200, "samples": 780800, "pass": 348, "elapsed_train_s": 1212.3627739419971, "lr": [2.5799700245050074e-05, 2.5799700245050074e-06], "loss": 0.020484563969075678, "l1": 0.019971636794507502, "kl": 5.129271186888218e-05, "memory_allocated_GiB": 0.27367639541625977}
{"step": 12250, "samples": 784000, "pass": 349, "elapsed_train_s": 1216.9015693969995, "lr": [2.5398812186561095e-05, 2.5398812186561095e-06], "loss": 0.02040874820202589, "l1": 0.01987680286169052, "kl": 5.3194528445601465e-05, "memory_allocated_GiB": 0.27208948135375977}
{"step": 12300, "samples": 787200, "pass": 351, "elapsed_train_s": 1222.855991196997, "lr": [2.500000000000001e-05, 2.5000000000000015e-06], "loss": 0.020511715039610863, "l1": 0.020018545873463155, "kl": 4.931689240038395e-05, "memory_allocated_GiB": 0.27306604385375977}
{"step": 12350, "samples": 790400, "pass": 352, "elapsed_train_s": 1226.6526636879971, "lr": [2.4603297337523294e-05, 2.4603297337523297e-06], "loss": 0.02007143136113882, "l1": 0.01958796747028828, "kl": 4.8346398398280146e-05, "memory_allocated_GiB": 0.27367639541625977}
{"step": 12400, "samples": 793600, "pass": 354, "elapsed_train_s": 1232.6031018309986, "lr": [2.4208737673283815e-05, 2.4208737673283818e-06], "loss": 0.020120386220514774, "l1": 0.01963640235364437, "kl": 4.839838482439518e-05, "memory_allocated_GiB": 0.27208948135375977}
{"step": 12450, "samples": 796800, "pass": 355, "elapsed_train_s": 1237.3769119829994, "lr": [2.381635430060611e-05, 2.381635430060611e-06], "loss": 0.020154983289539814, "l1": 0.0196950726211071, "kl": 4.599107429385185e-05, "memory_allocated_GiB": 0.27306604385375977}
{"step": 12500, "samples": 800000, "pass": 357, "elapsed_train_s": 1241.9981725809994, "lr": [2.3426180329177215e-05, 2.3426180329177217e-06], "loss": 0.020010125413537024, "l1": 0.019529809728264808, "kl": 4.803157411515713e-05, "memory_allocated_GiB": 0.27367639541625977}
{"step": 12550, "samples": 803200, "pass": 358, "elapsed_train_s": 1246.9905389509986, "lr": [2.3038248682252693e-05, 2.3038248682252695e-06], "loss": 0.020094429478049278, "l1": 0.019614005573093892, "kl": 4.8042386770248416e-05, "memory_allocated_GiB": 0.27208948135375977}
{"step": 12600, "samples": 806400, "pass": 359, "elapsed_train_s": 1251.6208542369968, "lr": [2.2652592093878666e-05, 2.265259209387867e-06], "loss": 0.01997615970671177, "l1": 0.0195000596344471, "kl": 4.7610001638531684e-05, "memory_allocated_GiB": 0.27306604385375977}
DEVELOPMENT {"step": 12600, "summary": {"success_once": {"mean": 0.9, "std": 0.30000000000000004}, "return": {"mean": 403.9894104003906, "std": 12.652588844299316}, "episode_len": {"mean": 500.0, "std": 0.0}, "reward": {"mean": 0.8079788574218749, "std": 0.025305178159297944}, "last_reward": {"mean": 0.9889963120222092, "std": 0.03325682022072241}, "success_at_end": {"mean": 0.9, "std": 0.30000000000000004}}, "stages": {"is_grasped": 20, "is_mug_above_table": 20, "is_mug_contact_rack": 20, "is_obj_placed": 20, "success": 18}}
{"step": 12650, "samples": 809600, "pass": 361, "elapsed_train_s": 1340.6541909169973, "lr": [2.226924310612956e-05, 2.2269243106129563e-06], "loss": 0.01998696193099022, "l1": 0.019522601328790187, "kl": 4.6436050906777384e-05, "memory_allocated_GiB": 0.27367639541625977}
{"step": 12700, "samples": 812800, "pass": 362, "elapsed_train_s": 1343.349006450997, "lr": [2.1888234066362302e-05, 2.1888234066362303e-06], "loss": 0.019911642782390118, "l1": 0.019433321431279182, "kl": 4.783213138580322e-05, "memory_allocated_GiB": 0.27208948135375977}
{"step": 12750, "samples": 816000, "pass": 364, "elapsed_train_s": 1346.7090153859972, "lr": [2.150959712448669e-05, 2.1509597124486693e-06], "loss": 0.02003807798027992, "l1": 0.019564431495964527, "kl": 4.736464470624924e-05, "memory_allocated_GiB": 0.27306604385375977}
{"step": 12800, "samples": 819200, "pass": 365, "elapsed_train_s": 1349.4335198209992, "lr": [2.1133364230252688e-05, 2.113336423025269e-06], "loss": 0.019937860071659087, "l1": 0.019489330127835273, "kl": 4.485297948122024e-05, "memory_allocated_GiB": 0.27367639541625977}
{"step": 12850, "samples": 822400, "pass": 367, "elapsed_train_s": 1352.8969756929982, "lr": [2.075956713055432e-05, 2.075956713055432e-06], "loss": 0.019871021918952465, "l1": 0.019397453889250755, "kl": 4.735682159662247e-05, "memory_allocated_GiB": 0.27208948135375977}
{"step": 12900, "samples": 825600, "pass": 368, "elapsed_train_s": 1355.9064682699973, "lr": [2.0388237366751006e-05, 2.0388237366751005e-06], "loss": 0.019819839112460613, "l1": 0.01938189871609211, "kl": 4.3794037774205206e-05, "memory_allocated_GiB": 0.27306604385375977}
{"step": 12950, "samples": 828800, "pass": 369, "elapsed_train_s": 1358.723146565997, "lr": [2.0019406272005915e-05, 2.0019406272005913e-06], "loss": 0.019983643889427184, "l1": 0.019531820006668567, "kl": 4.5182369649410245e-05, "memory_allocated_GiB": 0.27367639541625977}
{"step": 13000, "samples": 832000, "pass": 371, "elapsed_train_s": 1362.3516551149987, "lr": [1.9653104968642173e-05, 1.965310496864217e-06], "loss": 0.020026677958667277, "l1": 0.019575722739100455, "kl": 4.509552381932735e-05, "memory_allocated_GiB": 0.27208948135375977}
{"step": 13050, "samples": 835200, "pass": 372, "elapsed_train_s": 1365.251996343999, "lr": [1.928936436551661e-05, 1.928936436551661e-06], "loss": 0.0196957927942276, "l1": 0.019268733523786066, "kl": 4.270592704415321e-05, "memory_allocated_GiB": 0.27306604385375977}
{"step": 13100, "samples": 838400, "pass": 374, "elapsed_train_s": 1368.766650139998, "lr": [1.8928215155411773e-05, 1.8928215155411773e-06], "loss": 0.019659509100019932, "l1": 0.019228009581565855, "kl": 4.314993508160114e-05, "memory_allocated_GiB": 0.27367639541625977}
{"step": 13150, "samples": 841600, "pass": 375, "elapsed_train_s": 1371.7824806089993, "lr": [1.8569687812445896e-05, 1.8569687812445898e-06], "loss": 0.019826969169080257, "l1": 0.01934043727815151, "kl": 4.8653194680809976e-05, "memory_allocated_GiB": 0.27208948135375977}
{"step": 13200, "samples": 844800, "pass": 377, "elapsed_train_s": 1375.176210630998, "lr": [1.821381258950161e-05, 1.8213812589501611e-06], "loss": 0.019700953513383867, "l1": 0.019253000058233737, "kl": 4.479533992707729e-05, "memory_allocated_GiB": 0.27306604385375977}
{"step": 13250, "samples": 848000, "pass": 378, "elapsed_train_s": 1378.3359115349995, "lr": [1.7860619515673033e-05, 1.7860619515673034e-06], "loss": 0.019928858242928983, "l1": 0.019435519315302373, "kl": 4.933389835059643e-05, "memory_allocated_GiB": 0.27367639541625977}
{"step": 13300, "samples": 851200, "pass": 379, "elapsed_train_s": 1381.1825658019989, "lr": [1.7510138393732028e-05, 1.7510138393732029e-06], "loss": 0.01972922306507826, "l1": 0.019284130334854127, "kl": 4.4509265571832656e-05, "memory_allocated_GiB": 0.27208948135375977}
{"step": 13350, "samples": 854400, "pass": 381, "elapsed_train_s": 1384.7802624609976, "lr": [1.7162398797613282e-05, 1.7162398797613284e-06], "loss": 0.019662127085030078, "l1": 0.019228483512997628, "kl": 4.336435347795487e-05, "memory_allocated_GiB": 0.27306604385375977}
{"step": 13400, "samples": 857600, "pass": 382, "elapsed_train_s": 1387.735888367999, "lr": [1.681743006991894e-05, 1.6817430069918939e-06], "loss": 0.01958176452666521, "l1": 0.019154501371085642, "kl": 4.272632300853729e-05, "memory_allocated_GiB": 0.27367639541625977}
{"step": 13450, "samples": 860800, "pass": 384, "elapsed_train_s": 1391.204834791999, "lr": [1.6475261319442553e-05, 1.6475261319442553e-06], "loss": 0.019556034281849863, "l1": 0.019117093086242674, "kl": 4.389410838484764e-05, "memory_allocated_GiB": 0.27208948135375977}
{"step": 13500, "samples": 864000, "pass": 385, "elapsed_train_s": 1394.1644341169995, "lr": [1.6135921418712956e-05, 1.6135921418712959e-06], "loss": 0.019704667404294014, "l1": 0.019299208857119082, "kl": 4.0545854717493056e-05, "memory_allocated_GiB": 0.27306604385375977}
{"step": 13550, "samples": 867200, "pass": 387, "elapsed_train_s": 1397.6923031859988, "lr": [1.5799439001557846e-05, 1.5799439001557847e-06], "loss": 0.019762403443455697, "l1": 0.019335015416145324, "kl": 4.2738793417811394e-05, "memory_allocated_GiB": 0.27367639541625977}
{"step": 13600, "samples": 870400, "pass": 388, "elapsed_train_s": 1400.7789319539988, "lr": [1.5465842460687784e-05, 1.5465842460687786e-06], "loss": 0.019511147662997247, "l1": 0.019092577137053014, "kl": 4.185705445706844e-05, "memory_allocated_GiB": 0.27208948135375977}
{"step": 13650, "samples": 873600, "pass": 389, "elapsed_train_s": 1403.7683314269998, "lr": [1.5135159945300231e-05, 1.5135159945300232e-06], "loss": 0.019617430567741394, "l1": 0.01919649701565504, "kl": 4.2093340307474134e-05, "memory_allocated_GiB": 0.27306604385375977}
{"step": 13700, "samples": 876800, "pass": 391, "elapsed_train_s": 1407.400263610998, "lr": [1.4807419358704433e-05, 1.4807419358704433e-06], "loss": 0.019496442899107933, "l1": 0.01909444261342287, "kl": 4.020001739263535e-05, "memory_allocated_GiB": 0.27367639541625977}
{"step": 13750, "samples": 880000, "pass": 392, "elapsed_train_s": 1410.4098538489998, "lr": [1.44826483559668e-05, 1.44826483559668e-06], "loss": 0.019467724598944188, "l1": 0.019062030501663683, "kl": 4.056941717863083e-05, "memory_allocated_GiB": 0.27208948135375977}
{"step": 13800, "samples": 883200, "pass": 394, "elapsed_train_s": 1414.0688670279997, "lr": [1.4160874341577446e-05, 1.4160874341577447e-06], "loss": 0.019507604725658892, "l1": 0.01906998746097088, "kl": 4.37617301940918e-05, "memory_allocated_GiB": 0.27306604385375977}
{"step": 13850, "samples": 886400, "pass": 395, "elapsed_train_s": 1417.1301153589993, "lr": [1.3842124467137662e-05, 1.3842124467137664e-06], "loss": 0.019458795860409737, "l1": 0.019016284197568893, "kl": 4.425115883350372e-05, "memory_allocated_GiB": 0.27367639541625977}
{"step": 13900, "samples": 889600, "pass": 397, "elapsed_train_s": 1420.6270231380004, "lr": [1.3526425629068967e-05, 1.3526425629068968e-06], "loss": 0.019417101964354515, "l1": 0.018989595994353296, "kl": 4.275057464838028e-05, "memory_allocated_GiB": 0.27208948135375977}
{"step": 13950, "samples": 892800, "pass": 398, "elapsed_train_s": 1423.725158071, "lr": [1.3213804466343421e-05, 1.321380446634342e-06], "loss": 0.019408151507377625, "l1": 0.019002715311944484, "kl": 4.054361954331398e-05, "memory_allocated_GiB": 0.27306604385375977}
{"step": 14000, "samples": 896000, "pass": 399, "elapsed_train_s": 1426.758573007999, "lr": [1.2904287358235928e-05, 1.290428735823593e-06], "loss": 0.019274684228003026, "l1": 0.018886216580867768, "kl": 3.884676843881607e-05, "memory_allocated_GiB": 0.27367639541625977}
{"step": 14050, "samples": 899200, "pass": 401, "elapsed_train_s": 1430.370336107997, "lr": [1.259790042209823e-05, 1.259790042209823e-06], "loss": 0.01951404631137848, "l1": 0.019113980494439603, "kl": 4.000659100711346e-05, "memory_allocated_GiB": 0.27208948135375977}
{"step": 14100, "samples": 902400, "pass": 402, "elapsed_train_s": 1433.3379714799994, "lr": [1.2294669511155193e-05, 1.2294669511155193e-06], "loss": 0.019447780176997186, "l1": 0.019042542949318886, "kl": 4.052371717989445e-05, "memory_allocated_GiB": 0.27306604385375977}
{"step": 14150, "samples": 905600, "pass": 404, "elapsed_train_s": 1436.667328534997, "lr": [1.1994620212323177e-05, 1.1994620212323177e-06], "loss": 0.019447145313024522, "l1": 0.019056854136288166, "kl": 3.902912139892578e-05, "memory_allocated_GiB": 0.27367639541625977}
{"step": 14200, "samples": 908800, "pass": 405, "elapsed_train_s": 1440.6941802789988, "lr": [1.1697777844051105e-05, 1.1697777844051105e-06], "loss": 0.019481857754290104, "l1": 0.01909068651497364, "kl": 3.91171220690012e-05, "memory_allocated_GiB": 0.27208948135375977}
{"step": 14250, "samples": 912000, "pass": 407, "elapsed_train_s": 1445.6030606169988, "lr": [1.1404167454183957e-05, 1.1404167454183957e-06], "loss": 0.019238188564777374, "l1": 0.0188471107929945, "kl": 3.910778090357781e-05, "memory_allocated_GiB": 0.27306604385375977}
{"step": 14300, "samples": 915200, "pass": 408, "elapsed_train_s": 1450.492506278999, "lr": [1.111381381784931e-05, 1.1113813817849312e-06], "loss": 0.019429927207529545, "l1": 0.019023860059678554, "kl": 4.0606716647744176e-05, "memory_allocated_GiB": 0.27367639541625977}
{"step": 14350, "samples": 918400, "pass": 409, "elapsed_train_s": 1455.123713334, "lr": [1.0826741435366695e-05, 1.0826741435366694e-06], "loss": 0.019487433545291425, "l1": 0.01909549694508314, "kl": 3.919366747140884e-05, "memory_allocated_GiB": 0.27208948135375977}
{"step": 14400, "samples": 921600, "pass": 411, "elapsed_train_s": 1460.4580880629983, "lr": [1.0542974530180327e-05, 1.0542974530180327e-06], "loss": 0.019392286688089372, "l1": 0.01900102499872446, "kl": 3.9126165211200715e-05, "memory_allocated_GiB": 0.27306604385375977}
{"step": 14450, "samples": 924800, "pass": 412, "elapsed_train_s": 1465.347735165, "lr": [1.0262537046815018e-05, 1.026253704681502e-06], "loss": 0.01939469426870346, "l1": 0.01901273000985384, "kl": 3.819642588496208e-05, "memory_allocated_GiB": 0.27367639541625977}
{"step": 14500, "samples": 928000, "pass": 414, "elapsed_train_s": 1470.948343349999, "lr": [9.985452648855803e-06, 9.985452648855803e-07], "loss": 0.019277413673698902, "l1": 0.018896533399820326, "kl": 3.808801993727684e-05, "memory_allocated_GiB": 0.27208948135375977}
{"step": 14550, "samples": 931200, "pass": 415, "elapsed_train_s": 1475.3501598309995, "lr": [9.711744716951093e-06, 9.711744716951093e-07], "loss": 0.019377638287842273, "l1": 0.018994995318353178, "kl": 3.826430067420006e-05, "memory_allocated_GiB": 0.27306604385375977}
{"step": 14600, "samples": 934400, "pass": 417, "elapsed_train_s": 1481.2074827049983, "lr": [9.441436346839894e-06, 9.441436346839894e-07], "loss": 0.019364663250744343, "l1": 0.018980894312262533, "kl": 3.837689757347107e-05, "memory_allocated_GiB": 0.27367639541625977}
{"step": 14650, "samples": 937600, "pass": 418, "elapsed_train_s": 1485.2590278779971, "lr": [9.174550347402855e-06, 9.174550347402856e-07], "loss": 0.019258307702839376, "l1": 0.01887260492891073, "kl": 3.8570277392864224e-05, "memory_allocated_GiB": 0.27208948135375977}
{"step": 14700, "samples": 940800, "pass": 419, "elapsed_train_s": 1490.1330063099995, "lr": [8.911109238737747e-06, 8.911109238737748e-07], "loss": 0.019443422891199588, "l1": 0.019073440209031105, "kl": 3.699825145304203e-05, "memory_allocated_GiB": 0.27306604385375977}
{"step": 14750, "samples": 944000, "pass": 421, "elapsed_train_s": 1495.9919632809979, "lr": [8.651135250259091e-06, 8.651135250259091e-07], "loss": 0.019370342679321764, "l1": 0.01899657167494297, "kl": 3.737710416316986e-05, "memory_allocated_GiB": 0.27367639541625977}
{"step": 14800, "samples": 947200, "pass": 422, "elapsed_train_s": 1500.261399963998, "lr": [8.3946503188225e-06, 8.3946503188225e-07], "loss": 0.019213645458221434, "l1": 0.01883916452527046, "kl": 3.7448089569807054e-05, "memory_allocated_GiB": 0.27208948135375977}
{"step": 14850, "samples": 950400, "pass": 424, "elapsed_train_s": 1506.1527513929977, "lr": [8.141676086873572e-06, 8.141676086873574e-07], "loss": 0.019326307252049445, "l1": 0.018934380747377872, "kl": 3.9192643016576766e-05, "memory_allocated_GiB": 0.27306604385375977}
{"step": 14900, "samples": 953600, "pass": 425, "elapsed_train_s": 1510.6201307499978, "lr": [7.89223390062172e-06, 7.89223390062172e-07], "loss": 0.019171391911804676, "l1": 0.01879447277635336, "kl": 3.769190981984138e-05, "memory_allocated_GiB": 0.27367639541625977}
{"step": 14950, "samples": 956800, "pass": 427, "elapsed_train_s": 1516.4128120770001, "lr": [7.646344808238903e-06, 7.646344808238904e-07], "loss": 0.019256410449743272, "l1": 0.018891222476959228, "kl": 3.651878796517849e-05, "memory_allocated_GiB": 0.27208948135375977}
{"step": 15000, "samples": 960000, "pass": 428, "elapsed_train_s": 1521.3141942449984, "lr": [7.404029558083653e-06, 7.404029558083653e-07], "loss": 0.019415906518697738, "l1": 0.019051851704716682, "kl": 3.640548326075077e-05, "memory_allocated_GiB": 0.27306604385375977}
{"step": 15050, "samples": 963200, "pass": 429, "elapsed_train_s": 1525.1537412010002, "lr": [7.165308596950182e-06, 7.165308596950182e-07], "loss": 0.019187158271670342, "l1": 0.018820754028856756, "kl": 3.664040938019752e-05, "memory_allocated_GiB": 0.27367639541625977}
{"step": 15100, "samples": 966400, "pass": 431, "elapsed_train_s": 1531.0506541239993, "lr": [6.9302020683432055e-06, 6.930202068343206e-07], "loss": 0.01922997336834669, "l1": 0.018869678899645807, "kl": 3.602944314479828e-05, "memory_allocated_GiB": 0.27208948135375977}
{"step": 15150, "samples": 969600, "pass": 432, "elapsed_train_s": 1535.7457441169972, "lr": [6.698729810778065e-06, 6.698729810778065e-07], "loss": 0.019255304746329784, "l1": 0.018903713710606097, "kl": 3.5159094259142876e-05, "memory_allocated_GiB": 0.27306604385375977}
{"step": 15200, "samples": 972800, "pass": 434, "elapsed_train_s": 1540.4861195609992, "lr": [6.470911356106885e-06, 6.470911356106885e-07], "loss": 0.019246367141604423, "l1": 0.018894773572683335, "kl": 3.5159364342689516e-05, "memory_allocated_GiB": 0.27367639541625977}
{"step": 15250, "samples": 976000, "pass": 435, "elapsed_train_s": 1545.4643827299988, "lr": [6.246765927870313e-06, 6.246765927870313e-07], "loss": 0.019209106601774693, "l1": 0.018848720900714398, "kl": 3.603857010602951e-05, "memory_allocated_GiB": 0.27208948135375977}
{"step": 15300, "samples": 979200, "pass": 437, "elapsed_train_s": 1550.3698919009985, "lr": [6.026312439675552e-06, 6.026312439675553e-07], "loss": 0.01927400778979063, "l1": 0.01891449861228466, "kl": 3.59509140253067e-05, "memory_allocated_GiB": 0.27306604385375977}
{"step": 15350, "samples": 982400, "pass": 438, "elapsed_train_s": 1555.0219042709978, "lr": [5.809569493600281e-06, 5.809569493600281e-07], "loss": 0.01935145691037178, "l1": 0.01898855485022068, "kl": 3.629019483923912e-05, "memory_allocated_GiB": 0.27367639541625977}
{"step": 15400, "samples": 985600, "pass": 439, "elapsed_train_s": 1559.5931104329975, "lr": [5.596555378623125e-06, 5.596555378623126e-07], "loss": 0.018931707702577114, "l1": 0.01858432576060295, "kl": 3.4738192334771155e-05, "memory_allocated_GiB": 0.27208948135375977}
{"step": 15450, "samples": 988800, "pass": 441, "elapsed_train_s": 1564.8623435869995, "lr": [5.387288069080299e-06, 5.387288069080298e-07], "loss": 0.01918762020766735, "l1": 0.018839309960603713, "kl": 3.4831026569008826e-05, "memory_allocated_GiB": 0.27306604385375977}
{"step": 15500, "samples": 992000, "pass": 442, "elapsed_train_s": 1569.6898561219969, "lr": [5.181785223148999e-06, 5.181785223148999e-07], "loss": 0.01897228106856346, "l1": 0.01862900085747242, "kl": 3.432801924645901e-05, "memory_allocated_GiB": 0.27367639541625977}
{"step": 15550, "samples": 995200, "pass": 444, "elapsed_train_s": 1575.388287130998, "lr": [4.980064181357319e-06, 4.980064181357319e-07], "loss": 0.018936237245798113, "l1": 0.0185884028673172, "kl": 3.4783445298671725e-05, "memory_allocated_GiB": 0.27208948135375977}
{"step": 15600, "samples": 998400, "pass": 445, "elapsed_train_s": 1579.6984231509996, "lr": [4.782141965121128e-06, 4.782141965121129e-07], "loss": 0.019114062190055847, "l1": 0.018770984821021557, "kl": 3.4307725727558135e-05, "memory_allocated_GiB": 0.27306604385375977}
{"step": 15650, "samples": 1001600, "pass": 447, "elapsed_train_s": 1585.1007342609992, "lr": [4.588035275307689e-06, 4.5880352753076894e-07], "loss": 0.01917141232639551, "l1": 0.018825046084821224, "kl": 3.463664092123508e-05, "memory_allocated_GiB": 0.27367639541625977}
{"step": 15700, "samples": 1004800, "pass": 448, "elapsed_train_s": 1590.0758334029997, "lr": [4.397760490826481e-06, 4.39776049082648e-07], "loss": 0.01907152935862541, "l1": 0.01872001275420189, "kl": 3.51516529917717e-05, "memory_allocated_GiB": 0.27208948135375977}
{"step": 15750, "samples": 1008000, "pass": 449, "elapsed_train_s": 1594.513410047999, "lr": [4.2113336672471245e-06, 4.211333667247125e-07], "loss": 0.01901921007782221, "l1": 0.018678432926535607, "kl": 3.40777263045311e-05, "memory_allocated_GiB": 0.27306604385375977}
{"step": 15800, "samples": 1011200, "pass": 451, "elapsed_train_s": 1600.6686295969994, "lr": [4.028770535444615e-06, 4.0287705354446147e-07], "loss": 0.019126987382769585, "l1": 0.018782876655459402, "kl": 3.4411083906888964e-05, "memory_allocated_GiB": 0.27367639541625977}
{"step": 15850, "samples": 1014400, "pass": 452, "elapsed_train_s": 1604.647140793997, "lr": [3.850086500271871e-06, 3.850086500271871e-07], "loss": 0.018982729353010656, "l1": 0.018645747229456902, "kl": 3.369820304214954e-05, "memory_allocated_GiB": 0.27208948135375977}
{"step": 15900, "samples": 1017600, "pass": 454, "elapsed_train_s": 1610.1522295329996, "lr": [3.675296639259912e-06, 3.675296639259912e-07], "loss": 0.01908256232738495, "l1": 0.01874849133193493, "kl": 3.340710885822773e-05, "memory_allocated_GiB": 0.27306604385375977}
{"step": 15950, "samples": 1020800, "pass": 455, "elapsed_train_s": 1615.1204924729973, "lr": [3.504415701345615e-06, 3.504415701345615e-07], "loss": 0.019202392920851706, "l1": 0.01887022618204355, "kl": 3.321669064462185e-05, "memory_allocated_GiB": 0.27367639541625977}
{"step": 16000, "samples": 1024000, "pass": 457, "elapsed_train_s": 1619.9976661619985, "lr": [3.3374581056271447e-06, 3.337458105627145e-07], "loss": 0.019053244292736055, "l1": 0.01871763251721859, "kl": 3.356116823852062e-05, "memory_allocated_GiB": 0.27208948135375977}
{"step": 16050, "samples": 1027200, "pass": 458, "elapsed_train_s": 1624.7841508069978, "lr": [3.1744379401472677e-06, 3.174437940147268e-07], "loss": 0.0189121138304472, "l1": 0.018581586964428423, "kl": 3.305269405245781e-05, "memory_allocated_GiB": 0.27306604385375977}
{"step": 16100, "samples": 1030400, "pass": 459, "elapsed_train_s": 1629.256381326999, "lr": [3.0153689607045845e-06, 3.015368960704584e-07], "loss": 0.01893302645534277, "l1": 0.018604488372802735, "kl": 3.285380080342293e-05, "memory_allocated_GiB": 0.27367639541625977}
{"step": 16150, "samples": 1033600, "pass": 461, "elapsed_train_s": 1634.096609942997, "lr": [2.8602645896928295e-06, 2.860264589692829e-07], "loss": 0.019018039740622043, "l1": 0.01869181077927351, "kl": 3.262289799749851e-05, "memory_allocated_GiB": 0.27208948135375977}
{"step": 16200, "samples": 1036800, "pass": 462, "elapsed_train_s": 1638.941356252999, "lr": [2.7091379149682685e-06, 2.7091379149682683e-07], "loss": 0.019098560586571695, "l1": 0.018768546059727668, "kl": 3.3001461997628215e-05, "memory_allocated_GiB": 0.27306604385375977}
{"step": 16250, "samples": 1040000, "pass": 464, "elapsed_train_s": 1643.7969523889988, "lr": [2.562001688745291e-06, 2.562001688745291e-07], "loss": 0.018949751630425452, "l1": 0.018617093190550806, "kl": 3.32658551633358e-05, "memory_allocated_GiB": 0.27367639541625977}
{"step": 16300, "samples": 1043200, "pass": 465, "elapsed_train_s": 1648.4842406619973, "lr": [2.4188683265204127e-06, 2.4188683265204125e-07], "loss": 0.019140525348484518, "l1": 0.018816382586956025, "kl": 3.2414263114333155e-05, "memory_allocated_GiB": 0.27208948135375977}
{"step": 16350, "samples": 1046400, "pass": 467, "elapsed_train_s": 1654.3075865289975, "lr": [2.2797499060246253e-06, 2.2797499060246253e-07], "loss": 0.01898641187697649, "l1": 0.018666083998978136, "kl": 3.203278407454491e-05, "memory_allocated_GiB": 0.27306604385375977}
{"step": 16400, "samples": 1049600, "pass": 468, "elapsed_train_s": 1658.2670242509994, "lr": [2.1446581662042942e-06, 2.1446581662042943e-07], "loss": 0.019080916531383992, "l1": 0.01875804990530014, "kl": 3.2286681234836576e-05, "memory_allocated_GiB": 0.27367639541625977}
{"step": 16450, "samples": 1052800, "pass": 469, "elapsed_train_s": 1662.8362098069992, "lr": [2.013604506230554e-06, 2.0136045062305543e-07], "loss": 0.018787742890417576, "l1": 0.018468857556581498, "kl": 3.188852220773697e-05, "memory_allocated_GiB": 0.27208948135375977}
{"step": 16500, "samples": 1056000, "pass": 471, "elapsed_train_s": 1668.046552044998, "lr": [1.8865999845374793e-06, 1.8865999845374794e-07], "loss": 0.018933449015021322, "l1": 0.01861860226839781, "kl": 3.148467279970646e-05, "memory_allocated_GiB": 0.27306604385375977}
{"step": 16550, "samples": 1059200, "pass": 472, "elapsed_train_s": 1671.8665608569972, "lr": [1.7636553178889792e-06, 1.7636553178889792e-07], "loss": 0.018889924734830855, "l1": 0.018575693145394326, "kl": 3.142315894365311e-05, "memory_allocated_GiB": 0.27367639541625977}
{"step": 16600, "samples": 1062400, "pass": 474, "elapsed_train_s": 1677.3135598400004, "lr": [1.6447808804744668e-06, 1.6447808804744668e-07], "loss": 0.019012488797307013, "l1": 0.01869687370955944, "kl": 3.156150691211224e-05, "memory_allocated_GiB": 0.27208948135375977}
{"step": 16650, "samples": 1065600, "pass": 475, "elapsed_train_s": 1681.7070152220003, "lr": [1.5299867030334814e-06, 1.5299867030334815e-07], "loss": 0.018923082500696183, "l1": 0.01861131314188242, "kl": 3.117691725492477e-05, "memory_allocated_GiB": 0.27306604385375977}
{"step": 16700, "samples": 1068800, "pass": 477, "elapsed_train_s": 1686.5490445549985, "lr": [1.419282472009309e-06, 1.419282472009309e-07], "loss": 0.018916494250297546, "l1": 0.018598889485001564, "kl": 3.176047466695309e-05, "memory_allocated_GiB": 0.27367639541625977}
{"step": 16750, "samples": 1072000, "pass": 478, "elapsed_train_s": 1691.142485868997, "lr": [1.3126775287316151e-06, 1.312677528731615e-07], "loss": 0.018927396945655345, "l1": 0.018615361750125885, "kl": 3.120350651443005e-05, "memory_allocated_GiB": 0.27208948135375977}
{"step": 16800, "samples": 1075200, "pass": 479, "elapsed_train_s": 1695.1431136779975, "lr": [1.210180868628219e-06, 1.210180868628219e-07], "loss": 0.018927355669438838, "l1": 0.018616663850843908, "kl": 3.1069181859493255e-05, "memory_allocated_GiB": 0.27306604385375977}
{"step": 16850, "samples": 1078400, "pass": 481, "elapsed_train_s": 1700.2266105599992, "lr": [1.11180114046604e-06, 1.11180114046604e-07], "loss": 0.018913353122770787, "l1": 0.018602166958153248, "kl": 3.1118616461753846e-05, "memory_allocated_GiB": 0.27367639541625977}
{"step": 16900, "samples": 1081600, "pass": 482, "elapsed_train_s": 1704.548966803999, "lr": [1.0175466456213034e-06, 1.0175466456213034e-07], "loss": 0.01889409564435482, "l1": 0.01857821375131607, "kl": 3.1588179990649226e-05, "memory_allocated_GiB": 0.27208948135375977}
{"step": 16950, "samples": 1084800, "pass": 484, "elapsed_train_s": 1708.9601104829999, "lr": [9.274253373791064e-07, 9.274253373791064e-08], "loss": 0.019016199074685575, "l1": 0.018711486347019673, "kl": 3.0471263453364373e-05, "memory_allocated_GiB": 0.27306604385375977}
{"step": 17000, "samples": 1088000, "pass": 485, "elapsed_train_s": 1711.535996159997, "lr": [8.414448202622494e-07, 8.414448202622494e-08], "loss": 0.018972778841853142, "l1": 0.018662567287683486, "kl": 3.102117218077183e-05, "memory_allocated_GiB": 0.27367639541625977}
{"step": 17050, "samples": 1091200, "pass": 487, "elapsed_train_s": 1714.565596690998, "lr": [7.596123493895991e-07, 7.59612349389599e-08], "loss": 0.01893529646098614, "l1": 0.018628263473510744, "kl": 3.0703311786055565e-05, "memory_allocated_GiB": 0.27208948135375977}
{"step": 17100, "samples": 1094400, "pass": 488, "elapsed_train_s": 1717.2216116349991, "lr": [6.819348298638839e-07, 6.819348298638839e-08], "loss": 0.01886660635471344, "l1": 0.01855910789221525, "kl": 3.0749831348657606e-05, "memory_allocated_GiB": 0.27306604385375977}
{"step": 17150, "samples": 1097600, "pass": 489, "elapsed_train_s": 1719.6581004619984, "lr": [6.084188161890325e-07, 6.084188161890326e-08], "loss": 0.018826200179755687, "l1": 0.018521849624812604, "kl": 3.0435053631663322e-05, "memory_allocated_GiB": 0.27367639541625977}
{"step": 17200, "samples": 1100800, "pass": 491, "elapsed_train_s": 1722.908072659, "lr": [5.390705117171047e-07, 5.390705117171047e-08], "loss": 0.018922012560069562, "l1": 0.018614547438919545, "kl": 3.074651584029198e-05, "memory_allocated_GiB": 0.27208948135375977}
{"step": 17250, "samples": 1104000, "pass": 492, "elapsed_train_s": 1725.4910067469973, "lr": [4.738957681248379e-07, 4.73895768124838e-08], "loss": 0.018949855826795103, "l1": 0.018640476278960705, "kl": 3.093794919550419e-05, "memory_allocated_GiB": 0.27306604385375977}
{"step": 17300, "samples": 1107200, "pass": 494, "elapsed_train_s": 1728.591252017999, "lr": [4.129000849198872e-07, 4.129000849198872e-08], "loss": 0.018991460911929606, "l1": 0.01868187703192234, "kl": 3.0958401039242746e-05, "memory_allocated_GiB": 0.27367639541625977}
{"step": 17350, "samples": 1110400, "pass": 495, "elapsed_train_s": 1731.5606045269997, "lr": [3.5608860897675677e-07, 3.560886089767568e-08], "loss": 0.019074518829584122, "l1": 0.01876533146947622, "kl": 3.091874532401562e-05, "memory_allocated_GiB": 0.27208948135375977}
{"step": 17400, "samples": 1113600, "pass": 497, "elapsed_train_s": 1734.8671085019996, "lr": [3.034661341025258e-07, 3.034661341025258e-08], "loss": 0.01888201180845499, "l1": 0.01857495628297329, "kl": 3.0705546960234644e-05, "memory_allocated_GiB": 0.27306604385375977}
{"step": 17450, "samples": 1116800, "pass": 498, "elapsed_train_s": 1737.7610410579982, "lr": [2.55037100632316e-07, 2.55037100632316e-08], "loss": 0.018957416266202926, "l1": 0.018650159500539304, "kl": 3.072570078074932e-05, "memory_allocated_GiB": 0.27367639541625977}
{"step": 17500, "samples": 1120000, "pass": 499, "elapsed_train_s": 1740.5055856459985, "lr": [2.1080559505462505e-07, 2.1080559505462504e-08], "loss": 0.01890236970037222, "l1": 0.018597922809422015, "kl": 3.0444692820310594e-05, "memory_allocated_GiB": 0.27208948135375977}
{"step": 17550, "samples": 1123200, "pass": 501, "elapsed_train_s": 1743.8452442109992, "lr": [1.7077534966650766e-07, 1.7077534966650767e-08], "loss": 0.01895269189029932, "l1": 0.018648585453629494, "kl": 3.0410634353756903e-05, "memory_allocated_GiB": 0.27306604385375977}
{"step": 17600, "samples": 1126400, "pass": 502, "elapsed_train_s": 1746.630794927998, "lr": [1.3494974225863322e-07, 1.3494974225863322e-08], "loss": 0.018854010961949826, "l1": 0.018550579771399497, "kl": 3.034309484064579e-05, "memory_allocated_GiB": 0.27367639541625977}
{"step": 17650, "samples": 1129600, "pass": 504, "elapsed_train_s": 1749.8920175099993, "lr": [1.033317958302693e-07, 1.033317958302693e-08], "loss": 0.018847922198474407, "l1": 0.0185460264980793, "kl": 3.0189566314220428e-05, "memory_allocated_GiB": 0.27208948135375977}
{"step": 17700, "samples": 1132800, "pass": 505, "elapsed_train_s": 1752.846968447997, "lr": [7.59241783341913e-08, 7.59241783341913e-09], "loss": 0.018826053850352763, "l1": 0.018520597852766513, "kl": 3.0545592308044435e-05, "memory_allocated_GiB": 0.27306604385375977}
{"step": 17750, "samples": 1136000, "pass": 507, "elapsed_train_s": 1756.123415291997, "lr": [5.272920245156798e-08, 5.2729202451567985e-09], "loss": 0.018770384937524795, "l1": 0.01846857361495495, "kl": 3.0181128531694414e-05, "memory_allocated_GiB": 0.27367639541625977}
{"step": 17800, "samples": 1139200, "pass": 508, "elapsed_train_s": 1759.0834365230003, "lr": [3.374882539681767e-08, 3.3748825396817675e-09], "loss": 0.01902893986552954, "l1": 0.018726425655186178, "kl": 3.025142475962639e-05, "memory_allocated_GiB": 0.27208948135375977}
{"step": 17850, "samples": 1142400, "pass": 509, "elapsed_train_s": 1761.8575056439986, "lr": [1.8984648752429225e-08, 1.8984648752429222e-09], "loss": 0.018930634893476964, "l1": 0.018629382625222207, "kl": 3.0125239863991737e-05, "memory_allocated_GiB": 0.27306604385375977}
{"step": 17900, "samples": 1145600, "pass": 511, "elapsed_train_s": 1765.266770705999, "lr": [8.437918333864536e-09, 8.437918333864537e-10], "loss": 0.019053821489214896, "l1": 0.01874874297529459, "kl": 3.0507845804095268e-05, "memory_allocated_GiB": 0.27367639541625977}
{"step": 17950, "samples": 1148800, "pass": 512, "elapsed_train_s": 1768.1124498949976, "lr": [2.109524084381587e-09, 2.1095240843815868e-10], "loss": 0.018895310685038566, "l1": 0.018592366836965083, "kl": 3.02943866699934e-05, "memory_allocated_GiB": 0.27208948135375977}
{"step": 18000, "samples": 1152000, "pass": 514, "elapsed_train_s": 1771.5168673629996, "lr": [0.0, 0.0], "loss": 0.018771059066057205, "l1": 0.01846499662846327, "kl": 3.060625866055489e-05, "memory_allocated_GiB": 0.27306604385375977}
DEVELOPMENT {"step": 18000, "summary": {"success_once": {"mean": 1.0, "std": 0.0}, "return": {"mean": 407.5385437011719, "std": 9.46971321105957}, "episode_len": {"mean": 500.0, "std": 0.0}, "reward": {"mean": 0.8150770385742188, "std": 0.01893942479344212}, "last_reward": {"mean": 1.0, "std": 0.0}, "success_at_end": {"mean": 1.0, "std": 0.0}}, "stages": {"is_grasped": 20, "is_mug_above_table": 20, "is_mug_contact_rack": 20, "is_obj_placed": 20, "success": 20}}
TRAIN COMPLETE {"status": "complete", "condition": "A10", "seed": 2, "steps": 18000, "samples": 1152000, "batch_size": 64, "workers": 8, "wall_seconds": 1961.92027592659, "initialization_seconds": 59.67496037483215, "steady_steps": 17950, "steady_step_median_s": 0.05914199849939905, "steady_step_p95_s": 0.11213800249897757, "steady_mean_step_s": 0.08046850217409472, "samples_per_second": 795.3422553030142, "data_wait_mean_s": 0.01968599296424211, "gpu_update_ms_median": 57.31979179382324, "peak_allocated_GiB": 1.5646319389343262, "peak_reserved_GiB": 1.837890625}
