/home/zxc/miniconda3/envs/imitator/lib/python3.12/site-packages/torch/cuda/__init__.py:61: FutureWarning: The pynvml package is deprecated. Please install nvidia-ml-py instead. If you did not install pynvml directly, please report this to the maintainers of the package that installed pynvml for you.
  import pynvml  # type: ignore[import]
2026-10-08 11:37:17.239032: I tensorflow/core/util/port.cc:153] oneDNN custom operations are on. You may see slightly different numerical results due to floating-point round-off errors from different computation orders. To turn them off, set the environment variable `TF_ENABLE_ONEDNN_OPTS=0`.
2026-10-08 11:37:17.247402: E external/local_xla/xla/stream_executor/cuda/cuda_fft.cc:467] Unable to register cuFFT factory: Attempting to register factory for plugin cuFFT when one has already been registered
WARNING: All log messages before absl::InitializeLog() is called are written to STDERR
E0000 00:00:1791430637.256699 3387842 cuda_dnn.cc:8579] Unable to register cuDNN factory: Attempting to register factory for plugin cuDNN when one has already been registered
E0000 00:00:1791430637.259952 3387842 cuda_blas.cc:1407] Unable to register cuBLAS factory: Attempting to register factory for plugin cuBLAS when one has already been registered
W0000 00:00:1791430637.268479 3387842 computation_placer.cc:177] computation placer already registered. Please check linkage and avoid linking the same target more than once.
W0000 00:00:1791430637.268491 3387842 computation_placer.cc:177] computation placer already registered. Please check linkage and avoid linking the same target more than once.
W0000 00:00:1791430637.268494 3387842 computation_placer.cc:177] computation placer already registered. Please check linkage and avoid linking the same target more than once.
W0000 00:00:1791430637.268496 3387842 computation_placer.cc:177] computation placer already registered. Please check linkage and avoid linking the same target more than once.
2026-10-08 11:37:17.270743: I tensorflow/core/platform/cpu_feature_guard.cc:210] This TensorFlow binary is optimized to use available CPU instructions in performance-critical operations.
To enable the following instructions: AVX2 AVX512F AVX512_VNNI AVX512_BF16 FMA, in other operations, rebuild TensorFlow with the appropriate compiler flags.

================================================================================
🔄 INITIALIZING HUMAN-SIM PAIRED DATASET
================================================================================
   Input mode: video_only
   Include first frame: True

📖 Loading task mapping from: examples/baselines/lerobot_dataset/task_mapping.json
   ✓ 53 human task descriptions
   ✓ 200 sim task descriptions

✓ Mapping loaded:
  - 53 human tasks: ['human_H1', 'human_H10', 'human_H11', 'human_H12', 'human_H13', 'human_H14', 'human_H15', 'human_H16', 'human_H17', 'human_H18', 'human_H19', 'human_H2', 'human_H20', 'human_H21', 'human_H22', 'human_H23', 'human_H24', 'human_H25', 'human_H26', 'human_H27', 'human_H28', 'human_H29', 'human_H3', 'human_H30', 'human_H31', 'human_H32', 'human_H33', 'human_H34', 'human_H35', 'human_H36', 'human_H37', 'human_H38', 'human_H39', 'human_H4', 'human_H40', 'human_H41', 'human_H42', 'human_H43', 'human_H44', 'human_H45', 'human_H46', 'human_H47', 'human_H48', 'human_H49', 'human_H5', 'human_H50', 'human_H56', 'human_H57', 'human_H58', 'human_H6', 'human_H7', 'human_H8', 'human_H9']
  - 200 sim tasks: ['L0_TwoRobotCleanCup-v1', 'L0_TwoRobotCleanDesk-v1', 'L0_TwoRobotCutFruit-v1', 'L0_TwoRobotFoldBox-v1', 'L0_TwoRobotFoldTowel-v1', 'L0_TwoRobotGrindFood-v1', 'L0_TwoRobotKnifeBowlFork-v1', 'L0_TwoRobotLiftLidFromSkillet-v1', 'L0_TwoRobotOpenBox-v1', 'L0_TwoRobotOpenLiquidCap-v1', 'L0_TwoRobotPickAppleBananaToBaskets-v1', 'L0_TwoRobotPickAppleBasket-v1', 'L0_TwoRobotPickAppleToScale-v1', 'L0_TwoRobotPickFood-v1', 'L0_TwoRobotPickFruitsToPlate-v1', 'L0_TwoRobotPickPillToRegions-v1', 'L0_TwoRobotPickRemoteControl-v1', 'L0_TwoRobotPickTennisBallGolfBall-v1', 'L0_TwoRobotPickWash-v1', 'L0_TwoRobotPlaceBookBookcase-v1', 'L0_TwoRobotPlaceBrushRest-v1', 'L0_TwoRobotPlaceBurgerTray-v1', 'L0_TwoRobotPlaceChipsRack-v1', 'L0_TwoRobotPlaceClothBasket-v1', 'L0_TwoRobotPlaceCommodityRack-v1', 'L0_TwoRobotPlaceCupPlate-v1', 'L0_TwoRobotPlaceFileFolder-v1', 'L0_TwoRobotPlaceFoodScale-v1', 'L0_TwoRobotPlaceFruitBox-v1', 'L0_TwoRobotPlaceMagazineFolder-v1', 'L0_TwoRobotPlaceMugRack-v1', 'L0_TwoRobotPlacePillBox-v1', 'L0_TwoRobotPlacePlateRack-v1', 'L0_TwoRobotPlaceScrewdriver-v1', 'L0_TwoRobotPlaceShoeBox-v1', 'L0_TwoRobotPourCup-v1', 'L0_TwoRobotPourKetchupFries-v1', 'L0_TwoRobotPourKettle-v1', 'L0_TwoRobotPourLiquidCup-v1', 'L0_TwoRobotPourLiquidFilter-v1', 'L0_TwoRobotPourLiquidMug-v1', 'L0_TwoRobotPressJuicer-v1', 'L0_TwoRobotPressStapler-v1', 'L0_TwoRobotPutBox-v1', 'L0_TwoRobotPutCubeOnScale-v1', 'L0_TwoRobotScanMilkBox-v1', 'L0_TwoRobotScanPillBottle-v1', 'L0_TwoRobotStirSpoon-v1', 'L0_TwoRobotTransFood-v1', 'L0_TwoRobotWipePot-v1', 'L1_TwoRobotCleanCup-v1', 'L1_TwoRobotCleanDesk-v1', 'L1_TwoRobotCutFruit-v1', 'L1_TwoRobotFoldBox-v1', 'L1_TwoRobotFoldTowel-v1', 'L1_TwoRobotGrindFood-v1', 'L1_TwoRobotKnifeBowlFork-v1', 'L1_TwoRobotLiftLidFromSkillet-v1', 'L1_TwoRobotOpenBox-v1', 'L1_TwoRobotOpenLiquidCap-v1', 'L1_TwoRobotPickAppleBananaToBaskets-v1', 'L1_TwoRobotPickAppleBasket-v1', 'L1_TwoRobotPickAppleToScale-v1', 'L1_TwoRobotPickFood-v1', 'L1_TwoRobotPickFruitsToPlate-v1', 'L1_TwoRobotPickPillToRegions-v1', 'L1_TwoRobotPickRemoteControl-v1', 'L1_TwoRobotPickTennisBallGolfBall-v1', 'L1_TwoRobotPickWash-v1', 'L1_TwoRobotPlaceBookBookcase-v1', 'L1_TwoRobotPlaceBrushRest-v1', 'L1_TwoRobotPlaceBurgerTray-v1', 'L1_TwoRobotPlaceChipsRack-v1', 'L1_TwoRobotPlaceClothBasket-v1', 'L1_TwoRobotPlaceCommodityRack-v1', 'L1_TwoRobotPlaceCupPlate-v1', 'L1_TwoRobotPlaceFileFolder-v1', 'L1_TwoRobotPlaceFoodScale-v1', 'L1_TwoRobotPlaceFruitBox-v1', 'L1_TwoRobotPlaceMagazineFolder-v1', 'L1_TwoRobotPlaceMugRack-v1', 'L1_TwoRobotPlacePillBox-v1', 'L1_TwoRobotPlacePlateRack-v1', 'L1_TwoRobotPlaceScrewdriver-v1', 'L1_TwoRobotPlaceShoeBox-v1', 'L1_TwoRobotPourCup-v1', 'L1_TwoRobotPourKetchupFries-v1', 'L1_TwoRobotPourKettle-v1', 'L1_TwoRobotPourLiquidCup-v1', 'L1_TwoRobotPourLiquidFilter-v1', 'L1_TwoRobotPourLiquidMug-v1', 'L1_TwoRobotPressJuicer-v1', 'L1_TwoRobotPressStapler-v1', 'L1_TwoRobotPutBox-v1', 'L1_TwoRobotPutCubeOnScale-v1', 'L1_TwoRobotScanMilkBox-v1', 'L1_TwoRobotScanPillBottle-v1', 'L1_TwoRobotStirSpoon-v1', 'L1_TwoRobotTransFood-v1', 'L1_TwoRobotWipePot-v1', 'L2_TwoRobotCleanCup-v1', 'L2_TwoRobotCleanDesk-v1', 'L2_TwoRobotCutFruit-v1', 'L2_TwoRobotFoldBox-v1', 'L2_TwoRobotFoldTowel-v1', 'L2_TwoRobotGrindFood-v1', 'L2_TwoRobotKnifeBowlFork-v1', 'L2_TwoRobotLiftLidFromSkillet-v1', 'L2_TwoRobotOpenBox-v1', 'L2_TwoRobotOpenLiquidCap-v1', 'L2_TwoRobotPickAppleBananaToBaskets-v1', 'L2_TwoRobotPickAppleBasket-v1', 'L2_TwoRobotPickAppleToScale-v1', 'L2_TwoRobotPickFood-v1', 'L2_TwoRobotPickFruitsToPlate-v1', 'L2_TwoRobotPickPillToRegions-v1', 'L2_TwoRobotPickRemoteControl-v1', 'L2_TwoRobotPickTennisBallGolfBall-v1', 'L2_TwoRobotPickWash-v1', 'L2_TwoRobotPlaceBookBookcase-v1', 'L2_TwoRobotPlaceBrushRest-v1', 'L2_TwoRobotPlaceBurgerTray-v1', 'L2_TwoRobotPlaceChipsRack-v1', 'L2_TwoRobotPlaceClothBasket-v1', 'L2_TwoRobotPlaceCommodityRack-v1', 'L2_TwoRobotPlaceCupPlate-v1', 'L2_TwoRobotPlaceFileFolder-v1', 'L2_TwoRobotPlaceFoodScale-v1', 'L2_TwoRobotPlaceFruitBox-v1', 'L2_TwoRobotPlaceMagazineFolder-v1', 'L2_TwoRobotPlaceMugRack-v1', 'L2_TwoRobotPlacePillBox-v1', 'L2_TwoRobotPlacePlateRack-v1', 'L2_TwoRobotPlaceScrewdriver-v1', 'L2_TwoRobotPlaceShoeBox-v1', 'L2_TwoRobotPourCup-v1', 'L2_TwoRobotPourKetchupFries-v1', 'L2_TwoRobotPourKettle-v1', 'L2_TwoRobotPourLiquidCup-v1', 'L2_TwoRobotPourLiquidFilter-v1', 'L2_TwoRobotPourLiquidMug-v1', 'L2_TwoRobotPressJuicer-v1', 'L2_TwoRobotPressStapler-v1', 'L2_TwoRobotPutBox-v1', 'L2_TwoRobotPutCubeOnScale-v1', 'L2_TwoRobotScanMilkBox-v1', 'L2_TwoRobotScanPillBottle-v1', 'L2_TwoRobotStirSpoon-v1', 'L2_TwoRobotTransFood-v1', 'L2_TwoRobotWipePot-v1', 'L3_TwoRobotCleanCup-v1', 'L3_TwoRobotCleanDesk-v1', 'L3_TwoRobotCutFruit-v1', 'L3_TwoRobotFoldBox-v1', 'L3_TwoRobotFoldTowel-v1', 'L3_TwoRobotGrindFood-v1', 'L3_TwoRobotKnifeBowlFork-v1', 'L3_TwoRobotLiftLidFromSkillet-v1', 'L3_TwoRobotOpenBox-v1', 'L3_TwoRobotOpenLiquidCap-v1', 'L3_TwoRobotPickAppleBananaToBaskets-v1', 'L3_TwoRobotPickAppleBasket-v1', 'L3_TwoRobotPickAppleToScale-v1', 'L3_TwoRobotPickFood-v1', 'L3_TwoRobotPickFruitsToPlate-v1', 'L3_TwoRobotPickPillToRegions-v1', 'L3_TwoRobotPickRemoteControl-v1', 'L3_TwoRobotPickTennisBallGolfBall-v1', 'L3_TwoRobotPickWash-v1', 'L3_TwoRobotPlaceBookBookcase-v1', 'L3_TwoRobotPlaceBrushRest-v1', 'L3_TwoRobotPlaceBurgerTray-v1', 'L3_TwoRobotPlaceChipsRack-v1', 'L3_TwoRobotPlaceClothBasket-v1', 'L3_TwoRobotPlaceCommodityRack-v1', 'L3_TwoRobotPlaceCupPlate-v1', 'L3_TwoRobotPlaceFileFolder-v1', 'L3_TwoRobotPlaceFoodScale-v1', 'L3_TwoRobotPlaceFruitBox-v1', 'L3_TwoRobotPlaceMagazineFolder-v1', 'L3_TwoRobotPlaceMugRack-v1', 'L3_TwoRobotPlacePillBox-v1', 'L3_TwoRobotPlacePlateRack-v1', 'L3_TwoRobotPlaceScrewdriver-v1', 'L3_TwoRobotPlaceShoeBox-v1', 'L3_TwoRobotPourCup-v1', 'L3_TwoRobotPourKetchupFries-v1', 'L3_TwoRobotPourKettle-v1', 'L3_TwoRobotPourLiquidCup-v1', 'L3_TwoRobotPourLiquidFilter-v1', 'L3_TwoRobotPourLiquidMug-v1', 'L3_TwoRobotPressJuicer-v1', 'L3_TwoRobotPressStapler-v1', 'L3_TwoRobotPutBox-v1', 'L3_TwoRobotPutCubeOnScale-v1', 'L3_TwoRobotScanMilkBox-v1', 'L3_TwoRobotScanPillBottle-v1', 'L3_TwoRobotStirSpoon-v1', 'L3_TwoRobotTransFood-v1', 'L3_TwoRobotWipePot-v1']

✓ Filtered human configs: 1 loaded, 0 skipped

✓ Filtered sim configs: 2 loaded, 0 skipped

================================================================================
🎥 LOADING HUMAN VIDEO DATASET
================================================================================
Loading datasets from config: /var/tmp/imitator-game-zxc/tmp/tmpwz9gcpl8.json
Loading datasets:   0%|          | 0/1 [00:00<?, ?it/s][94mLoading episodes [0] from /var/tmp/imitator-game-zxc/data/imitator_human_v1/human_H57 with split train[0m
Loading datasets: 100%|██████████| 1/1 [00:00<00:00,  8.36it/s]Loading datasets: 100%|██████████| 1/1 [00:00<00:00,  8.35it/s]
✓ Loaded 1 unique tasks
✓ HumanVideoDataset initialized
  - Tasks: 1
  - Cameras: ['zed2i']
  - Frames per sample: 10
  - Sampling strategy: uniform_jitter

================================================================================
🤖 LOADING SIM TRAJECTORY DATASET
================================================================================
  0%|          | 0/2 [00:00<?, ?it/s][94mloading episodes [0, 1, 2, 3, 4, 5, 6, 7, 8, 9, 10, 11, 12, 13, 14, 15, 16, 17, 18, 19, 20, 21, 22, 23, 24, 25, 26, 27, 28, 29, 30, 31, 32, 33, 34, 35, 36, 37, 38, 39, 40, 41, 42, 43, 44, 45, 46, 47, 48, 49] from /home/zxc/Imitator/experiments/act_placemugrack_levels/prepared/B01/sim/L0_TwoRobotPlaceMugRack-v1 with split train[0m
 50%|█████     | 1/2 [00:00<00:00,  2.90it/s][94mloading episodes [0, 1, 2, 3, 4, 5, 6, 7, 8, 9, 10, 11, 12, 13, 14, 15, 16, 17, 18, 19, 20, 21, 22, 23, 24, 25, 26, 27, 28, 29, 30, 31, 32, 33, 34, 35, 36, 37, 38, 39, 40, 41, 42, 43, 44, 45, 46, 47, 48, 49] from /home/zxc/Imitator/experiments/act_placemugrack_levels/prepared/B01/sim/L1_TwoRobotPlaceMugRack-v1 with split train[0m
100%|██████████| 2/2 [00:00<00:00,  2.86it/s]100%|██████████| 2/2 [00:00<00:00,  2.87it/s]
/home/zxc/miniconda3/envs/imitator/lib/python3.12/site-packages/albumentations/core/validation.py:114: UserWarning: ShiftScaleRotate is a special case of Affine transform. Please use Affine transform instead.
  original_init(self, **validated_kwargs)

================================================================================
🔗 VALIDATING HUMAN-SIM TASK PAIRINGS
================================================================================

🔑 Indexing human videos...
   ✓ human_H57 - 1 episodes

🔑 Indexing sim trajectories (O(sub-datasets))...
   L0_TwoRobotPlaceMugRack-v1: 11228 samples
   L1_TwoRobotPlaceMugRack-v1: 12079 samples

🔍 Validating pairings...

✅ Successfully paired: 2 task pair(s)


================================================================================
✅ HUMAN-SIM PAIRED DATASET READY
================================================================================
📊 Summary:
   - Total sim samples: 23307
   - Valid paired samples: 23307
   - Skipped samples: 0
   - Valid paired tasks: 2
   - Input mode: video_only
   - Include first frame: True
================================================================================

\n   Building FrozenVideoBackbone (dinov2_vitl14) [Frozen] ...

============================================================
[FrozenBB] Setting up frozen backbone cache (dinov2_vitl14)
  Backbone: 0 frozen tensors | Adapter: 525.8K trainable params
  [RawFeatCache] Loaded 1 entries ← /home/zxc/Imitator/experiments/act_placemugrack_levels/runs/B01_s3/te_cache/backbone_dinov2_vitl14/raw_features.pt
  [RawFeatCache] Cache ready: 1 entries loaded from disk.
  [Done] CachedFrozenBackbone ready.
  Expected per-step cost: ~0.15 ms  (dict lookup + adapter)
============================================================

   FrozenVideoBackbone: backbone frozen, cache active, adapter trainable.
  [SkipVideo] skip_human_video=True activated on dataset (1 cache entries cover all tasks).
  Video decode cost (~50-100 ms/sample) eliminated for training.
/home/zxc/miniconda3/envs/imitator/lib/python3.12/site-packages/torchvision/models/_utils.py:208: UserWarning: The parameter 'pretrained' is deprecated since 0.13 and may be removed in the future, please use 'weights' instead.
  warnings.warn(
/home/zxc/miniconda3/envs/imitator/lib/python3.12/site-packages/torchvision/models/_utils.py:223: UserWarning: Arguments other than a weight enum or `None` for 'weights' are deprecated since 0.13 and may be removed in the future. The current behavior is equivalent to passing `weights=ResNet18_Weights.IMAGENET1K_V1`. You can also use `weights=ResNet18_Weights.DEFAULT` to get the most up-to-date weights.
  warnings.warn(msg)

   ACTAgent ready
   Task encoder:  frozen_backbone (dinov2_vitl14)
   Input mode:    video_only
   Total params:  17.21M  |  Trainable: 17.21M
/home/zxc/miniconda3/envs/imitator/lib/python3.12/site-packages/torch/cuda/__init__.py:61: FutureWarning: The pynvml package is deprecated. Please install nvidia-ml-py instead. If you did not install pynvml directly, please report this to the maintainers of the package that installed pynvml for you.
  import pynvml  # type: ignore[import]
2026-10-08 11:37:24.224862: E external/local_xla/xla/stream_executor/cuda/cuda_fft.cc:467] Unable to register cuFFT factory: Attempting to register factory for plugin cuFFT when one has already been registered
WARNING: All log messages before absl::InitializeLog() is called are written to STDERR
E0000 00:00:1791430644.234399 3388382 cuda_dnn.cc:8579] Unable to register cuDNN factory: Attempting to register factory for plugin cuDNN when one has already been registered
E0000 00:00:1791430644.237656 3388382 cuda_blas.cc:1407] Unable to register cuBLAS factory: Attempting to register factory for plugin cuBLAS when one has already been registered
W0000 00:00:1791430644.246335 3388382 computation_placer.cc:177] computation placer already registered. Please check linkage and avoid linking the same target more than once.
W0000 00:00:1791430644.246354 3388382 computation_placer.cc:177] computation placer already registered. Please check linkage and avoid linking the same target more than once.
W0000 00:00:1791430644.246357 3388382 computation_placer.cc:177] computation placer already registered. Please check linkage and avoid linking the same target more than once.
W0000 00:00:1791430644.246359 3388382 computation_placer.cc:177] computation placer already registered. Please check linkage and avoid linking the same target more than once.
/home/zxc/miniconda3/envs/imitator/lib/python3.12/site-packages/torch/cuda/__init__.py:61: FutureWarning: The pynvml package is deprecated. Please install nvidia-ml-py instead. If you did not install pynvml directly, please report this to the maintainers of the package that installed pynvml for you.
  import pynvml  # type: ignore[import]
2026-10-08 11:37:29.596517: E external/local_xla/xla/stream_executor/cuda/cuda_fft.cc:467] Unable to register cuFFT factory: Attempting to register factory for plugin cuFFT when one has already been registered
WARNING: All log messages before absl::InitializeLog() is called are written to STDERR
E0000 00:00:1791430649.606826 3388491 cuda_dnn.cc:8579] Unable to register cuDNN factory: Attempting to register factory for plugin cuDNN when one has already been registered
E0000 00:00:1791430649.611054 3388491 cuda_blas.cc:1407] Unable to register cuBLAS factory: Attempting to register factory for plugin cuBLAS when one has already been registered
W0000 00:00:1791430649.628648 3388491 computation_placer.cc:177] computation placer already registered. Please check linkage and avoid linking the same target more than once.
W0000 00:00:1791430649.628795 3388491 computation_placer.cc:177] computation placer already registered. Please check linkage and avoid linking the same target more than once.
W0000 00:00:1791430649.628801 3388491 computation_placer.cc:177] computation placer already registered. Please check linkage and avoid linking the same target more than once.
W0000 00:00:1791430649.628804 3388491 computation_placer.cc:177] computation placer already registered. Please check linkage and avoid linking the same target more than once.
/home/zxc/miniconda3/envs/imitator/lib/python3.12/site-packages/torch/cuda/__init__.py:61: FutureWarning: The pynvml package is deprecated. Please install nvidia-ml-py instead. If you did not install pynvml directly, please report this to the maintainers of the package that installed pynvml for you.
  import pynvml  # type: ignore[import]
2026-10-08 11:37:34.925558: E external/local_xla/xla/stream_executor/cuda/cuda_fft.cc:467] Unable to register cuFFT factory: Attempting to register factory for plugin cuFFT when one has already been registered
WARNING: All log messages before absl::InitializeLog() is called are written to STDERR
E0000 00:00:1791430654.935611 3388798 cuda_dnn.cc:8579] Unable to register cuDNN factory: Attempting to register factory for plugin cuDNN when one has already been registered
E0000 00:00:1791430654.938820 3388798 cuda_blas.cc:1407] Unable to register cuBLAS factory: Attempting to register factory for plugin cuBLAS when one has already been registered
W0000 00:00:1791430654.947577 3388798 computation_placer.cc:177] computation placer already registered. Please check linkage and avoid linking the same target more than once.
W0000 00:00:1791430654.947599 3388798 computation_placer.cc:177] computation placer already registered. Please check linkage and avoid linking the same target more than once.
W0000 00:00:1791430654.947602 3388798 computation_placer.cc:177] computation placer already registered. Please check linkage and avoid linking the same target more than once.
W0000 00:00:1791430654.947605 3388798 computation_placer.cc:177] computation placer already registered. Please check linkage and avoid linking the same target more than once.
/home/zxc/miniconda3/envs/imitator/lib/python3.12/site-packages/torch/cuda/__init__.py:61: FutureWarning: The pynvml package is deprecated. Please install nvidia-ml-py instead. If you did not install pynvml directly, please report this to the maintainers of the package that installed pynvml for you.
  import pynvml  # type: ignore[import]
2026-10-08 11:37:40.117999: E external/local_xla/xla/stream_executor/cuda/cuda_fft.cc:467] Unable to register cuFFT factory: Attempting to register factory for plugin cuFFT when one has already been registered
WARNING: All log messages before absl::InitializeLog() is called are written to STDERR
E0000 00:00:1791430660.127430 3389116 cuda_dnn.cc:8579] Unable to register cuDNN factory: Attempting to register factory for plugin cuDNN when one has already been registered
E0000 00:00:1791430660.130657 3389116 cuda_blas.cc:1407] Unable to register cuBLAS factory: Attempting to register factory for plugin cuBLAS when one has already been registered
W0000 00:00:1791430660.139555 3389116 computation_placer.cc:177] computation placer already registered. Please check linkage and avoid linking the same target more than once.
W0000 00:00:1791430660.139588 3389116 computation_placer.cc:177] computation placer already registered. Please check linkage and avoid linking the same target more than once.
W0000 00:00:1791430660.139592 3389116 computation_placer.cc:177] computation placer already registered. Please check linkage and avoid linking the same target more than once.
W0000 00:00:1791430660.139594 3389116 computation_placer.cc:177] computation placer already registered. Please check linkage and avoid linking the same target more than once.
/home/zxc/miniconda3/envs/imitator/lib/python3.12/site-packages/torch/cuda/__init__.py:61: FutureWarning: The pynvml package is deprecated. Please install nvidia-ml-py instead. If you did not install pynvml directly, please report this to the maintainers of the package that installed pynvml for you.
  import pynvml  # type: ignore[import]
2026-10-08 11:37:45.191590: E external/local_xla/xla/stream_executor/cuda/cuda_fft.cc:467] Unable to register cuFFT factory: Attempting to register factory for plugin cuFFT when one has already been registered
WARNING: All log messages before absl::InitializeLog() is called are written to STDERR
E0000 00:00:1791430665.201067 3389305 cuda_dnn.cc:8579] Unable to register cuDNN factory: Attempting to register factory for plugin cuDNN when one has already been registered
E0000 00:00:1791430665.204283 3389305 cuda_blas.cc:1407] Unable to register cuBLAS factory: Attempting to register factory for plugin cuBLAS when one has already been registered
W0000 00:00:1791430665.213009 3389305 computation_placer.cc:177] computation placer already registered. Please check linkage and avoid linking the same target more than once.
W0000 00:00:1791430665.213030 3389305 computation_placer.cc:177] computation placer already registered. Please check linkage and avoid linking the same target more than once.
W0000 00:00:1791430665.213033 3389305 computation_placer.cc:177] computation placer already registered. Please check linkage and avoid linking the same target more than once.
W0000 00:00:1791430665.213036 3389305 computation_placer.cc:177] computation placer already registered. Please check linkage and avoid linking the same target more than once.
/home/zxc/miniconda3/envs/imitator/lib/python3.12/site-packages/torch/cuda/__init__.py:61: FutureWarning: The pynvml package is deprecated. Please install nvidia-ml-py instead. If you did not install pynvml directly, please report this to the maintainers of the package that installed pynvml for you.
  import pynvml  # type: ignore[import]
2026-10-08 11:37:50.100878: E external/local_xla/xla/stream_executor/cuda/cuda_fft.cc:467] Unable to register cuFFT factory: Attempting to register factory for plugin cuFFT when one has already been registered
WARNING: All log messages before absl::InitializeLog() is called are written to STDERR
E0000 00:00:1791430670.111088 3389520 cuda_dnn.cc:8579] Unable to register cuDNN factory: Attempting to register factory for plugin cuDNN when one has already been registered
E0000 00:00:1791430670.114276 3389520 cuda_blas.cc:1407] Unable to register cuBLAS factory: Attempting to register factory for plugin cuBLAS when one has already been registered
W0000 00:00:1791430670.123588 3389520 computation_placer.cc:177] computation placer already registered. Please check linkage and avoid linking the same target more than once.
W0000 00:00:1791430670.123649 3389520 computation_placer.cc:177] computation placer already registered. Please check linkage and avoid linking the same target more than once.
W0000 00:00:1791430670.123655 3389520 computation_placer.cc:177] computation placer already registered. Please check linkage and avoid linking the same target more than once.
W0000 00:00:1791430670.123659 3389520 computation_placer.cc:177] computation placer already registered. Please check linkage and avoid linking the same target more than once.
/home/zxc/miniconda3/envs/imitator/lib/python3.12/site-packages/torch/cuda/__init__.py:61: FutureWarning: The pynvml package is deprecated. Please install nvidia-ml-py instead. If you did not install pynvml directly, please report this to the maintainers of the package that installed pynvml for you.
  import pynvml  # type: ignore[import]
2026-10-08 11:37:55.170031: E external/local_xla/xla/stream_executor/cuda/cuda_fft.cc:467] Unable to register cuFFT factory: Attempting to register factory for plugin cuFFT when one has already been registered
WARNING: All log messages before absl::InitializeLog() is called are written to STDERR
E0000 00:00:1791430675.179762 3389814 cuda_dnn.cc:8579] Unable to register cuDNN factory: Attempting to register factory for plugin cuDNN when one has already been registered
E0000 00:00:1791430675.183073 3389814 cuda_blas.cc:1407] Unable to register cuBLAS factory: Attempting to register factory for plugin cuBLAS when one has already been registered
W0000 00:00:1791430675.191928 3389814 computation_placer.cc:177] computation placer already registered. Please check linkage and avoid linking the same target more than once.
W0000 00:00:1791430675.191948 3389814 computation_placer.cc:177] computation placer already registered. Please check linkage and avoid linking the same target more than once.
W0000 00:00:1791430675.191951 3389814 computation_placer.cc:177] computation placer already registered. Please check linkage and avoid linking the same target more than once.
W0000 00:00:1791430675.191954 3389814 computation_placer.cc:177] computation placer already registered. Please check linkage and avoid linking the same target more than once.
/home/zxc/miniconda3/envs/imitator/lib/python3.12/site-packages/torch/cuda/__init__.py:61: FutureWarning: The pynvml package is deprecated. Please install nvidia-ml-py instead. If you did not install pynvml directly, please report this to the maintainers of the package that installed pynvml for you.
  import pynvml  # type: ignore[import]
2026-10-08 11:38:00.188447: E external/local_xla/xla/stream_executor/cuda/cuda_fft.cc:467] Unable to register cuFFT factory: Attempting to register factory for plugin cuFFT when one has already been registered
WARNING: All log messages before absl::InitializeLog() is called are written to STDERR
E0000 00:00:1791430680.198458 3390026 cuda_dnn.cc:8579] Unable to register cuDNN factory: Attempting to register factory for plugin cuDNN when one has already been registered
E0000 00:00:1791430680.201891 3390026 cuda_blas.cc:1407] Unable to register cuBLAS factory: Attempting to register factory for plugin cuBLAS when one has already been registered
W0000 00:00:1791430680.211042 3390026 computation_placer.cc:177] computation placer already registered. Please check linkage and avoid linking the same target more than once.
W0000 00:00:1791430680.211072 3390026 computation_placer.cc:177] computation placer already registered. Please check linkage and avoid linking the same target more than once.
W0000 00:00:1791430680.211076 3390026 computation_placer.cc:177] computation placer already registered. Please check linkage and avoid linking the same target more than once.
W0000 00:00:1791430680.211078 3390026 computation_placer.cc:177] computation placer already registered. Please check linkage and avoid linking the same target more than once.
{"step": 1, "samples": 64, "level_sample_counts": {"L0": 32, "L1": 32}, "elapsed_train_s": 1.7779581359936856, "lr": [1.1111111111111112e-07, 1.1111111111111112e-08], "loss": 98.0440673828125, "l1": 0.7466642260551453, "kl": 9.729740142822266, "memory_allocated_GiB": 0.2731194496154785}
{"step": 50, "samples": 3200, "level_sample_counts": {"L0": 1600, "L1": 1600}, "elapsed_train_s": 3.9294338610197883, "lr": [5.555555555555556e-06, 5.555555555555555e-07], "loss": 90.38362215003188, "l1": 0.6277159847775284, "kl": 8.975590559901024, "memory_allocated_GiB": 0.27367639541625977}
{"step": 100, "samples": 6400, "level_sample_counts": {"L0": 3200, "L1": 3200}, "elapsed_train_s": 5.982705522008473, "lr": [1.1111111111111112e-05, 1.111111111111111e-06], "loss": 47.20636375427246, "l1": 0.46788059651851654, "kl": 4.673848295211792, "memory_allocated_GiB": 0.27208948135375977}
{"step": 150, "samples": 9600, "level_sample_counts": {"L0": 4800, "L1": 4800}, "elapsed_train_s": 8.082393952994607, "lr": [1.6666666666666667e-05, 1.6666666666666667e-06], "loss": 8.756931619644165, "l1": 0.38738078832626344, "kl": 0.836955081820488, "memory_allocated_GiB": 0.27306604385375977}
{"step": 200, "samples": 12800, "level_sample_counts": {"L0": 6400, "L1": 6400}, "elapsed_train_s": 10.185976769018453, "lr": [2.2222222222222223e-05, 2.222222222222222e-06], "loss": 3.142967076301575, "l1": 0.3124415498971939, "kl": 0.2830525520443916, "memory_allocated_GiB": 0.27367639541625977}
{"step": 250, "samples": 16000, "level_sample_counts": {"L0": 8000, "L1": 8000}, "elapsed_train_s": 12.315352511999663, "lr": [2.777777777777778e-05, 2.7777777777777783e-06], "loss": 2.187583372592926, "l1": 0.26758439481258395, "kl": 0.19199989825487138, "memory_allocated_GiB": 0.27208948135375977}
{"step": 300, "samples": 19200, "level_sample_counts": {"L0": 9600, "L1": 9600}, "elapsed_train_s": 14.395212469011312, "lr": [3.3333333333333335e-05, 3.3333333333333333e-06], "loss": 1.5931886672973632, "l1": 0.22782772570848464, "kl": 0.13653609454631804, "memory_allocated_GiB": 0.27306604385375977}
{"step": 350, "samples": 22400, "level_sample_counts": {"L0": 11200, "L1": 11200}, "elapsed_train_s": 16.52983890500036, "lr": [3.888888888888889e-05, 3.88888888888889e-06], "loss": 1.1378771805763244, "l1": 0.19710069239139558, "kl": 0.09407764956355096, "memory_allocated_GiB": 0.27367639541625977}
{"step": 400, "samples": 25600, "level_sample_counts": {"L0": 12800, "L1": 12800}, "elapsed_train_s": 18.651100857998244, "lr": [4.4444444444444447e-05, 4.444444444444444e-06], "loss": 0.8058685636520386, "l1": 0.1784127789735794, "kl": 0.06274557754397392, "memory_allocated_GiB": 0.27208948135375977}
{"step": 450, "samples": 28800, "level_sample_counts": {"L0": 14400, "L1": 14400}, "elapsed_train_s": 20.733804281015182, "lr": [5e-05, 5e-06], "loss": 0.5556758624315262, "l1": 0.1640592485666275, "kl": 0.03916166201233864, "memory_allocated_GiB": 0.27306604385375977}
{"step": 500, "samples": 32000, "level_sample_counts": {"L0": 16000, "L1": 16000}, "elapsed_train_s": 22.86166719600442, "lr": [5.555555555555556e-05, 5.555555555555557e-06], "loss": 0.39391383826732634, "l1": 0.15303680300712585, "kl": 0.024087703414261342, "memory_allocated_GiB": 0.27367639541625977}
{"step": 550, "samples": 35200, "level_sample_counts": {"L0": 17600, "L1": 17600}, "elapsed_train_s": 24.981615230994066, "lr": [6.111111111111112e-05, 6.111111111111112e-06], "loss": 0.2933019667863846, "l1": 0.14260093122720718, "kl": 0.015070103462785483, "memory_allocated_GiB": 0.27208948135375977}
{"step": 600, "samples": 38400, "level_sample_counts": {"L0": 19200, "L1": 19200}, "elapsed_train_s": 27.056368824996753, "lr": [6.666666666666667e-05, 6.666666666666667e-06], "loss": 0.22822676479816437, "l1": 0.1335413262248039, "kl": 0.0094685438554734, "memory_allocated_GiB": 0.27306604385375977}
{"step": 650, "samples": 41600, "level_sample_counts": {"L0": 20800, "L1": 20800}, "elapsed_train_s": 29.15348609900684, "lr": [7.222222222222222e-05, 7.222222222222223e-06], "loss": 0.18938846200704573, "l1": 0.12467081561684608, "kl": 0.006471764547750353, "memory_allocated_GiB": 0.27367639541625977}
{"step": 700, "samples": 44800, "level_sample_counts": {"L0": 22400, "L1": 22400}, "elapsed_train_s": 31.28438851001556, "lr": [7.777777777777778e-05, 7.77777777777778e-06], "loss": 0.16286576062440872, "l1": 0.1162987732887268, "kl": 0.00465669889934361, "memory_allocated_GiB": 0.27208948135375977}
{"step": 750, "samples": 48000, "level_sample_counts": {"L0": 24000, "L1": 24000}, "elapsed_train_s": 33.42639436700847, "lr": [8.333333333333334e-05, 8.333333333333334e-06], "loss": 0.14562274694442748, "l1": 0.10927288323640823, "kl": 0.0036349862813949583, "memory_allocated_GiB": 0.27306604385375977}
{"step": 800, "samples": 51200, "level_sample_counts": {"L0": 25600, "L1": 25600}, "elapsed_train_s": 35.55485250099446, "lr": [8.888888888888889e-05, 8.888888888888888e-06], "loss": 0.1330827382206917, "l1": 0.10368194118142128, "kl": 0.0029400796722620724, "memory_allocated_GiB": 0.27367639541625977}
{"step": 850, "samples": 54400, "level_sample_counts": {"L0": 27200, "L1": 27200}, "elapsed_train_s": 37.68303768601618, "lr": [9.444444444444444e-05, 9.444444444444445e-06], "loss": 0.12260069966316223, "l1": 0.09850724294781685, "kl": 0.0024093456752598288, "memory_allocated_GiB": 0.27208948135375977}
{"step": 900, "samples": 57600, "level_sample_counts": {"L0": 28800, "L1": 28800}, "elapsed_train_s": 39.79293823399348, "lr": [0.0001, 1e-05], "loss": 0.1147742074728012, "l1": 0.09466873198747634, "kl": 0.002010547500103712, "memory_allocated_GiB": 0.27306604385375977}
{"step": 950, "samples": 60800, "level_sample_counts": {"L0": 30400, "L1": 30400}, "elapsed_train_s": 41.898890757001936, "lr": [9.999789047591562e-05, 9.999789047591563e-06], "loss": 0.10757696777582168, "l1": 0.08971827179193496, "kl": 0.001785869561135769, "memory_allocated_GiB": 0.27367639541625977}
{"step": 1000, "samples": 64000, "level_sample_counts": {"L0": 32000, "L1": 32000}, "elapsed_train_s": 44.04503228800604, "lr": [9.999156208166614e-05, 9.999156208166614e-06], "loss": 0.10222977474331855, "l1": 0.08665089294314385, "kl": 0.0015578881744295358, "memory_allocated_GiB": 0.27208948135375977}
{"step": 1050, "samples": 67200, "level_sample_counts": {"L0": 33600, "L1": 33600}, "elapsed_train_s": 46.14477222901769, "lr": [9.998101535124758e-05, 9.998101535124758e-06], "loss": 0.09712016463279724, "l1": 0.08361538529396056, "kl": 0.001350477933883667, "memory_allocated_GiB": 0.27306604385375977}
{"step": 1100, "samples": 70400, "level_sample_counts": {"L0": 35200, "L1": 35200}, "elapsed_train_s": 48.27973229502095, "lr": [9.996625117460318e-05, 9.996625117460319e-06], "loss": 0.09241348937153816, "l1": 0.08029964849352837, "kl": 0.0012113841343671084, "memory_allocated_GiB": 0.27367639541625977}
{"step": 1150, "samples": 73600, "level_sample_counts": {"L0": 36800, "L1": 36800}, "elapsed_train_s": 50.43642355300835, "lr": [9.994727079754844e-05, 9.994727079754845e-06], "loss": 0.089959374666214, "l1": 0.07861871257424355, "kl": 0.0011340661626309157, "memory_allocated_GiB": 0.27208948135375977}
{"step": 1200, "samples": 76800, "level_sample_counts": {"L0": 38400, "L1": 38400}, "elapsed_train_s": 52.57104512900696, "lr": [9.992407582166581e-05, 9.992407582166582e-06], "loss": 0.08566966906189918, "l1": 0.07562022343277931, "kl": 0.0010049445740878582, "memory_allocated_GiB": 0.27306604385375977}
{"step": 1250, "samples": 80000, "level_sample_counts": {"L0": 40000, "L1": 40000}, "elapsed_train_s": 54.66153641202254, "lr": [9.989666820416974e-05, 9.989666820416974e-06], "loss": 0.08191060781478882, "l1": 0.0729355363547802, "kl": 0.0008975071180611849, "memory_allocated_GiB": 0.27367639541625977}
{"step": 1300, "samples": 83200, "level_sample_counts": {"L0": 41600, "L1": 41600}, "elapsed_train_s": 56.79694683701382, "lr": [9.986505025774138e-05, 9.986505025774137e-06], "loss": 0.08027899354696273, "l1": 0.07211138844490052, "kl": 0.000816760454326868, "memory_allocated_GiB": 0.27208948135375977}
{"step": 1350, "samples": 86400, "level_sample_counts": {"L0": 43200, "L1": 43200}, "elapsed_train_s": 58.93343337101396, "lr": [9.98292246503335e-05, 9.98292246503335e-06], "loss": 0.07787418514490127, "l1": 0.0702100482583046, "kl": 0.0007664136588573456, "memory_allocated_GiB": 0.27306604385375977}
{"step": 1400, "samples": 89600, "level_sample_counts": {"L0": 44800, "L1": 44800}, "elapsed_train_s": 61.05012858999544, "lr": [9.978919440494539e-05, 9.978919440494538e-06], "loss": 0.07505916893482208, "l1": 0.06835243292152882, "kl": 0.000670673567801714, "memory_allocated_GiB": 0.27367639541625977}
{"step": 1450, "samples": 92800, "level_sample_counts": {"L0": 46400, "L1": 46400}, "elapsed_train_s": 63.180520002002595, "lr": [9.974496289936769e-05, 9.974496289936769e-06], "loss": 0.07323481574654579, "l1": 0.06659637443721295, "kl": 0.0006638441607356071, "memory_allocated_GiB": 0.27208948135375977}
{"step": 1500, "samples": 96000, "level_sample_counts": {"L0": 48000, "L1": 48000}, "elapsed_train_s": 65.30079197700252, "lr": [9.969653386589748e-05, 9.969653386589749e-06], "loss": 0.07125638619065285, "l1": 0.06474079370498657, "kl": 0.0006515592243522406, "memory_allocated_GiB": 0.27306604385375977}
{"step": 1550, "samples": 99200, "level_sample_counts": {"L0": 49600, "L1": 49600}, "elapsed_train_s": 67.45933473200421, "lr": [9.964391139102325e-05, 9.964391139102325e-06], "loss": 0.07035924822092056, "l1": 0.06420334734022617, "kl": 0.0006155901402235031, "memory_allocated_GiB": 0.27367639541625977}
{"step": 1600, "samples": 102400, "level_sample_counts": {"L0": 51200, "L1": 51200}, "elapsed_train_s": 69.60301335601253, "lr": [9.958709991508012e-05, 9.958709991508013e-06], "loss": 0.06764578714966774, "l1": 0.06211722828447819, "kl": 0.000552855832502246, "memory_allocated_GiB": 0.27208948135375977}
{"step": 1650, "samples": 105600, "level_sample_counts": {"L0": 52800, "L1": 52800}, "elapsed_train_s": 71.71852754801512, "lr": [9.952610423187516e-05, 9.952610423187516e-06], "loss": 0.06773137181997299, "l1": 0.06268874064087868, "kl": 0.00050426309928298, "memory_allocated_GiB": 0.27306604385375977}
{"step": 1700, "samples": 108800, "level_sample_counts": {"L0": 54400, "L1": 54400}, "elapsed_train_s": 74.21440264800913, "lr": [9.946092948828289e-05, 9.94609294882829e-06], "loss": 0.06635088555514812, "l1": 0.06102552942931652, "kl": 0.0005325356032699347, "memory_allocated_GiB": 0.27367639541625977}
{"step": 1750, "samples": 112000, "level_sample_counts": {"L0": 56000, "L1": 56000}, "elapsed_train_s": 77.04531445601606, "lr": [9.939158118381098e-05, 9.939158118381097e-06], "loss": 0.06517275497317314, "l1": 0.06023203618824482, "kl": 0.0004940718971192837, "memory_allocated_GiB": 0.27208948135375977}
{"step": 1800, "samples": 115200, "level_sample_counts": {"L0": 57600, "L1": 57600}, "elapsed_train_s": 80.6589008239971, "lr": [9.931806517013612e-05, 9.931806517013612e-06], "loss": 0.06336508587002754, "l1": 0.05899329319596291, "kl": 0.0004371792543679476, "memory_allocated_GiB": 0.27306604385375977}
DEVELOPMENT {"L0": {"step": 1800, "summary": {"success_once": {"mean": 1.0, "std": 0.0}, "return": {"mean": 410.5584411621094, "std": 7.8238630294799805}, "episode_len": {"mean": 500.0, "std": 0.0}, "reward": {"mean": 0.8211168579101562, "std": 0.0156477260606112}, "last_reward": {"mean": 1.0, "std": 0.0}, "success_at_end": {"mean": 0.85, "std": 0.3570714214271425}}, "stages": {"is_grasped": 20, "is_mug_above_table": 20, "is_mug_contact_rack": 20, "is_obj_placed": 20, "success": 20}}, "L1": {"step": 1800, "summary": {"success_once": {"mean": 0.85, "std": 0.3570714214271425}, "return": {"mean": 390.3183288574219, "std": 12.767778396606445}, "episode_len": {"mean": 500.0, "std": 0.0}, "reward": {"mean": 0.7806367309570312, "std": 0.02553555748105946}, "last_reward": {"mean": 0.9862492799758911, "std": 0.03289630521579255}, "success_at_end": {"mean": 0.4, "std": 0.48989794855663565}}, "stages": {"is_grasped": 20, "is_mug_above_table": 20, "is_mug_contact_rack": 20, "is_obj_placed": 17, "success": 17}}, "L2": {"step": 1800, "summary": {"success_once": {"mean": 0.0, "std": 0.0}, "return": {"mean": 0.24758121371269226, "std": 0.035643722862005234}, "episode_len": {"mean": 500.0, "std": 0.0}, "reward": {"mean": 0.0004951624363660811, "std": 7.128745050904425e-05}, "last_reward": {"mean": 0.0005011044442653656, "std": 7.216466052705448e-05}, "success_at_end": {"mean": 0.0, "std": 0.0}}, "stages": {"is_grasped": 0, "is_mug_above_table": 0, "is_mug_contact_rack": 0, "is_obj_placed": 0, "success": 0}}}
{"step": 1850, "samples": 118400, "level_sample_counts": {"L0": 59200, "L1": 59200}, "elapsed_train_s": 377.0261320300051, "lr": [9.924038765061042e-05, 9.924038765061042e-06], "loss": 0.06296807572245598, "l1": 0.058222642838954924, "kl": 0.0004745432734489441, "memory_allocated_GiB": 0.27367639541625977}
{"step": 1900, "samples": 121600, "level_sample_counts": {"L0": 60800, "L1": 60800}, "elapsed_train_s": 379.1569230510213, "lr": [9.915855517973776e-05, 9.915855517973776e-06], "loss": 0.06105714283883572, "l1": 0.05670411765575409, "kl": 0.0004353024996817112, "memory_allocated_GiB": 0.27208948135375977}
{"step": 1950, "samples": 124800, "level_sample_counts": {"L0": 62400, "L1": 62400}, "elapsed_train_s": 381.2531167770212, "lr": [9.90725746626209e-05, 9.90725746626209e-06], "loss": 0.05997352108359337, "l1": 0.05606083706021309, "kl": 0.0003912684042006731, "memory_allocated_GiB": 0.27306604385375977}
{"step": 2000, "samples": 128000, "level_sample_counts": {"L0": 64000, "L1": 64000}, "elapsed_train_s": 383.46058172901394, "lr": [9.89824533543787e-05, 9.89824533543787e-06], "loss": 0.06057934835553169, "l1": 0.056210316345095636, "kl": 0.00043690319173038004, "memory_allocated_GiB": 0.27367639541625977}
{"step": 2050, "samples": 131200, "level_sample_counts": {"L0": 65600, "L1": 65600}, "elapsed_train_s": 385.6726186349988, "lr": [9.888819885953398e-05, 9.888819885953398e-06], "loss": 0.05888443812727928, "l1": 0.054459841325879096, "kl": 0.00044245966710150243, "memory_allocated_GiB": 0.27208948135375977}
{"step": 2100, "samples": 134400, "level_sample_counts": {"L0": 67200, "L1": 67200}, "elapsed_train_s": 387.9032432770182, "lr": [9.878981913137179e-05, 9.878981913137178e-06], "loss": 0.05842440575361252, "l1": 0.0540193897485733, "kl": 0.0004405016265809536, "memory_allocated_GiB": 0.27306604385375977}
{"step": 2150, "samples": 137600, "level_sample_counts": {"L0": 68800, "L1": 68800}, "elapsed_train_s": 390.1494121400174, "lr": [9.86873224712684e-05, 9.86873224712684e-06], "loss": 0.05702946938574314, "l1": 0.05354115948081017, "kl": 0.00034883101470768453, "memory_allocated_GiB": 0.27367639541625977}
{"step": 2200, "samples": 140800, "level_sample_counts": {"L0": 70400, "L1": 70400}, "elapsed_train_s": 392.4422874620068, "lr": [9.85807175279907e-05, 9.85807175279907e-06], "loss": 0.05608147189021111, "l1": 0.0524023699015379, "kl": 0.00036791020072996617, "memory_allocated_GiB": 0.27208948135375977}
{"step": 2250, "samples": 144000, "level_sample_counts": {"L0": 72000, "L1": 72000}, "elapsed_train_s": 395.0431293360016, "lr": [9.847001329696653e-05, 9.847001329696653e-06], "loss": 0.0559559291601181, "l1": 0.05214050278067589, "kl": 0.0003815426491200924, "memory_allocated_GiB": 0.27306604385375977}
{"step": 2300, "samples": 147200, "level_sample_counts": {"L0": 73600, "L1": 73600}, "elapsed_train_s": 397.5381003280054, "lr": [9.835521911952555e-05, 9.835521911952554e-06], "loss": 0.05537482753396034, "l1": 0.05185364596545696, "kl": 0.0003521181829273701, "memory_allocated_GiB": 0.27367639541625977}
{"step": 2350, "samples": 150400, "level_sample_counts": {"L0": 75200, "L1": 75200}, "elapsed_train_s": 400.0160184210108, "lr": [9.823634468211103e-05, 9.823634468211102e-06], "loss": 0.05440975427627563, "l1": 0.050848864689469336, "kl": 0.0003560889791697264, "memory_allocated_GiB": 0.27208948135375977}
{"step": 2400, "samples": 153600, "level_sample_counts": {"L0": 76800, "L1": 76800}, "elapsed_train_s": 402.4732078910165, "lr": [9.811340001546251e-05, 9.811340001546252e-06], "loss": 0.05362085752189159, "l1": 0.05017817012965679, "kl": 0.0003442687168717384, "memory_allocated_GiB": 0.27306604385375977}
{"step": 2450, "samples": 156800, "level_sample_counts": {"L0": 78400, "L1": 78400}, "elapsed_train_s": 404.9614428310015, "lr": [9.798639549376945e-05, 9.798639549376946e-06], "loss": 0.05334813073277474, "l1": 0.050020132958889005, "kl": 0.00033279974944889546, "memory_allocated_GiB": 0.27367639541625977}
{"step": 2500, "samples": 160000, "level_sample_counts": {"L0": 80000, "L1": 80000}, "elapsed_train_s": 407.4252958820143, "lr": [9.785534183379572e-05, 9.785534183379571e-06], "loss": 0.05304287277162075, "l1": 0.04980159245431423, "kl": 0.0003241280466318131, "memory_allocated_GiB": 0.27208948135375977}
{"step": 2550, "samples": 163200, "level_sample_counts": {"L0": 81600, "L1": 81600}, "elapsed_train_s": 409.8574168549967, "lr": [9.772025009397537e-05, 9.772025009397538e-06], "loss": 0.05189794801175594, "l1": 0.04896599560976028, "kl": 0.000293195229023695, "memory_allocated_GiB": 0.27306604385375977}
{"step": 2600, "samples": 166400, "level_sample_counts": {"L0": 83200, "L1": 83200}, "elapsed_train_s": 412.3449626050133, "lr": [9.75811316734796e-05, 9.75811316734796e-06], "loss": 0.05203075401484966, "l1": 0.04854045145213604, "kl": 0.00034903024323284626, "memory_allocated_GiB": 0.27367639541625977}
{"step": 2650, "samples": 169600, "level_sample_counts": {"L0": 84800, "L1": 84800}, "elapsed_train_s": 414.83524425301584, "lr": [9.743799831125472e-05, 9.743799831125472e-06], "loss": 0.05177388198673725, "l1": 0.04872739546000957, "kl": 0.0003046486619859934, "memory_allocated_GiB": 0.27208948135375977}
{"step": 2700, "samples": 172800, "level_sample_counts": {"L0": 86400, "L1": 86400}, "elapsed_train_s": 417.3021195100155, "lr": [9.729086208503174e-05, 9.729086208503174e-06], "loss": 0.05100382275879383, "l1": 0.04806747272610665, "kl": 0.0002936349809169769, "memory_allocated_GiB": 0.27306604385375977}
{"step": 2750, "samples": 176000, "level_sample_counts": {"L0": 88000, "L1": 88000}, "elapsed_train_s": 419.7747925599979, "lr": [9.713973541030716e-05, 9.713973541030716e-06], "loss": 0.0498172090947628, "l1": 0.04714836627244949, "kl": 0.0002668842859566212, "memory_allocated_GiB": 0.27367639541625977}
{"step": 2800, "samples": 179200, "level_sample_counts": {"L0": 89600, "L1": 89600}, "elapsed_train_s": 422.23884606099455, "lr": [9.698463103929542e-05, 9.698463103929542e-06], "loss": 0.050053706988692284, "l1": 0.04736726827919483, "kl": 0.0002686438523232937, "memory_allocated_GiB": 0.27208948135375977}
{"step": 2850, "samples": 182400, "level_sample_counts": {"L0": 91200, "L1": 91200}, "elapsed_train_s": 424.6871804530092, "lr": [9.682556205985274e-05, 9.682556205985274e-06], "loss": 0.049384043887257575, "l1": 0.04697922222316265, "kl": 0.0002404821664094925, "memory_allocated_GiB": 0.27306604385375977}
{"step": 2900, "samples": 185600, "level_sample_counts": {"L0": 92800, "L1": 92800}, "elapsed_train_s": 427.14618568102014, "lr": [9.666254189437286e-05, 9.666254189437286e-06], "loss": 0.04946351543068886, "l1": 0.04651827603578568, "kl": 0.00029452397488057615, "memory_allocated_GiB": 0.27367639541625977}
{"step": 2950, "samples": 188800, "level_sample_counts": {"L0": 94400, "L1": 94400}, "elapsed_train_s": 429.6232121050125, "lr": [9.64955842986544e-05, 9.64955842986544e-06], "loss": 0.04838828772306442, "l1": 0.04577379591763019, "kl": 0.0002614491805434227, "memory_allocated_GiB": 0.27208948135375977}
{"step": 3000, "samples": 192000, "level_sample_counts": {"L0": 96000, "L1": 96000}, "elapsed_train_s": 432.0969599230157, "lr": [9.632470336074009e-05, 9.632470336074009e-06], "loss": 0.04785867363214493, "l1": 0.04555956721305847, "kl": 0.00022991064935922622, "memory_allocated_GiB": 0.27306604385375977}
{"step": 3050, "samples": 195200, "level_sample_counts": {"L0": 97600, "L1": 97600}, "elapsed_train_s": 434.5938139120117, "lr": [9.614991349972815e-05, 9.614991349972815e-06], "loss": 0.04813528276979923, "l1": 0.04569937348365784, "kl": 0.00024359093979001045, "memory_allocated_GiB": 0.27367639541625977}
{"step": 3100, "samples": 198400, "level_sample_counts": {"L0": 99200, "L1": 99200}, "elapsed_train_s": 437.03059666400077, "lr": [9.59712294645554e-05, 9.597122946455539e-06], "loss": 0.04757235243916511, "l1": 0.044718311429023744, "kl": 0.0002854041289538145, "memory_allocated_GiB": 0.27208948135375977}
{"step": 3150, "samples": 201600, "level_sample_counts": {"L0": 100800, "L1": 100800}, "elapsed_train_s": 439.5704083680175, "lr": [9.578866633275288e-05, 9.578866633275289e-06], "loss": 0.04663850411772728, "l1": 0.044281543865799904, "kl": 0.00023569597862660885, "memory_allocated_GiB": 0.27306604385375977}
{"step": 3200, "samples": 204800, "level_sample_counts": {"L0": 102400, "L1": 102400}, "elapsed_train_s": 442.0765780850197, "lr": [9.560223950917353e-05, 9.560223950917354e-06], "loss": 0.046848405227065085, "l1": 0.04467884942889214, "kl": 0.0002169555611908436, "memory_allocated_GiB": 0.27367639541625977}
{"step": 3250, "samples": 208000, "level_sample_counts": {"L0": 104000, "L1": 104000}, "elapsed_train_s": 444.5509461330075, "lr": [9.541196472469233e-05, 9.541196472469234e-06], "loss": 0.047181854173541066, "l1": 0.04465264126658439, "kl": 0.00025292130187153816, "memory_allocated_GiB": 0.27208948135375977}
{"step": 3300, "samples": 211200, "level_sample_counts": {"L0": 105600, "L1": 105600}, "elapsed_train_s": 447.0323507510184, "lr": [9.521785803487889e-05, 9.521785803487888e-06], "loss": 0.04596621714532376, "l1": 0.043727016299963, "kl": 0.00022392009384930133, "memory_allocated_GiB": 0.27306604385375977}
{"step": 3350, "samples": 214400, "level_sample_counts": {"L0": 107200, "L1": 107200}, "elapsed_train_s": 449.50666503902175, "lr": [9.501993581864268e-05, 9.501993581864268e-06], "loss": 0.04549911230802536, "l1": 0.04311131231486797, "kl": 0.00023877998813986778, "memory_allocated_GiB": 0.27367639541625977}
{"step": 3400, "samples": 217600, "level_sample_counts": {"L0": 108800, "L1": 108800}, "elapsed_train_s": 451.9590924050135, "lr": [9.481821477685101e-05, 9.481821477685102e-06], "loss": 0.04590145237743855, "l1": 0.04358561396598816, "kl": 0.0002315838448703289, "memory_allocated_GiB": 0.27208948135375977}
{"step": 3450, "samples": 220800, "level_sample_counts": {"L0": 110400, "L1": 110400}, "elapsed_train_s": 454.4584101510118, "lr": [9.46127119309197e-05, 9.461271193091971e-06], "loss": 0.045136503726243976, "l1": 0.042264303490519524, "kl": 0.0002872200310230255, "memory_allocated_GiB": 0.27306604385375977}
{"step": 3500, "samples": 224000, "level_sample_counts": {"L0": 112000, "L1": 112000}, "elapsed_train_s": 456.9121535650047, "lr": [9.440344462137689e-05, 9.44034446213769e-06], "loss": 0.04573846362531185, "l1": 0.04344817154109478, "kl": 0.00022902922704815865, "memory_allocated_GiB": 0.27367639541625977}
{"step": 3550, "samples": 227200, "level_sample_counts": {"L0": 113600, "L1": 113600}, "elapsed_train_s": 459.40199145302176, "lr": [9.419043050639973e-05, 9.419043050639973e-06], "loss": 0.045229647010564804, "l1": 0.04300590664148331, "kl": 0.00022237402386963368, "memory_allocated_GiB": 0.27208948135375977}
{"step": 3600, "samples": 230400, "level_sample_counts": {"L0": 115200, "L1": 115200}, "elapsed_train_s": 461.86578074502177, "lr": [9.397368756032445e-05, 9.397368756032445e-06], "loss": 0.04410859920084476, "l1": 0.04178745053708553, "kl": 0.00023211487568914891, "memory_allocated_GiB": 0.27306604385375977}
{"step": 3650, "samples": 233600, "level_sample_counts": {"L0": 116800, "L1": 116800}, "elapsed_train_s": 464.304213469004, "lr": [9.375323407212969e-05, 9.37532340721297e-06], "loss": 0.04422415606677532, "l1": 0.04174014315009117, "kl": 0.0002484012860804796, "memory_allocated_GiB": 0.27367639541625977}
{"step": 3700, "samples": 236800, "level_sample_counts": {"L0": 118400, "L1": 118400}, "elapsed_train_s": 466.5408259340038, "lr": [9.352908864389312e-05, 9.352908864389313e-06], "loss": 0.04378442414104938, "l1": 0.041388676390051844, "kl": 0.00023957474157214166, "memory_allocated_GiB": 0.27208948135375977}
{"step": 3750, "samples": 240000, "level_sample_counts": {"L0": 120000, "L1": 120000}, "elapsed_train_s": 468.7057885710092, "lr": [9.330127018922194e-05, 9.330127018922195e-06], "loss": 0.04394809320569038, "l1": 0.041960131525993344, "kl": 0.00019879616796970368, "memory_allocated_GiB": 0.27306604385375977}
{"step": 3800, "samples": 243200, "level_sample_counts": {"L0": 121600, "L1": 121600}, "elapsed_train_s": 472.16934688200126, "lr": [9.306979793165681e-05, 9.306979793165682e-06], "loss": 0.04307913981378078, "l1": 0.041054170802235605, "kl": 0.000202496899291873, "memory_allocated_GiB": 0.27367639541625977}
{"step": 3850, "samples": 246400, "level_sample_counts": {"L0": 123200, "L1": 123200}, "elapsed_train_s": 475.77923419501167, "lr": [9.283469140304983e-05, 9.283469140304982e-06], "loss": 0.04349465101957321, "l1": 0.04132965594530105, "kl": 0.00021649949252605438, "memory_allocated_GiB": 0.27208948135375977}
{"step": 3900, "samples": 249600, "level_sample_counts": {"L0": 124800, "L1": 124800}, "elapsed_train_s": 479.51606478501344, "lr": [9.259597044191636e-05, 9.259597044191635e-06], "loss": 0.043480068370699884, "l1": 0.04150126330554485, "kl": 0.00019788045436143874, "memory_allocated_GiB": 0.27306604385375977}
{"step": 3950, "samples": 252800, "level_sample_counts": {"L0": 126400, "L1": 126400}, "elapsed_train_s": 483.39150693500414, "lr": [9.23536551917611e-05, 9.23536551917611e-06], "loss": 0.042436449080705645, "l1": 0.04051834262907505, "kl": 0.00019181064330041407, "memory_allocated_GiB": 0.27367639541625977}
{"step": 4000, "samples": 256000, "level_sample_counts": {"L0": 128000, "L1": 128000}, "elapsed_train_s": 487.21512399200583, "lr": [9.210776609937829e-05, 9.21077660993783e-06], "loss": 0.043087899684906006, "l1": 0.04088086865842342, "kl": 0.00022070309147238733, "memory_allocated_GiB": 0.27208948135375977}
{"step": 4050, "samples": 259200, "level_sample_counts": {"L0": 129600, "L1": 129600}, "elapsed_train_s": 490.86849228900974, "lr": [9.185832391312644e-05, 9.185832391312644e-06], "loss": 0.04221901640295982, "l1": 0.039929400086402896, "kl": 0.00022896165028214456, "memory_allocated_GiB": 0.27306604385375977}
{"step": 4100, "samples": 262400, "level_sample_counts": {"L0": 131200, "L1": 131200}, "elapsed_train_s": 494.5411108210101, "lr": [9.160534968117752e-05, 9.160534968117752e-06], "loss": 0.04286782279610634, "l1": 0.0406955511122942, "kl": 0.0002172271627932787, "memory_allocated_GiB": 0.27367639541625977}
{"step": 4150, "samples": 265600, "level_sample_counts": {"L0": 132800, "L1": 132800}, "elapsed_train_s": 498.2758228130115, "lr": [9.134886474974091e-05, 9.134886474974092e-06], "loss": 0.04190559409558773, "l1": 0.03979932032525539, "kl": 0.00021062734536826612, "memory_allocated_GiB": 0.27208948135375977}
{"step": 4200, "samples": 268800, "level_sample_counts": {"L0": 134400, "L1": 134400}, "elapsed_train_s": 502.00722108900663, "lr": [9.108889076126226e-05, 9.108889076126226e-06], "loss": 0.041406862586736676, "l1": 0.03909098625183106, "kl": 0.00023158762603998185, "memory_allocated_GiB": 0.27306604385375977}
{"step": 4250, "samples": 272000, "level_sample_counts": {"L0": 136000, "L1": 136000}, "elapsed_train_s": 505.6972573380044, "lr": [9.082544965259715e-05, 9.082544965259716e-06], "loss": 0.04102688550949097, "l1": 0.039031395986676216, "kl": 0.00019954897463321685, "memory_allocated_GiB": 0.27367639541625977}
{"step": 4300, "samples": 275200, "level_sample_counts": {"L0": 137600, "L1": 137600}, "elapsed_train_s": 509.4307130119996, "lr": [9.055856365316011e-05, 9.055856365316012e-06], "loss": 0.04123799204826355, "l1": 0.039407290518283844, "kl": 0.0001830701343715191, "memory_allocated_GiB": 0.27208948135375977}
{"step": 4350, "samples": 278400, "level_sample_counts": {"L0": 139200, "L1": 139200}, "elapsed_train_s": 513.1863753460057, "lr": [9.028825528304892e-05, 9.028825528304892e-06], "loss": 0.04177069589495659, "l1": 0.03967420399188995, "kl": 0.0002096492052078247, "memory_allocated_GiB": 0.27306604385375977}
{"step": 4400, "samples": 281600, "level_sample_counts": {"L0": 140800, "L1": 140800}, "elapsed_train_s": 516.9086357540218, "lr": [9.001454735114421e-05, 9.00145473511442e-06], "loss": 0.04101989381015301, "l1": 0.039014127776026725, "kl": 0.00020057660527527331, "memory_allocated_GiB": 0.27367639541625977}
{"step": 4450, "samples": 284800, "level_sample_counts": {"L0": 142400, "L1": 142400}, "elapsed_train_s": 520.7174121210119, "lr": [8.9737462953185e-05, 8.973746295318499e-06], "loss": 0.040584783852100376, "l1": 0.03874317929148674, "kl": 0.00018416046164929868, "memory_allocated_GiB": 0.27208948135375977}
{"step": 4500, "samples": 288000, "level_sample_counts": {"L0": 144000, "L1": 144000}, "elapsed_train_s": 524.6456155630003, "lr": [8.945702546981969e-05, 8.94570254698197e-06], "loss": 0.040463420078158376, "l1": 0.0387043809145689, "kl": 0.0001759038958698511, "memory_allocated_GiB": 0.27306604385375977}
{"step": 4550, "samples": 291200, "level_sample_counts": {"L0": 145600, "L1": 145600}, "elapsed_train_s": 528.3683396599954, "lr": [8.917325856463331e-05, 8.917325856463331e-06], "loss": 0.04071685999631882, "l1": 0.03893237888813019, "kl": 0.00017844813875854016, "memory_allocated_GiB": 0.27367639541625977}
{"step": 4600, "samples": 294400, "level_sample_counts": {"L0": 147200, "L1": 147200}, "elapsed_train_s": 532.0806431010133, "lr": [8.88861861821507e-05, 8.88861861821507e-06], "loss": 0.03972952395677567, "l1": 0.0380475351959467, "kl": 0.0001681988686323166, "memory_allocated_GiB": 0.27208948135375977}
{"step": 4650, "samples": 297600, "level_sample_counts": {"L0": 148800, "L1": 148800}, "elapsed_train_s": 535.7827701650094, "lr": [8.859583254581605e-05, 8.859583254581604e-06], "loss": 0.03995372392237186, "l1": 0.03802247516810894, "kl": 0.00019312488846480845, "memory_allocated_GiB": 0.27306604385375977}
{"step": 4700, "samples": 300800, "level_sample_counts": {"L0": 150400, "L1": 150400}, "elapsed_train_s": 539.4206541120075, "lr": [8.83022221559489e-05, 8.83022221559489e-06], "loss": 0.039768749848008156, "l1": 0.038107537254691126, "kl": 0.00016612127423286437, "memory_allocated_GiB": 0.27367639541625977}
{"step": 4750, "samples": 304000, "level_sample_counts": {"L0": 152000, "L1": 152000}, "elapsed_train_s": 543.2120793710055, "lr": [8.800537978767682e-05, 8.800537978767683e-06], "loss": 0.039258728250861165, "l1": 0.03760466694831848, "kl": 0.0001654061209410429, "memory_allocated_GiB": 0.27208948135375977}
{"step": 4800, "samples": 307200, "level_sample_counts": {"L0": 153600, "L1": 153600}, "elapsed_train_s": 546.955448371009, "lr": [8.770533048884482e-05, 8.770533048884483e-06], "loss": 0.03966763585805893, "l1": 0.037872051373124126, "kl": 0.00017955846153199672, "memory_allocated_GiB": 0.27306604385375977}
{"step": 4850, "samples": 310400, "level_sample_counts": {"L0": 155200, "L1": 155200}, "elapsed_train_s": 550.6847846300225, "lr": [8.740209957790178e-05, 8.740209957790179e-06], "loss": 0.03945365503430367, "l1": 0.03776239052414894, "kl": 0.0001691264659166336, "memory_allocated_GiB": 0.27367639541625977}
{"step": 4900, "samples": 313600, "level_sample_counts": {"L0": 156800, "L1": 156800}, "elapsed_train_s": 554.404944851005, "lr": [8.709571264176409e-05, 8.709571264176408e-06], "loss": 0.03915942274034023, "l1": 0.03727416500449181, "kl": 0.00018852577544748784, "memory_allocated_GiB": 0.27208948135375977}
{"step": 4950, "samples": 316800, "level_sample_counts": {"L0": 158400, "L1": 158400}, "elapsed_train_s": 558.0915522949945, "lr": [8.678619553365659e-05, 8.67861955336566e-06], "loss": 0.03898940235376358, "l1": 0.037197469621896746, "kl": 0.00017919328063726426, "memory_allocated_GiB": 0.27306604385375977}
{"step": 5000, "samples": 320000, "level_sample_counts": {"L0": 160000, "L1": 160000}, "elapsed_train_s": 561.8278289650043, "lr": [8.647357437093105e-05, 8.647357437093104e-06], "loss": 0.03823802627623081, "l1": 0.03647766955196857, "kl": 0.00017603565938770772, "memory_allocated_GiB": 0.27367639541625977}
{"step": 5050, "samples": 323200, "level_sample_counts": {"L0": 161600, "L1": 161600}, "elapsed_train_s": 565.5388919670077, "lr": [8.615787553286234e-05, 8.615787553286235e-06], "loss": 0.03857555575668812, "l1": 0.03649405218660831, "kl": 0.00020815035328269004, "memory_allocated_GiB": 0.27208948135375977}
{"step": 5100, "samples": 326400, "level_sample_counts": {"L0": 163200, "L1": 163200}, "elapsed_train_s": 569.2847251640051, "lr": [8.583912565842257e-05, 8.583912565842258e-06], "loss": 0.038903902471065524, "l1": 0.03708343490958214, "kl": 0.00018204675987362862, "memory_allocated_GiB": 0.27306604385375977}
{"step": 5150, "samples": 329600, "level_sample_counts": {"L0": 164800, "L1": 164800}, "elapsed_train_s": 572.9507289150206, "lr": [8.55173516440332e-05, 8.55173516440332e-06], "loss": 0.03849160134792328, "l1": 0.03681475766003132, "kl": 0.000167684406042099, "memory_allocated_GiB": 0.27367639541625977}
{"step": 5200, "samples": 332800, "level_sample_counts": {"L0": 166400, "L1": 166400}, "elapsed_train_s": 576.5769808460027, "lr": [8.519258064129558e-05, 8.519258064129559e-06], "loss": 0.03832761354744434, "l1": 0.036802357584238055, "kl": 0.00015252558514475823, "memory_allocated_GiB": 0.27208948135375977}
{"step": 5250, "samples": 336000, "level_sample_counts": {"L0": 168000, "L1": 168000}, "elapsed_train_s": 580.3281953770202, "lr": [8.486484005469977e-05, 8.486484005469977e-06], "loss": 0.03821181945502758, "l1": 0.03657902278006077, "kl": 0.00016327966004610063, "memory_allocated_GiB": 0.27306604385375977}
{"step": 5300, "samples": 339200, "level_sample_counts": {"L0": 169600, "L1": 169600}, "elapsed_train_s": 584.0279880739981, "lr": [8.453415753931222e-05, 8.453415753931223e-06], "loss": 0.038215059489011764, "l1": 0.036503112390637395, "kl": 0.00017119470052421093, "memory_allocated_GiB": 0.27367639541625977}
{"step": 5350, "samples": 342400, "level_sample_counts": {"L0": 171200, "L1": 171200}, "elapsed_train_s": 587.7409334230179, "lr": [8.420056099844216e-05, 8.420056099844216e-06], "loss": 0.03744199514389038, "l1": 0.03594749830663204, "kl": 0.0001494496874511242, "memory_allocated_GiB": 0.27208948135375977}
{"step": 5400, "samples": 345600, "level_sample_counts": {"L0": 172800, "L1": 172800}, "elapsed_train_s": 591.391647373006, "lr": [8.386407858128706e-05, 8.386407858128707e-06], "loss": 0.0379581843316555, "l1": 0.0363228341192007, "kl": 0.0001635350100696087, "memory_allocated_GiB": 0.27306604385375977}
DEVELOPMENT {"L0": {"step": 5400, "summary": {"success_once": {"mean": 1.0, "std": 0.0}, "return": {"mean": 391.84857177734375, "std": 23.999109268188477}, "episode_len": {"mean": 500.0, "std": 0.0}, "reward": {"mean": 0.7836971435546876, "std": 0.04799822022730586}, "last_reward": {"mean": 1.0, "std": 0.0}, "success_at_end": {"mean": 1.0, "std": 0.0}}, "stages": {"is_grasped": 20, "is_mug_above_table": 20, "is_mug_contact_rack": 20, "is_obj_placed": 20, "success": 20}}, "L1": {"step": 5400, "summary": {"success_once": {"mean": 1.0, "std": 0.0}, "return": {"mean": 364.7558288574219, "std": 22.196487426757812}, "episode_len": {"mean": 500.0, "std": 0.0}, "reward": {"mean": 0.7295116394042968, "std": 0.04439297369792475}, "last_reward": {"mean": 1.0, "std": 0.0}, "success_at_end": {"mean": 0.8, "std": 0.4}}, "stages": {"is_grasped": 20, "is_mug_above_table": 20, "is_mug_contact_rack": 20, "is_obj_placed": 19, "success": 20}}, "L2": {"step": 5400, "summary": {"success_once": {"mean": 0.0, "std": 0.0}, "return": {"mean": 0.2540903389453888, "std": 0.04959561675786972}, "episode_len": {"mean": 500.0, "std": 0.0}, "reward": {"mean": 0.0005081806764006614, "std": 9.919123576435507e-05}, "last_reward": {"mean": 0.0005504831671714783, "std": 0.00012508609002749758}, "success_at_end": {"mean": 0.0, "std": 0.0}}, "stages": {"is_grasped": 0, "is_mug_above_table": 0, "is_mug_contact_rack": 0, "is_obj_placed": 0, "success": 0}}}
{"step": 5450, "samples": 348800, "level_sample_counts": {"L0": 174400, "L1": 174400}, "elapsed_train_s": 890.750564706017, "lr": [8.352473868055746e-05, 8.352473868055746e-06], "loss": 0.03841700568795204, "l1": 0.03688260100781918, "kl": 0.00015344046987593175, "memory_allocated_GiB": 0.27367639541625977}
{"step": 5500, "samples": 352000, "level_sample_counts": {"L0": 176000, "L1": 176000}, "elapsed_train_s": 892.9851738029975, "lr": [8.318256993008107e-05, 8.318256993008108e-06], "loss": 0.03770107552409172, "l1": 0.03617616981267929, "kl": 0.00015249057672917844, "memory_allocated_GiB": 0.27208948135375977}
{"step": 5550, "samples": 355200, "level_sample_counts": {"L0": 177600, "L1": 177600}, "elapsed_train_s": 895.2441768090066, "lr": [8.283760120238672e-05, 8.283760120238672e-06], "loss": 0.037066537439823154, "l1": 0.035598582103848454, "kl": 0.00014679555781185627, "memory_allocated_GiB": 0.27306604385375977}
{"step": 5600, "samples": 358400, "level_sample_counts": {"L0": 179200, "L1": 179200}, "elapsed_train_s": 897.5339803149982, "lr": [8.2489861606268e-05, 8.2489861606268e-06], "loss": 0.03717951186001301, "l1": 0.03573565520346165, "kl": 0.00014438570477068424, "memory_allocated_GiB": 0.27367639541625977}
{"step": 5650, "samples": 361600, "level_sample_counts": {"L0": 180800, "L1": 180800}, "elapsed_train_s": 899.8155124410114, "lr": [8.213938048432697e-05, 8.213938048432697e-06], "loss": 0.03678060963749886, "l1": 0.035357721298933026, "kl": 0.00014228884130716325, "memory_allocated_GiB": 0.27208948135375977}
{"step": 5700, "samples": 364800, "level_sample_counts": {"L0": 182400, "L1": 182400}, "elapsed_train_s": 902.0434010970057, "lr": [8.178618741049842e-05, 8.178618741049841e-06], "loss": 0.03717588648200035, "l1": 0.03574936844408512, "kl": 0.00014265180565416812, "memory_allocated_GiB": 0.27306604385375977}
{"step": 5750, "samples": 368000, "level_sample_counts": {"L0": 184000, "L1": 184000}, "elapsed_train_s": 904.3239784650214, "lr": [8.14303121875541e-05, 8.143031218755411e-06], "loss": 0.03700062699615955, "l1": 0.03563444137573242, "kl": 0.00013661856763064862, "memory_allocated_GiB": 0.27367639541625977}
{"step": 5800, "samples": 371200, "level_sample_counts": {"L0": 185600, "L1": 185600}, "elapsed_train_s": 906.9811694170057, "lr": [8.107178484458824e-05, 8.107178484458825e-06], "loss": 0.036458156034350396, "l1": 0.03503476917743683, "kl": 0.00014233869500458241, "memory_allocated_GiB": 0.27208948135375977}
{"step": 5850, "samples": 374400, "level_sample_counts": {"L0": 187200, "L1": 187200}, "elapsed_train_s": 909.4478263549972, "lr": [8.07106356344834e-05, 8.071063563448341e-06], "loss": 0.036683199852705003, "l1": 0.03527206107974053, "kl": 0.0001411138754338026, "memory_allocated_GiB": 0.27306604385375977}
{"step": 5900, "samples": 377600, "level_sample_counts": {"L0": 188800, "L1": 188800}, "elapsed_train_s": 911.9221188730153, "lr": [8.034689503135783e-05, 8.034689503135785e-06], "loss": 0.03644367218017578, "l1": 0.035059422850608826, "kl": 0.00013842495158314705, "memory_allocated_GiB": 0.27367639541625977}
{"step": 5950, "samples": 380800, "level_sample_counts": {"L0": 190400, "L1": 190400}, "elapsed_train_s": 914.3894411600195, "lr": [7.998059372799409e-05, 7.998059372799409e-06], "loss": 0.03711679503321648, "l1": 0.03575619131326675, "kl": 0.00013606040738523006, "memory_allocated_GiB": 0.27208948135375977}
{"step": 6000, "samples": 384000, "level_sample_counts": {"L0": 192000, "L1": 192000}, "elapsed_train_s": 916.8595630130148, "lr": [7.961176263324901e-05, 7.961176263324902e-06], "loss": 0.03624375283718109, "l1": 0.034919641390442846, "kl": 0.00013241113163530826, "memory_allocated_GiB": 0.27306604385375977}
{"step": 6050, "samples": 387200, "level_sample_counts": {"L0": 193600, "L1": 193600}, "elapsed_train_s": 919.3342627300008, "lr": [7.924043286944569e-05, 7.92404328694457e-06], "loss": 0.03551949195563793, "l1": 0.03418531566858292, "kl": 0.0001334176305681467, "memory_allocated_GiB": 0.27367639541625977}
{"step": 6100, "samples": 390400, "level_sample_counts": {"L0": 195200, "L1": 195200}, "elapsed_train_s": 921.7863801070198, "lr": [7.886663576974733e-05, 7.886663576974733e-06], "loss": 0.03562010586261749, "l1": 0.03437672458589077, "kl": 0.00012433810159564017, "memory_allocated_GiB": 0.27208948135375977}
{"step": 6150, "samples": 393600, "level_sample_counts": {"L0": 196800, "L1": 196800}, "elapsed_train_s": 924.2609661650204, "lr": [7.849040287551331e-05, 7.849040287551331e-06], "loss": 0.0362298084795475, "l1": 0.03492527902126312, "kl": 0.0001304529421031475, "memory_allocated_GiB": 0.27306604385375977}
{"step": 6200, "samples": 396800, "level_sample_counts": {"L0": 198400, "L1": 198400}, "elapsed_train_s": 926.763899026002, "lr": [7.811176593363772e-05, 7.811176593363771e-06], "loss": 0.03577317826449871, "l1": 0.034459666907787324, "kl": 0.00013135112822055818, "memory_allocated_GiB": 0.27367639541625977}
{"step": 6250, "samples": 400000, "level_sample_counts": {"L0": 200000, "L1": 200000}, "elapsed_train_s": 929.251903936005, "lr": [7.773075689387043e-05, 7.773075689387044e-06], "loss": 0.035367879047989846, "l1": 0.03411675028502941, "kl": 0.00012511289678514005, "memory_allocated_GiB": 0.27208948135375977}
{"step": 6300, "samples": 403200, "level_sample_counts": {"L0": 201600, "L1": 201600}, "elapsed_train_s": 931.7749316609988, "lr": [7.734740790612136e-05, 7.734740790612137e-06], "loss": 0.03567907012999058, "l1": 0.03444176584482193, "kl": 0.00012373043224215508, "memory_allocated_GiB": 0.27306604385375977}
{"step": 6350, "samples": 406400, "level_sample_counts": {"L0": 203200, "L1": 203200}, "elapsed_train_s": 934.2333378189942, "lr": [7.69617513177473e-05, 7.696175131774731e-06], "loss": 0.03519295014441013, "l1": 0.0339900866150856, "kl": 0.00012028637342154979, "memory_allocated_GiB": 0.27367639541625977}
{"step": 6400, "samples": 409600, "level_sample_counts": {"L0": 204800, "L1": 204800}, "elapsed_train_s": 936.6835615180025, "lr": [7.65738196708228e-05, 7.65738196708228e-06], "loss": 0.03519709564745426, "l1": 0.03396044965833425, "kl": 0.00012366458773612976, "memory_allocated_GiB": 0.27208948135375977}
{"step": 6450, "samples": 412800, "level_sample_counts": {"L0": 206400, "L1": 206400}, "elapsed_train_s": 939.2159556010156, "lr": [7.618364569939391e-05, 7.61836456993939e-06], "loss": 0.03477928012609482, "l1": 0.033673036210238934, "kl": 0.000110624385997653, "memory_allocated_GiB": 0.27306604385375977}
{"step": 6500, "samples": 416000, "level_sample_counts": {"L0": 208000, "L1": 208000}, "elapsed_train_s": 941.7772756570193, "lr": [7.579126232671621e-05, 7.579126232671621e-06], "loss": 0.03481176853179932, "l1": 0.03361766207963228, "kl": 0.00011941066011786461, "memory_allocated_GiB": 0.27367639541625977}
{"step": 6550, "samples": 419200, "level_sample_counts": {"L0": 209600, "L1": 209600}, "elapsed_train_s": 944.2781658199965, "lr": [7.539670266247671e-05, 7.539670266247672e-06], "loss": 0.03470932759344578, "l1": 0.03348802112042904, "kl": 0.00012213061563670635, "memory_allocated_GiB": 0.27208948135375977}
{"step": 6600, "samples": 422400, "level_sample_counts": {"L0": 211200, "L1": 211200}, "elapsed_train_s": 946.8157846360118, "lr": [7.500000000000001e-05, 7.500000000000001e-06], "loss": 0.035007786750793454, "l1": 0.033808324635028836, "kl": 0.00011994619853794575, "memory_allocated_GiB": 0.27306604385375977}
{"step": 6650, "samples": 425600, "level_sample_counts": {"L0": 212800, "L1": 212800}, "elapsed_train_s": 949.291013153008, "lr": [7.460118781343893e-05, 7.460118781343892e-06], "loss": 0.03474257320165634, "l1": 0.03349381159991026, "kl": 0.00012487616389989854, "memory_allocated_GiB": 0.27367639541625977}
{"step": 6700, "samples": 428800, "level_sample_counts": {"L0": 214400, "L1": 214400}, "elapsed_train_s": 951.7450813479954, "lr": [7.420029975494995e-05, 7.420029975494996e-06], "loss": 0.03473055139183998, "l1": 0.033645737692713736, "kl": 0.00010848138481378555, "memory_allocated_GiB": 0.27208948135375977}
{"step": 6750, "samples": 432000, "level_sample_counts": {"L0": 216000, "L1": 216000}, "elapsed_train_s": 954.2552500989987, "lr": [7.379736965185368e-05, 7.379736965185369e-06], "loss": 0.03516728781163692, "l1": 0.0340746795386076, "kl": 0.00010926080867648124, "memory_allocated_GiB": 0.27306604385375977}
{"step": 6800, "samples": 435200, "level_sample_counts": {"L0": 217600, "L1": 217600}, "elapsed_train_s": 956.7565239130054, "lr": [7.33924315037804e-05, 7.33924315037804e-06], "loss": 0.03420493632555008, "l1": 0.03305840384215117, "kl": 0.00011465325951576233, "memory_allocated_GiB": 0.27367639541625977}
{"step": 6850, "samples": 438400, "level_sample_counts": {"L0": 219200, "L1": 219200}, "elapsed_train_s": 959.2646191469976, "lr": [7.298551947980113e-05, 7.298551947980114e-06], "loss": 0.034268987998366356, "l1": 0.03308249652385711, "kl": 0.00011864913627505302, "memory_allocated_GiB": 0.27208948135375977}
{"step": 6900, "samples": 441600, "level_sample_counts": {"L0": 220800, "L1": 220800}, "elapsed_train_s": 961.7546667360002, "lr": [7.257666791554448e-05, 7.257666791554448e-06], "loss": 0.03401268620043993, "l1": 0.03291392385959625, "kl": 0.00010987623594701291, "memory_allocated_GiB": 0.27306604385375977}
{"step": 6950, "samples": 444800, "level_sample_counts": {"L0": 222400, "L1": 222400}, "elapsed_train_s": 964.2768179830164, "lr": [7.21659113102993e-05, 7.2165911310299305e-06], "loss": 0.03411177009344101, "l1": 0.03299015700817108, "kl": 0.00011216132901608944, "memory_allocated_GiB": 0.27367639541625977}
{"step": 7000, "samples": 448000, "level_sample_counts": {"L0": 224000, "L1": 224000}, "elapsed_train_s": 966.7833314290037, "lr": [7.175328432410366e-05, 7.175328432410367e-06], "loss": 0.034080114029347894, "l1": 0.03290104534476995, "kl": 0.00011790690943598747, "memory_allocated_GiB": 0.27208948135375977}
{"step": 7050, "samples": 451200, "level_sample_counts": {"L0": 225600, "L1": 225600}, "elapsed_train_s": 969.3273431970156, "lr": [7.133882177482019e-05, 7.133882177482019e-06], "loss": 0.033809406571090224, "l1": 0.032772843651473524, "kl": 0.00010365625843405723, "memory_allocated_GiB": 0.27306604385375977}
{"step": 7100, "samples": 454400, "level_sample_counts": {"L0": 227200, "L1": 227200}, "elapsed_train_s": 971.8848768970056, "lr": [7.092255863519806e-05, 7.092255863519806e-06], "loss": 0.034191786870360376, "l1": 0.033061514012515544, "kl": 0.00011302729137241841, "memory_allocated_GiB": 0.27367639541625977}
{"step": 7150, "samples": 457600, "level_sample_counts": {"L0": 228800, "L1": 228800}, "elapsed_train_s": 974.4374948740005, "lr": [7.050453002992201e-05, 7.050453002992202e-06], "loss": 0.0335587028414011, "l1": 0.03242757450789213, "kl": 0.00011311284266412259, "memory_allocated_GiB": 0.27208948135375977}
{"step": 7200, "samples": 460800, "level_sample_counts": {"L0": 230400, "L1": 230400}, "elapsed_train_s": 976.9585606820183, "lr": [7.008477123264848e-05, 7.008477123264849e-06], "loss": 0.033451562337577345, "l1": 0.03241192359477282, "kl": 0.00010396389290690422, "memory_allocated_GiB": 0.27306604385375977}
{"step": 7250, "samples": 464000, "level_sample_counts": {"L0": 232000, "L1": 232000}, "elapsed_train_s": 979.4274612570007, "lr": [6.966331766302916e-05, 6.966331766302916e-06], "loss": 0.03321919560432434, "l1": 0.03217031132429838, "kl": 0.00010488844476640225, "memory_allocated_GiB": 0.27367639541625977}
{"step": 7300, "samples": 467200, "level_sample_counts": {"L0": 233600, "L1": 233600}, "elapsed_train_s": 981.672362821002, "lr": [6.924020488372229e-05, 6.924020488372229e-06], "loss": 0.03366285145282746, "l1": 0.03269384130835533, "kl": 9.690101258456707e-05, "memory_allocated_GiB": 0.27208948135375977}
{"step": 7350, "samples": 470400, "level_sample_counts": {"L0": 235200, "L1": 235200}, "elapsed_train_s": 983.8502191010048, "lr": [6.881546859739179e-05, 6.8815468597391785e-06], "loss": 0.03337307460606098, "l1": 0.03235713191330433, "kl": 0.00010159428231418133, "memory_allocated_GiB": 0.27306604385375977}
{"step": 7400, "samples": 473600, "level_sample_counts": {"L0": 236800, "L1": 236800}, "elapsed_train_s": 987.1718135960109, "lr": [6.838914464369467e-05, 6.838914464369467e-06], "loss": 0.0330617343634367, "l1": 0.03202958285808563, "kl": 0.00010321514680981636, "memory_allocated_GiB": 0.27367639541625977}
{"step": 7450, "samples": 476800, "level_sample_counts": {"L0": 238400, "L1": 238400}, "elapsed_train_s": 990.833125642006, "lr": [6.796126899625688e-05, 6.796126899625688e-06], "loss": 0.03342910036444664, "l1": 0.03241849049925804, "kl": 0.0001010610070079565, "memory_allocated_GiB": 0.27208948135375977}
{"step": 7500, "samples": 480000, "level_sample_counts": {"L0": 240000, "L1": 240000}, "elapsed_train_s": 994.6593553959974, "lr": [6.753187775963773e-05, 6.753187775963773e-06], "loss": 0.03284031450748444, "l1": 0.03186923366039991, "kl": 9.710809215903283e-05, "memory_allocated_GiB": 0.27306604385375977}
{"step": 7550, "samples": 483200, "level_sample_counts": {"L0": 241600, "L1": 241600}, "elapsed_train_s": 998.3638970869943, "lr": [6.710100716628344e-05, 6.710100716628345e-06], "loss": 0.03278626974672079, "l1": 0.03182023532688618, "kl": 9.660343639552593e-05, "memory_allocated_GiB": 0.27367639541625977}
{"step": 7600, "samples": 486400, "level_sample_counts": {"L0": 243200, "L1": 243200}, "elapsed_train_s": 1002.0462940860016, "lr": [6.666869357346978e-05, 6.666869357346979e-06], "loss": 0.03252940405160189, "l1": 0.031565056592226026, "kl": 9.643474593758583e-05, "memory_allocated_GiB": 0.27208948135375977}
{"step": 7650, "samples": 489600, "level_sample_counts": {"L0": 244800, "L1": 244800}, "elapsed_train_s": 1005.8764963950089, "lr": [6.623497346023418e-05, 6.6234973460234184e-06], "loss": 0.032517094127833844, "l1": 0.03155178159475327, "kl": 9.653125889599323e-05, "memory_allocated_GiB": 0.27306604385375977}
{"step": 7700, "samples": 492800, "level_sample_counts": {"L0": 246400, "L1": 246400}, "elapsed_train_s": 1009.5543644200079, "lr": [6.579988342429763e-05, 6.579988342429764e-06], "loss": 0.033028401359915735, "l1": 0.032031398825347425, "kl": 9.97002050280571e-05, "memory_allocated_GiB": 0.27367639541625977}
{"step": 7750, "samples": 496000, "level_sample_counts": {"L0": 248000, "L1": 248000}, "elapsed_train_s": 1013.2451684690022, "lr": [6.536346017897653e-05, 6.5363460178976524e-06], "loss": 0.032701055854558944, "l1": 0.03177041050046683, "kl": 9.306455031037331e-05, "memory_allocated_GiB": 0.27208948135375977}
{"step": 7800, "samples": 499200, "level_sample_counts": {"L0": 249600, "L1": 249600}, "elapsed_train_s": 1016.9662044590223, "lr": [6.492574055008473e-05, 6.492574055008474e-06], "loss": 0.032708425000309946, "l1": 0.03171434208750725, "kl": 9.940829128026962e-05, "memory_allocated_GiB": 0.27306604385375977}
{"step": 7850, "samples": 502400, "level_sample_counts": {"L0": 251200, "L1": 251200}, "elapsed_train_s": 1020.7727821780136, "lr": [6.448676147282625e-05, 6.448676147282624e-06], "loss": 0.03234449654817581, "l1": 0.03144251938909292, "kl": 9.019771590828895e-05, "memory_allocated_GiB": 0.27367639541625977}
{"step": 7900, "samples": 505600, "level_sample_counts": {"L0": 252800, "L1": 252800}, "elapsed_train_s": 1024.5121138530085, "lr": [6.404655998867848e-05, 6.4046559988678485e-06], "loss": 0.03224845521152019, "l1": 0.03130643237382173, "kl": 9.420228190720081e-05, "memory_allocated_GiB": 0.27208948135375977}
{"step": 7950, "samples": 508800, "level_sample_counts": {"L0": 254400, "L1": 254400}, "elapsed_train_s": 1028.2612824070093, "lr": [6.360517324226676e-05, 6.360517324226676e-06], "loss": 0.03259298149496317, "l1": 0.031687265671789644, "kl": 9.05715860426426e-05, "memory_allocated_GiB": 0.27306604385375977}
{"step": 8000, "samples": 512000, "level_sample_counts": {"L0": 256000, "L1": 256000}, "elapsed_train_s": 1031.9677022050018, "lr": [6.316263847822997e-05, 6.3162638478229965e-06], "loss": 0.03174692183732986, "l1": 0.030859873555600645, "kl": 8.870483376085758e-05, "memory_allocated_GiB": 0.27367639541625977}
{"step": 8050, "samples": 515200, "level_sample_counts": {"L0": 257600, "L1": 257600}, "elapsed_train_s": 1035.7443370330147, "lr": [6.271899303807783e-05, 6.271899303807783e-06], "loss": 0.032690408043563365, "l1": 0.031810864023864266, "kl": 8.795439265668392e-05, "memory_allocated_GiB": 0.27208948135375977}
{"step": 8100, "samples": 518400, "level_sample_counts": {"L0": 259200, "L1": 259200}, "elapsed_train_s": 1039.4343554119987, "lr": [6.227427435703997e-05, 6.227427435703997e-06], "loss": 0.03204459670931101, "l1": 0.031126578487455845, "kl": 9.180181659758091e-05, "memory_allocated_GiB": 0.27306604385375977}
{"step": 8150, "samples": 521600, "level_sample_counts": {"L0": 260800, "L1": 260800}, "elapsed_train_s": 1043.09278705201, "lr": [6.182851996090713e-05, 6.182851996090713e-06], "loss": 0.03183774258941412, "l1": 0.030909544080495833, "kl": 9.281985461711883e-05, "memory_allocated_GiB": 0.27367639541625977}
{"step": 8200, "samples": 524800, "level_sample_counts": {"L0": 262400, "L1": 262400}, "elapsed_train_s": 1046.8472742490121, "lr": [6.138176746286468e-05, 6.138176746286468e-06], "loss": 0.03199696309864521, "l1": 0.031037781424820422, "kl": 9.591815993189811e-05, "memory_allocated_GiB": 0.27208948135375977}
{"step": 8250, "samples": 528000, "level_sample_counts": {"L0": 264000, "L1": 264000}, "elapsed_train_s": 1050.518211573013, "lr": [6.09340545603188e-05, 6.09340545603188e-06], "loss": 0.03175910241901875, "l1": 0.030883376449346543, "kl": 8.757260628044605e-05, "memory_allocated_GiB": 0.27306604385375977}
{"step": 8300, "samples": 531200, "level_sample_counts": {"L0": 265600, "L1": 265600}, "elapsed_train_s": 1054.1751472949982, "lr": [6.0485419031715516e-05, 6.048541903171552e-06], "loss": 0.03181781440973282, "l1": 0.030928840301930903, "kl": 8.889739401638508e-05, "memory_allocated_GiB": 0.27367639541625977}
{"step": 8350, "samples": 534400, "level_sample_counts": {"L0": 267200, "L1": 267200}, "elapsed_train_s": 1057.8503391440026, "lr": [6.003589873335296e-05, 6.003589873335296e-06], "loss": 0.031703668646514416, "l1": 0.03083324447274208, "kl": 8.704238571226597e-05, "memory_allocated_GiB": 0.27208948135375977}
{"step": 8400, "samples": 537600, "level_sample_counts": {"L0": 268800, "L1": 268800}, "elapsed_train_s": 1061.5415627720067, "lr": [5.958553159618693e-05, 5.958553159618693e-06], "loss": 0.03114193707704544, "l1": 0.03026775922626257, "kl": 8.741778321564198e-05, "memory_allocated_GiB": 0.27306604385375977}
{"step": 8450, "samples": 540800, "level_sample_counts": {"L0": 270400, "L1": 270400}, "elapsed_train_s": 1065.2191564970126, "lr": [5.9134355622630356e-05, 5.913435562263036e-06], "loss": 0.0317025725543499, "l1": 0.030844467543065548, "kl": 8.581050671637058e-05, "memory_allocated_GiB": 0.27367639541625977}
{"step": 8500, "samples": 544000, "level_sample_counts": {"L0": 272000, "L1": 272000}, "elapsed_train_s": 1068.9469954980013, "lr": [5.868240888334653e-05, 5.8682408883346535e-06], "loss": 0.03155895993113518, "l1": 0.03069730669260025, "kl": 8.616534061729908e-05, "memory_allocated_GiB": 0.27208948135375977}
{"step": 8550, "samples": 547200, "level_sample_counts": {"L0": 273600, "L1": 273600}, "elapsed_train_s": 1072.632228174014, "lr": [5.8229729514036705e-05, 5.82297295140367e-06], "loss": 0.031987096033990386, "l1": 0.031108393892645837, "kl": 8.787021040916443e-05, "memory_allocated_GiB": 0.27306604385375977}
{"step": 8600, "samples": 550400, "level_sample_counts": {"L0": 275200, "L1": 275200}, "elapsed_train_s": 1076.3501651179977, "lr": [5.7776355712222166e-05, 5.7776355712222165e-06], "loss": 0.03131439931690693, "l1": 0.030443071983754635, "kl": 8.713272400200367e-05, "memory_allocated_GiB": 0.27367639541625977}
{"step": 8650, "samples": 553600, "level_sample_counts": {"L0": 276800, "L1": 276800}, "elapsed_train_s": 1080.0812293850177, "lr": [5.7322325734021086e-05, 5.732232573402109e-06], "loss": 0.031086842343211175, "l1": 0.030237910002470017, "kl": 8.489323779940605e-05, "memory_allocated_GiB": 0.27208948135375977}
{"step": 8700, "samples": 556800, "level_sample_counts": {"L0": 278400, "L1": 278400}, "elapsed_train_s": 1083.8649477630097, "lr": [5.686767789092041e-05, 5.686767789092041e-06], "loss": 0.03136831544339657, "l1": 0.030519752502441405, "kl": 8.485629223287106e-05, "memory_allocated_GiB": 0.27306604385375977}
{"step": 8750, "samples": 560000, "level_sample_counts": {"L0": 280000, "L1": 280000}, "elapsed_train_s": 1087.541429400997, "lr": [5.641245054654316e-05, 5.6412450546543165e-06], "loss": 0.03155339874327183, "l1": 0.030698921494185925, "kl": 8.544775657355786e-05, "memory_allocated_GiB": 0.27367639541625977}
{"step": 8800, "samples": 563200, "level_sample_counts": {"L0": 281600, "L1": 281600}, "elapsed_train_s": 1091.3352539660118, "lr": [5.595668211341118e-05, 5.5956682113411184e-06], "loss": 0.03104955691844225, "l1": 0.03015105176717043, "kl": 8.985049091279506e-05, "memory_allocated_GiB": 0.27208948135375977}
{"step": 8850, "samples": 566400, "level_sample_counts": {"L0": 283200, "L1": 283200}, "elapsed_train_s": 1095.0062735399988, "lr": [5.550041104970397e-05, 5.550041104970398e-06], "loss": 0.030901269130408762, "l1": 0.030099567025899887, "kl": 8.017023093998433e-05, "memory_allocated_GiB": 0.27306604385375977}
{"step": 8900, "samples": 569600, "level_sample_counts": {"L0": 284800, "L1": 284800}, "elapsed_train_s": 1098.732441803004, "lr": [5.504367585601342e-05, 5.504367585601342e-06], "loss": 0.031016744412481784, "l1": 0.030205370336771013, "kl": 8.1137390807271e-05, "memory_allocated_GiB": 0.27367639541625977}
{"step": 8950, "samples": 572800, "level_sample_counts": {"L0": 286400, "L1": 286400}, "elapsed_train_s": 1102.4802007380058, "lr": [5.458651507209518e-05, 5.458651507209518e-06], "loss": 0.030854280479252337, "l1": 0.03000482514500618, "kl": 8.494552224874496e-05, "memory_allocated_GiB": 0.27208948135375977}
{"step": 9000, "samples": 576000, "level_sample_counts": {"L0": 288000, "L1": 288000}, "elapsed_train_s": 1106.20468033402, "lr": [5.4128967273616625e-05, 5.412896727361663e-06], "loss": 0.030554229840636254, "l1": 0.029735445082187652, "kl": 8.187846280634403e-05, "memory_allocated_GiB": 0.27306604385375977}
DEVELOPMENT {"L0": {"step": 9000, "summary": {"success_once": {"mean": 0.9, "std": 0.30000000000000004}, "return": {"mean": 385.3843078613281, "std": 38.632781982421875}, "episode_len": {"mean": 500.0, "std": 0.0}, "reward": {"mean": 0.770768588256836, "std": 0.07726555816089536}, "last_reward": {"mean": 0.965450781583786, "std": 0.1037454800474522}, "success_at_end": {"mean": 0.9, "std": 0.30000000000000004}}, "stages": {"is_grasped": 20, "is_mug_above_table": 20, "is_mug_contact_rack": 18, "is_obj_placed": 18, "success": 18}}, "L1": {"step": 9000, "summary": {"success_once": {"mean": 0.85, "std": 0.3570714214271425}, "return": {"mean": 353.58856201171875, "std": 44.11848831176758}, "episode_len": {"mean": 500.0, "std": 0.0}, "reward": {"mean": 0.7071770965576173, "std": 0.08823697890271613}, "last_reward": {"mean": 0.9461086511611938, "std": 0.1282936665703367}, "success_at_end": {"mean": 0.85, "std": 0.3570714214271425}}, "stages": {"is_grasped": 20, "is_mug_above_table": 20, "is_mug_contact_rack": 17, "is_obj_placed": 17, "success": 17}}, "L2": {"step": 9000, "summary": {"success_once": {"mean": 0.0, "std": 0.0}, "return": {"mean": 0.25808393955230713, "std": 0.04757120832800865}, "episode_len": {"mean": 500.0, "std": 0.0}, "reward": {"mean": 0.0005161678567528725, "std": 9.514241471208284e-05}, "last_reward": {"mean": 0.0005864202976226807, "std": 0.0001516191799751354}, "success_at_end": {"mean": 0.0, "std": 0.0}}, "stages": {"is_grasped": 0, "is_mug_above_table": 0, "is_mug_contact_rack": 0, "is_obj_placed": 0, "success": 0}}}
{"step": 9050, "samples": 579200, "level_sample_counts": {"L0": 289600, "L1": 289600}, "elapsed_train_s": 1403.974043552007, "lr": [5.367107106890177e-05, 5.367107106890177e-06], "loss": 0.030840312577784062, "l1": 0.030101287476718426, "kl": 7.390250451862813e-05, "memory_allocated_GiB": 0.27367639541625977}
{"step": 9100, "samples": 582400, "level_sample_counts": {"L0": 291200, "L1": 291200}, "elapsed_train_s": 1406.1604606920155, "lr": [5.3212865095673514e-05, 5.321286509567351e-06], "loss": 0.030521833822131157, "l1": 0.029765565954148768, "kl": 7.56267923861742e-05, "memory_allocated_GiB": 0.27208948135375977}
{"step": 9150, "samples": 585600, "level_sample_counts": {"L0": 292800, "L1": 292800}, "elapsed_train_s": 1408.3399906500126, "lr": [5.2754388017793274e-05, 5.275438801779328e-06], "loss": 0.030794007442891597, "l1": 0.030043322034180163, "kl": 7.506853900849819e-05, "memory_allocated_GiB": 0.27306604385375977}
{"step": 9200, "samples": 588800, "level_sample_counts": {"L0": 294400, "L1": 294400}, "elapsed_train_s": 1410.678811823018, "lr": [5.229567852199859e-05, 5.22956785219986e-06], "loss": 0.030423000752925873, "l1": 0.029705427773296832, "kl": 7.175729610025883e-05, "memory_allocated_GiB": 0.27367639541625977}
{"step": 9250, "samples": 592000, "level_sample_counts": {"L0": 296000, "L1": 296000}, "elapsed_train_s": 1412.9649461840163, "lr": [5.183677531463863e-05, 5.183677531463863e-06], "loss": 0.03069115698337555, "l1": 0.029928248077630996, "kl": 7.6290899887681e-05, "memory_allocated_GiB": 0.27208948135375977}
{"step": 9300, "samples": 595200, "level_sample_counts": {"L0": 297600, "L1": 297600}, "elapsed_train_s": 1415.2650937360013, "lr": [5.1377717118408105e-05, 5.137771711840811e-06], "loss": 0.03088842932134867, "l1": 0.030124123096466063, "kl": 7.643061690032482e-05, "memory_allocated_GiB": 0.27306604385375977}
{"step": 9350, "samples": 598400, "level_sample_counts": {"L0": 299200, "L1": 299200}, "elapsed_train_s": 1417.5955185200146, "lr": [5.091854266907987e-05, 5.091854266907987e-06], "loss": 0.030544957183301448, "l1": 0.029803624488413335, "kl": 7.413326762616635e-05, "memory_allocated_GiB": 0.27367639541625977}
{"step": 9400, "samples": 601600, "level_sample_counts": {"L0": 300800, "L1": 300800}, "elapsed_train_s": 1419.9514076600026, "lr": [5.0459290712236326e-05, 5.045929071223633e-06], "loss": 0.03052774239331484, "l1": 0.029779834263026713, "kl": 7.479079999029636e-05, "memory_allocated_GiB": 0.27208948135375977}
{"step": 9450, "samples": 604800, "level_sample_counts": {"L0": 302400, "L1": 302400}, "elapsed_train_s": 1422.5249781400198, "lr": [5e-05, 5e-06], "loss": 0.0305488283932209, "l1": 0.029822035431861876, "kl": 7.267927750945091e-05, "memory_allocated_GiB": 0.27306604385375977}
{"step": 9500, "samples": 608000, "level_sample_counts": {"L0": 304000, "L1": 304000}, "elapsed_train_s": 1424.9986090390012, "lr": [4.9540709287763685e-05, 4.9540709287763685e-06], "loss": 0.030659388937056064, "l1": 0.02992920618504286, "kl": 7.30182696133852e-05, "memory_allocated_GiB": 0.27367639541625977}
{"step": 9550, "samples": 611200, "level_sample_counts": {"L0": 305600, "L1": 305600}, "elapsed_train_s": 1427.500227942015, "lr": [4.908145733092013e-05, 4.908145733092013e-06], "loss": 0.03013463370501995, "l1": 0.029406261034309863, "kl": 7.283727638423442e-05, "memory_allocated_GiB": 0.27208948135375977}
{"step": 9600, "samples": 614400, "level_sample_counts": {"L0": 307200, "L1": 307200}, "elapsed_train_s": 1429.9399520140141, "lr": [4.8622282881591906e-05, 4.862228288159191e-06], "loss": 0.03036132164299488, "l1": 0.029655658677220344, "kl": 7.056629285216331e-05, "memory_allocated_GiB": 0.27306604385375977}
{"step": 9650, "samples": 617600, "level_sample_counts": {"L0": 308800, "L1": 308800}, "elapsed_train_s": 1432.4220769719977, "lr": [4.816322468536139e-05, 4.8163224685361385e-06], "loss": 0.03082127936184406, "l1": 0.030139211118221283, "kl": 6.820683367550373e-05, "memory_allocated_GiB": 0.27367639541625977}
{"step": 9700, "samples": 620800, "level_sample_counts": {"L0": 310400, "L1": 310400}, "elapsed_train_s": 1434.9107870220032, "lr": [4.7704321478001415e-05, 4.770432147800141e-06], "loss": 0.029874565601348876, "l1": 0.02919091671705246, "kl": 6.836488842964173e-05, "memory_allocated_GiB": 0.27208948135375977}
{"step": 9750, "samples": 624000, "level_sample_counts": {"L0": 312000, "L1": 312000}, "elapsed_train_s": 1437.3616239300172, "lr": [4.7245611982206724e-05, 4.724561198220672e-06], "loss": 0.029994149617850782, "l1": 0.029301375783979892, "kl": 6.927738897502422e-05, "memory_allocated_GiB": 0.27306604385375977}
{"step": 9800, "samples": 627200, "level_sample_counts": {"L0": 313600, "L1": 313600}, "elapsed_train_s": 1439.822097226017, "lr": [4.6787134904326504e-05, 4.67871349043265e-06], "loss": 0.02982996538281441, "l1": 0.02915131688117981, "kl": 6.786487065255642e-05, "memory_allocated_GiB": 0.27367639541625977}
{"step": 9850, "samples": 630400, "level_sample_counts": {"L0": 315200, "L1": 315200}, "elapsed_train_s": 1442.243967411021, "lr": [4.6328928931098236e-05, 4.632892893109823e-06], "loss": 0.030301086455583572, "l1": 0.02959507957100868, "kl": 7.060070522129535e-05, "memory_allocated_GiB": 0.27208948135375977}
{"step": 9900, "samples": 633600, "level_sample_counts": {"L0": 316800, "L1": 316800}, "elapsed_train_s": 1444.6973822760046, "lr": [4.5871032726383386e-05, 4.587103272638339e-06], "loss": 0.02990099895745516, "l1": 0.029215422943234443, "kl": 6.855761632323264e-05, "memory_allocated_GiB": 0.27306604385375977}
{"step": 9950, "samples": 636800, "level_sample_counts": {"L0": 318400, "L1": 318400}, "elapsed_train_s": 1447.1805015330028, "lr": [4.541348492790482e-05, 4.541348492790482e-06], "loss": 0.029810981005430223, "l1": 0.029148554503917692, "kl": 6.624265573918819e-05, "memory_allocated_GiB": 0.27367639541625977}
{"step": 10000, "samples": 640000, "level_sample_counts": {"L0": 320000, "L1": 320000}, "elapsed_train_s": 1449.782316605997, "lr": [4.4956324143986596e-05, 4.495632414398659e-06], "loss": 0.02971034150570631, "l1": 0.029036745689809323, "kl": 6.735959090292454e-05, "memory_allocated_GiB": 0.27208948135375977}
{"step": 10050, "samples": 643200, "level_sample_counts": {"L0": 321600, "L1": 321600}, "elapsed_train_s": 1452.3059318209998, "lr": [4.449958895029604e-05, 4.449958895029604e-06], "loss": 0.029914804138243198, "l1": 0.029239982664585114, "kl": 6.748214364051818e-05, "memory_allocated_GiB": 0.27306604385375977}
{"step": 10100, "samples": 646400, "level_sample_counts": {"L0": 323200, "L1": 323200}, "elapsed_train_s": 1454.847533062013, "lr": [4.404331788658882e-05, 4.404331788658882e-06], "loss": 0.02980367708951235, "l1": 0.029118886142969133, "kl": 6.847911514341831e-05, "memory_allocated_GiB": 0.27367639541625977}
{"step": 10150, "samples": 649600, "level_sample_counts": {"L0": 324800, "L1": 324800}, "elapsed_train_s": 1457.3251259750105, "lr": [4.358754945345684e-05, 4.358754945345684e-06], "loss": 0.029456082209944726, "l1": 0.02879419595003128, "kl": 6.618862040340901e-05, "memory_allocated_GiB": 0.27208948135375977}
{"step": 10200, "samples": 652800, "level_sample_counts": {"L0": 326400, "L1": 326400}, "elapsed_train_s": 1459.846570433001, "lr": [4.3132322109079596e-05, 4.313232210907959e-06], "loss": 0.029616256579756736, "l1": 0.028972766399383544, "kl": 6.434902548789979e-05, "memory_allocated_GiB": 0.27306604385375977}
{"step": 10250, "samples": 656000, "level_sample_counts": {"L0": 328000, "L1": 328000}, "elapsed_train_s": 1462.3997436790087, "lr": [4.267767426597893e-05, 4.267767426597893e-06], "loss": 0.029453287683427334, "l1": 0.0288077874481678, "kl": 6.455001421272755e-05, "memory_allocated_GiB": 0.27367639541625977}
{"step": 10300, "samples": 659200, "level_sample_counts": {"L0": 329600, "L1": 329600}, "elapsed_train_s": 1464.9302225040155, "lr": [4.222364428777786e-05, 4.222364428777786e-06], "loss": 0.029566823579370974, "l1": 0.028927225433290005, "kl": 6.395981647074223e-05, "memory_allocated_GiB": 0.27208948135375977}
{"step": 10350, "samples": 662400, "level_sample_counts": {"L0": 331200, "L1": 331200}, "elapsed_train_s": 1467.3681572390196, "lr": [4.17702704859633e-05, 4.17702704859633e-06], "loss": 0.029452178403735162, "l1": 0.028819755278527738, "kl": 6.324229761958122e-05, "memory_allocated_GiB": 0.27306604385375977}
{"step": 10400, "samples": 665600, "level_sample_counts": {"L0": 332800, "L1": 332800}, "elapsed_train_s": 1469.835990045016, "lr": [4.131759111665349e-05, 4.131759111665349e-06], "loss": 0.029451768100261688, "l1": 0.028804388903081415, "kl": 6.473792716860772e-05, "memory_allocated_GiB": 0.27367639541625977}
{"step": 10450, "samples": 668800, "level_sample_counts": {"L0": 334400, "L1": 334400}, "elapsed_train_s": 1472.2854776059976, "lr": [4.086564437736966e-05, 4.0865644377369666e-06], "loss": 0.029259980544447898, "l1": 0.028654144257307054, "kl": 6.0583623126149176e-05, "memory_allocated_GiB": 0.27208948135375977}
{"step": 10500, "samples": 672000, "level_sample_counts": {"L0": 336000, "L1": 336000}, "elapsed_train_s": 1474.7651805560163, "lr": [4.0414468403813095e-05, 4.041446840381309e-06], "loss": 0.029262614101171494, "l1": 0.028655521273612976, "kl": 6.070926785469055e-05, "memory_allocated_GiB": 0.27306604385375977}
{"step": 10550, "samples": 675200, "level_sample_counts": {"L0": 337600, "L1": 337600}, "elapsed_train_s": 1477.235103170009, "lr": [3.9964101266647044e-05, 3.996410126664705e-06], "loss": 0.029342972859740257, "l1": 0.028712913878262043, "kl": 6.300590001046658e-05, "memory_allocated_GiB": 0.27367639541625977}
{"step": 10600, "samples": 678400, "level_sample_counts": {"L0": 339200, "L1": 339200}, "elapsed_train_s": 1479.7010532779968, "lr": [3.951458096828449e-05, 3.951458096828449e-06], "loss": 0.02923224501311779, "l1": 0.02865328811109066, "kl": 5.789568647742271e-05, "memory_allocated_GiB": 0.27208948135375977}
{"step": 10650, "samples": 681600, "level_sample_counts": {"L0": 340800, "L1": 340800}, "elapsed_train_s": 1482.2182851000107, "lr": [3.9065945439681214e-05, 3.906594543968122e-06], "loss": 0.029389150254428387, "l1": 0.02878338374197483, "kl": 6.05766661465168e-05, "memory_allocated_GiB": 0.27306604385375977}
{"step": 10700, "samples": 684800, "level_sample_counts": {"L0": 342400, "L1": 342400}, "elapsed_train_s": 1484.7118041150097, "lr": [3.861823253713535e-05, 3.861823253713535e-06], "loss": 0.029522366262972354, "l1": 0.028912822939455508, "kl": 6.095432676374912e-05, "memory_allocated_GiB": 0.27367639541625977}
{"step": 10750, "samples": 688000, "level_sample_counts": {"L0": 344000, "L1": 344000}, "elapsed_train_s": 1487.1805772499938, "lr": [3.817148003909288e-05, 3.817148003909288e-06], "loss": 0.02964990358799696, "l1": 0.02903568521142006, "kl": 6.142184138298034e-05, "memory_allocated_GiB": 0.27208948135375977}
{"step": 10800, "samples": 691200, "level_sample_counts": {"L0": 345600, "L1": 345600}, "elapsed_train_s": 1489.698268512002, "lr": [3.772572564296005e-05, 3.7725725642960047e-06], "loss": 0.029061994291841985, "l1": 0.028454097025096416, "kl": 6.078973412513733e-05, "memory_allocated_GiB": 0.27306604385375977}
{"step": 10850, "samples": 694400, "level_sample_counts": {"L0": 347200, "L1": 347200}, "elapsed_train_s": 1492.163774451008, "lr": [3.728100696192218e-05, 3.7281006961922184e-06], "loss": 0.02917313925921917, "l1": 0.0285539523139596, "kl": 6.191869266331196e-05, "memory_allocated_GiB": 0.27367639541625977}
{"step": 10900, "samples": 697600, "level_sample_counts": {"L0": 348800, "L1": 348800}, "elapsed_train_s": 1494.5656863129989, "lr": [3.683736152177005e-05, 3.6837361521770056e-06], "loss": 0.028952506892383097, "l1": 0.028369565308094025, "kl": 5.829415284097195e-05, "memory_allocated_GiB": 0.27208948135375977}
{"step": 10950, "samples": 700800, "level_sample_counts": {"L0": 350400, "L1": 350400}, "elapsed_train_s": 1496.68379207002, "lr": [3.639482675773324e-05, 3.639482675773324e-06], "loss": 0.02880344685167074, "l1": 0.02822583880275488, "kl": 5.776080302894116e-05, "memory_allocated_GiB": 0.27306604385375977}
{"step": 11000, "samples": 704000, "level_sample_counts": {"L0": 352000, "L1": 352000}, "elapsed_train_s": 1499.0364670850104, "lr": [3.595344001132154e-05, 3.595344001132154e-06], "loss": 0.029008187353610992, "l1": 0.028491529524326323, "kl": 5.166578106582165e-05, "memory_allocated_GiB": 0.27367639541625977}
{"step": 11050, "samples": 707200, "level_sample_counts": {"L0": 353600, "L1": 353600}, "elapsed_train_s": 1502.939172770013, "lr": [3.551323852717378e-05, 3.5513238527173775e-06], "loss": 0.028568120673298836, "l1": 0.028010569475591184, "kl": 5.5755116045475005e-05, "memory_allocated_GiB": 0.27208948135375977}
{"step": 11100, "samples": 710400, "level_sample_counts": {"L0": 355200, "L1": 355200}, "elapsed_train_s": 1506.8274958940165, "lr": [3.5074259449915284e-05, 3.507425944991529e-06], "loss": 0.02860728044062853, "l1": 0.028072330392897128, "kl": 5.349499173462391e-05, "memory_allocated_GiB": 0.27306604385375977}
{"step": 11150, "samples": 713600, "level_sample_counts": {"L0": 356800, "L1": 356800}, "elapsed_train_s": 1510.6464427570172, "lr": [3.463653982102347e-05, 3.4636539821023475e-06], "loss": 0.028782347552478313, "l1": 0.028223831243813037, "kl": 5.585161969065666e-05, "memory_allocated_GiB": 0.27367639541625977}
{"step": 11200, "samples": 716800, "level_sample_counts": {"L0": 358400, "L1": 358400}, "elapsed_train_s": 1514.4059064559988, "lr": [3.420011657570238e-05, 3.420011657570238e-06], "loss": 0.028763567097485065, "l1": 0.028219159357249737, "kl": 5.444078706204891e-05, "memory_allocated_GiB": 0.27208948135375977}
{"step": 11250, "samples": 720000, "level_sample_counts": {"L0": 360000, "L1": 360000}, "elapsed_train_s": 1518.1699933210039, "lr": [3.3765026539765834e-05, 3.3765026539765832e-06], "loss": 0.028257360309362413, "l1": 0.027688371911644936, "kl": 5.6898845359683035e-05, "memory_allocated_GiB": 0.27306604385375977}
{"step": 11300, "samples": 723200, "level_sample_counts": {"L0": 361600, "L1": 361600}, "elapsed_train_s": 1521.9566357260046, "lr": [3.333130642653024e-05, 3.333130642653024e-06], "loss": 0.028624077700078486, "l1": 0.028058017939329147, "kl": 5.660598166286945e-05, "memory_allocated_GiB": 0.27367639541625977}
{"step": 11350, "samples": 726400, "level_sample_counts": {"L0": 363200, "L1": 363200}, "elapsed_train_s": 1525.8642046650057, "lr": [3.289899283371657e-05, 3.289899283371657e-06], "loss": 0.028742288500070573, "l1": 0.028243253529071807, "kl": 4.990348592400551e-05, "memory_allocated_GiB": 0.27208948135375977}
{"step": 11400, "samples": 729600, "level_sample_counts": {"L0": 364800, "L1": 364800}, "elapsed_train_s": 1529.6619473560131, "lr": [3.2468122240362284e-05, 3.2468122240362287e-06], "loss": 0.028719852343201638, "l1": 0.02815352376550436, "kl": 5.6632859632372856e-05, "memory_allocated_GiB": 0.27306604385375977}
{"step": 11450, "samples": 732800, "level_sample_counts": {"L0": 366400, "L1": 366400}, "elapsed_train_s": 1533.4469879130193, "lr": [3.203873100374314e-05, 3.203873100374314e-06], "loss": 0.0287263960018754, "l1": 0.028174806386232376, "kl": 5.515895783901215e-05, "memory_allocated_GiB": 0.27367639541625977}
{"step": 11500, "samples": 736000, "level_sample_counts": {"L0": 368000, "L1": 368000}, "elapsed_train_s": 1537.1944299180177, "lr": [3.1610855356305354e-05, 3.1610855356305354e-06], "loss": 0.02836339723318815, "l1": 0.027837908565998076, "kl": 5.254887975752354e-05, "memory_allocated_GiB": 0.27208948135375977}
{"step": 11550, "samples": 739200, "level_sample_counts": {"L0": 369600, "L1": 369600}, "elapsed_train_s": 1541.0433860229969, "lr": [3.118453140260823e-05, 3.118453140260823e-06], "loss": 0.02801476899534464, "l1": 0.027525814473628996, "kl": 4.889544099569321e-05, "memory_allocated_GiB": 0.27306604385375977}
{"step": 11600, "samples": 742400, "level_sample_counts": {"L0": 371200, "L1": 371200}, "elapsed_train_s": 1544.804420030996, "lr": [3.0759795116277725e-05, 3.0759795116277723e-06], "loss": 0.028344354555010796, "l1": 0.02782442469149828, "kl": 5.1992982625961305e-05, "memory_allocated_GiB": 0.27367639541625977}
{"step": 11650, "samples": 745600, "level_sample_counts": {"L0": 372800, "L1": 372800}, "elapsed_train_s": 1548.5962827990006, "lr": [3.0336682336970846e-05, 3.0336682336970845e-06], "loss": 0.028440695963799955, "l1": 0.0279416910558939, "kl": 4.990049637854099e-05, "memory_allocated_GiB": 0.27208948135375977}
{"step": 11700, "samples": 748800, "level_sample_counts": {"L0": 374400, "L1": 374400}, "elapsed_train_s": 1552.3888847150083, "lr": [2.991522876735154e-05, 2.991522876735154e-06], "loss": 0.028311882950365543, "l1": 0.02778102084994316, "kl": 5.308621563017368e-05, "memory_allocated_GiB": 0.27306604385375977}
{"step": 11750, "samples": 752000, "level_sample_counts": {"L0": 376000, "L1": 376000}, "elapsed_train_s": 1556.2300504500163, "lr": [2.9495469970078e-05, 2.9495469970078e-06], "loss": 0.02809474278241396, "l1": 0.027603082060813904, "kl": 4.916607402265072e-05, "memory_allocated_GiB": 0.27367639541625977}
{"step": 11800, "samples": 755200, "level_sample_counts": {"L0": 377600, "L1": 377600}, "elapsed_train_s": 1559.9472228550003, "lr": [2.9077441364801938e-05, 2.907744136480194e-06], "loss": 0.02827150359749794, "l1": 0.027737660221755504, "kl": 5.3384341299533844e-05, "memory_allocated_GiB": 0.27208948135375977}
{"step": 11850, "samples": 758400, "level_sample_counts": {"L0": 379200, "L1": 379200}, "elapsed_train_s": 1563.6645106289943, "lr": [2.866117822517982e-05, 2.866117822517982e-06], "loss": 0.028085365034639834, "l1": 0.027595824263989925, "kl": 4.8954077064991e-05, "memory_allocated_GiB": 0.27306604385375977}
{"step": 11900, "samples": 761600, "level_sample_counts": {"L0": 380800, "L1": 380800}, "elapsed_train_s": 1567.5430902850057, "lr": [2.824671567589635e-05, 2.8246715675896354e-06], "loss": 0.02800125055015087, "l1": 0.02752864945679903, "kl": 4.72601130604744e-05, "memory_allocated_GiB": 0.27367639541625977}
{"step": 11950, "samples": 764800, "level_sample_counts": {"L0": 382400, "L1": 382400}, "elapsed_train_s": 1571.2250892650045, "lr": [2.783408868970071e-05, 2.783408868970071e-06], "loss": 0.027943251393735408, "l1": 0.027445881441235543, "kl": 4.973701201379299e-05, "memory_allocated_GiB": 0.27208948135375977}
{"step": 12000, "samples": 768000, "level_sample_counts": {"L0": 384000, "L1": 384000}, "elapsed_train_s": 1575.107419447013, "lr": [2.7423332084455544e-05, 2.7423332084455543e-06], "loss": 0.02809468060731888, "l1": 0.02759051598608494, "kl": 5.0416477024555205e-05, "memory_allocated_GiB": 0.27306604385375977}
{"step": 12050, "samples": 771200, "level_sample_counts": {"L0": 385600, "L1": 385600}, "elapsed_train_s": 1578.7727438080183, "lr": [2.701448052019888e-05, 2.7014480520198882e-06], "loss": 0.028344188742339613, "l1": 0.02780479446053505, "kl": 5.393942818045616e-05, "memory_allocated_GiB": 0.27367639541625977}
{"step": 12100, "samples": 774400, "level_sample_counts": {"L0": 387200, "L1": 387200}, "elapsed_train_s": 1582.4460199500027, "lr": [2.660756849621962e-05, 2.660756849621962e-06], "loss": 0.028015712536871434, "l1": 0.027517241388559342, "kl": 4.9847112968564034e-05, "memory_allocated_GiB": 0.27208948135375977}
{"step": 12150, "samples": 777600, "level_sample_counts": {"L0": 388800, "L1": 388800}, "elapsed_train_s": 1586.2517662699975, "lr": [2.6202630348146324e-05, 2.6202630348146323e-06], "loss": 0.028023100793361663, "l1": 0.027513660714030264, "kl": 5.09440153837204e-05, "memory_allocated_GiB": 0.27306604385375977}
{"step": 12200, "samples": 780800, "level_sample_counts": {"L0": 390400, "L1": 390400}, "elapsed_train_s": 1590.0042053590005, "lr": [2.5799700245050074e-05, 2.5799700245050074e-06], "loss": 0.02820657264441252, "l1": 0.02771921958774328, "kl": 4.873530939221382e-05, "memory_allocated_GiB": 0.27367639541625977}
{"step": 12250, "samples": 784000, "level_sample_counts": {"L0": 392000, "L1": 392000}, "elapsed_train_s": 1593.7658850070147, "lr": [2.5398812186561095e-05, 2.5398812186561095e-06], "loss": 0.027990986071527005, "l1": 0.02750295989215374, "kl": 4.8802616074681285e-05, "memory_allocated_GiB": 0.27208948135375977}
{"step": 12300, "samples": 787200, "level_sample_counts": {"L0": 393600, "L1": 393600}, "elapsed_train_s": 1597.5455023410032, "lr": [2.500000000000001e-05, 2.5000000000000015e-06], "loss": 0.028103354051709176, "l1": 0.02763962410390377, "kl": 4.6372972428798674e-05, "memory_allocated_GiB": 0.27306604385375977}
{"step": 12350, "samples": 790400, "level_sample_counts": {"L0": 395200, "L1": 395200}, "elapsed_train_s": 1601.3305238980101, "lr": [2.4603297337523294e-05, 2.4603297337523297e-06], "loss": 0.027976236045360564, "l1": 0.02751555498689413, "kl": 4.60681039839983e-05, "memory_allocated_GiB": 0.27367639541625977}
{"step": 12400, "samples": 793600, "level_sample_counts": {"L0": 396800, "L1": 396800}, "elapsed_train_s": 1605.0610176850169, "lr": [2.4208737673283815e-05, 2.4208737673283818e-06], "loss": 0.028011816777288912, "l1": 0.027542024031281472, "kl": 4.697928205132485e-05, "memory_allocated_GiB": 0.27208948135375977}
{"step": 12450, "samples": 796800, "level_sample_counts": {"L0": 398400, "L1": 398400}, "elapsed_train_s": 1608.8576737669937, "lr": [2.381635430060611e-05, 2.381635430060611e-06], "loss": 0.02787256333976984, "l1": 0.02741292506456375, "kl": 4.59638237953186e-05, "memory_allocated_GiB": 0.27306604385375977}
{"step": 12500, "samples": 800000, "level_sample_counts": {"L0": 400000, "L1": 400000}, "elapsed_train_s": 1612.7073968110199, "lr": [2.3426180329177215e-05, 2.3426180329177217e-06], "loss": 0.027465444058179855, "l1": 0.02701216984540224, "kl": 4.5327423140406606e-05, "memory_allocated_GiB": 0.27367639541625977}
{"step": 12550, "samples": 803200, "level_sample_counts": {"L0": 401600, "L1": 401600}, "elapsed_train_s": 1616.408776716009, "lr": [2.3038248682252693e-05, 2.3038248682252695e-06], "loss": 0.027888322658836843, "l1": 0.02742317512631416, "kl": 4.651476629078388e-05, "memory_allocated_GiB": 0.27208948135375977}
{"step": 12600, "samples": 806400, "level_sample_counts": {"L0": 403200, "L1": 403200}, "elapsed_train_s": 1620.1075520640006, "lr": [2.2652592093878666e-05, 2.265259209387867e-06], "loss": 0.027561170496046544, "l1": 0.027114998921751975, "kl": 4.461715929210186e-05, "memory_allocated_GiB": 0.27306604385375977}
DEVELOPMENT {"L0": {"step": 12600, "summary": {"success_once": {"mean": 0.95, "std": 0.21794494717703372}, "return": {"mean": 393.4419860839844, "std": 31.85600471496582}, "episode_len": {"mean": 500.0, "std": 0.0}, "reward": {"mean": 0.7868839569091797, "std": 0.06371201164952434}, "last_reward": {"mean": 0.9821448177099228, "std": 0.0778289352209437}, "success_at_end": {"mean": 0.95, "std": 0.21794494717703372}}, "stages": {"is_grasped": 20, "is_mug_above_table": 20, "is_mug_contact_rack": 19, "is_obj_placed": 19, "success": 19}}, "L1": {"step": 12600, "summary": {"success_once": {"mean": 0.75, "std": 0.4330127018922193}, "return": {"mean": 348.48358154296875, "std": 49.97111892700195}, "episode_len": {"mean": 500.0, "std": 0.0}, "reward": {"mean": 0.6969672363281249, "std": 0.09994223569618169}, "last_reward": {"mean": 0.9107446074485779, "std": 0.15461455567126273}, "success_at_end": {"mean": 0.75, "std": 0.4330127018922193}}, "stages": {"is_grasped": 20, "is_mug_above_table": 20, "is_mug_contact_rack": 15, "is_obj_placed": 15, "success": 15}}, "L2": {"step": 12600, "summary": {"success_once": {"mean": 0.0, "std": 0.0}, "return": {"mean": 0.2416951209306717, "std": 0.04778088256716728}, "episode_len": {"mean": 500.0, "std": 0.0}, "reward": {"mean": 0.0004833902612328531, "std": 9.556176376172119e-05}, "last_reward": {"mean": 0.0005251996219158173, "std": 0.00015638944592798076}, "success_at_end": {"mean": 0.0, "std": 0.0}}, "stages": {"is_grasped": 0, "is_mug_above_table": 0, "is_mug_contact_rack": 0, "is_obj_placed": 0, "success": 0}}}
{"step": 12650, "samples": 809600, "level_sample_counts": {"L0": 404800, "L1": 404800}, "elapsed_train_s": 1916.312049650005, "lr": [2.226924310612956e-05, 2.2269243106129563e-06], "loss": 0.02786197166889906, "l1": 0.027414020113646985, "kl": 4.479514434933662e-05, "memory_allocated_GiB": 0.27367639541625977}
{"step": 12700, "samples": 812800, "level_sample_counts": {"L0": 406400, "L1": 406400}, "elapsed_train_s": 1918.4861447650183, "lr": [2.1888234066362302e-05, 2.1888234066362303e-06], "loss": 0.027788344658911227, "l1": 0.027346589677035807, "kl": 4.417547956109047e-05, "memory_allocated_GiB": 0.27208948135375977}
{"step": 12750, "samples": 816000, "level_sample_counts": {"L0": 408000, "L1": 408000}, "elapsed_train_s": 1920.8462489700178, "lr": [2.150959712448669e-05, 2.1509597124486693e-06], "loss": 0.027586770616471766, "l1": 0.027132729291915892, "kl": 4.540412686765194e-05, "memory_allocated_GiB": 0.27306604385375977}
{"step": 12800, "samples": 819200, "level_sample_counts": {"L0": 409600, "L1": 409600}, "elapsed_train_s": 1923.2283464469947, "lr": [2.1133364230252688e-05, 2.113336423025269e-06], "loss": 0.02779743153601885, "l1": 0.02732110496610403, "kl": 4.763264209032059e-05, "memory_allocated_GiB": 0.27367639541625977}
{"step": 12850, "samples": 822400, "level_sample_counts": {"L0": 411200, "L1": 411200}, "elapsed_train_s": 1925.4632265940018, "lr": [2.075956713055432e-05, 2.075956713055432e-06], "loss": 0.027592544108629227, "l1": 0.027126344963908196, "kl": 4.661992192268372e-05, "memory_allocated_GiB": 0.27208948135375977}
{"step": 12900, "samples": 825600, "level_sample_counts": {"L0": 412800, "L1": 412800}, "elapsed_train_s": 1927.8287368919991, "lr": [2.0388237366751006e-05, 2.0388237366751005e-06], "loss": 0.027456980980932712, "l1": 0.02699421614408493, "kl": 4.627648741006851e-05, "memory_allocated_GiB": 0.27306604385375977}
{"step": 12950, "samples": 828800, "level_sample_counts": {"L0": 414400, "L1": 414400}, "elapsed_train_s": 1930.1224193829985, "lr": [2.0019406272005915e-05, 2.0019406272005913e-06], "loss": 0.02755056820809841, "l1": 0.027107241712510586, "kl": 4.4332668185234067e-05, "memory_allocated_GiB": 0.27367639541625977}
{"step": 13000, "samples": 832000, "level_sample_counts": {"L0": 416000, "L1": 416000}, "elapsed_train_s": 1932.8789997970161, "lr": [1.9653104968642173e-05, 1.965310496864217e-06], "loss": 0.02715464133769274, "l1": 0.026741459593176843, "kl": 4.131816327571869e-05, "memory_allocated_GiB": 0.27208948135375977}
{"step": 13050, "samples": 835200, "level_sample_counts": {"L0": 417600, "L1": 417600}, "elapsed_train_s": 1935.5293227180082, "lr": [1.928936436551661e-05, 1.928936436551661e-06], "loss": 0.027084649950265886, "l1": 0.026657595299184322, "kl": 4.270547069609165e-05, "memory_allocated_GiB": 0.27306604385375977}
{"step": 13100, "samples": 838400, "level_sample_counts": {"L0": 419200, "L1": 419200}, "elapsed_train_s": 1938.0918695820146, "lr": [1.8928215155411773e-05, 1.8928215155411773e-06], "loss": 0.02742423802614212, "l1": 0.02698937065899372, "kl": 4.3486729264259335e-05, "memory_allocated_GiB": 0.27367639541625977}
{"step": 13150, "samples": 841600, "level_sample_counts": {"L0": 420800, "L1": 420800}, "elapsed_train_s": 1940.5689722660172, "lr": [1.8569687812445896e-05, 1.8569687812445898e-06], "loss": 0.027352927662432195, "l1": 0.026940583363175393, "kl": 4.123443737626076e-05, "memory_allocated_GiB": 0.27208948135375977}
{"step": 13200, "samples": 844800, "level_sample_counts": {"L0": 422400, "L1": 422400}, "elapsed_train_s": 1943.0513206440082, "lr": [1.821381258950161e-05, 1.8213812589501611e-06], "loss": 0.02701280988752842, "l1": 0.02658894881606102, "kl": 4.2386101558804515e-05, "memory_allocated_GiB": 0.27306604385375977}
{"step": 13250, "samples": 848000, "level_sample_counts": {"L0": 424000, "L1": 424000}, "elapsed_train_s": 1945.4835073460126, "lr": [1.7860619515673033e-05, 1.7860619515673034e-06], "loss": 0.02753133688122034, "l1": 0.02711086578667164, "kl": 4.204710945487022e-05, "memory_allocated_GiB": 0.27367639541625977}
{"step": 13300, "samples": 851200, "level_sample_counts": {"L0": 425600, "L1": 425600}, "elapsed_train_s": 1947.905770761019, "lr": [1.7510138393732028e-05, 1.7510138393732029e-06], "loss": 0.027386106327176096, "l1": 0.026963537819683553, "kl": 4.225684329867363e-05, "memory_allocated_GiB": 0.27208948135375977}
{"step": 13350, "samples": 854400, "level_sample_counts": {"L0": 427200, "L1": 427200}, "elapsed_train_s": 1950.4190644490009, "lr": [1.7162398797613282e-05, 1.7162398797613284e-06], "loss": 0.0271170886605978, "l1": 0.026704182513058186, "kl": 4.12906426936388e-05, "memory_allocated_GiB": 0.27306604385375977}
{"step": 13400, "samples": 857600, "level_sample_counts": {"L0": 428800, "L1": 428800}, "elapsed_train_s": 1952.8931614670146, "lr": [1.681743006991894e-05, 1.6817430069918939e-06], "loss": 0.027116841152310372, "l1": 0.02671272948384285, "kl": 4.041116684675217e-05, "memory_allocated_GiB": 0.27367639541625977}
{"step": 13450, "samples": 860800, "level_sample_counts": {"L0": 430400, "L1": 430400}, "elapsed_train_s": 1955.371253350022, "lr": [1.6475261319442553e-05, 1.6475261319442553e-06], "loss": 0.027213737703859806, "l1": 0.02681841891258955, "kl": 3.9531867951154706e-05, "memory_allocated_GiB": 0.27208948135375977}
{"step": 13500, "samples": 864000, "level_sample_counts": {"L0": 432000, "L1": 432000}, "elapsed_train_s": 1957.8645692730206, "lr": [1.6135921418712956e-05, 1.6135921418712959e-06], "loss": 0.027125457003712654, "l1": 0.026730571910738944, "kl": 3.948850557208061e-05, "memory_allocated_GiB": 0.27306604385375977}
{"step": 13550, "samples": 867200, "level_sample_counts": {"L0": 433600, "L1": 433600}, "elapsed_train_s": 1960.3507692560088, "lr": [1.5799439001557846e-05, 1.5799439001557847e-06], "loss": 0.02746829066425562, "l1": 0.027087220251560212, "kl": 3.810704685747623e-05, "memory_allocated_GiB": 0.27367639541625977}
{"step": 13600, "samples": 870400, "level_sample_counts": {"L0": 435200, "L1": 435200}, "elapsed_train_s": 1962.814364788006, "lr": [1.5465842460687784e-05, 1.5465842460687786e-06], "loss": 0.02717691581696272, "l1": 0.026769455820322037, "kl": 4.074600525200367e-05, "memory_allocated_GiB": 0.27208948135375977}
{"step": 13650, "samples": 873600, "level_sample_counts": {"L0": 436800, "L1": 436800}, "elapsed_train_s": 1965.3257893080008, "lr": [1.5135159945300231e-05, 1.5135159945300232e-06], "loss": 0.02713403955101967, "l1": 0.026723936572670935, "kl": 4.10103052854538e-05, "memory_allocated_GiB": 0.27306604385375977}
{"step": 13700, "samples": 876800, "level_sample_counts": {"L0": 438400, "L1": 438400}, "elapsed_train_s": 1967.7714944629988, "lr": [1.4807419358704433e-05, 1.4807419358704433e-06], "loss": 0.027202328480780125, "l1": 0.02679161537438631, "kl": 4.107133485376835e-05, "memory_allocated_GiB": 0.27367639541625977}
{"step": 13750, "samples": 880000, "level_sample_counts": {"L0": 440000, "L1": 440000}, "elapsed_train_s": 1970.2652427160065, "lr": [1.44826483559668e-05, 1.44826483559668e-06], "loss": 0.026896470449864863, "l1": 0.026494401656091213, "kl": 4.020688124001026e-05, "memory_allocated_GiB": 0.27208948135375977}
{"step": 13800, "samples": 883200, "level_sample_counts": {"L0": 441600, "L1": 441600}, "elapsed_train_s": 1972.7702800940024, "lr": [1.4160874341577446e-05, 1.4160874341577447e-06], "loss": 0.0272784686088562, "l1": 0.026886058673262596, "kl": 3.92409972846508e-05, "memory_allocated_GiB": 0.27306604385375977}
{"step": 13850, "samples": 886400, "level_sample_counts": {"L0": 443200, "L1": 443200}, "elapsed_train_s": 1975.23275082701, "lr": [1.3842124467137662e-05, 1.3842124467137664e-06], "loss": 0.02714358512312174, "l1": 0.02674334928393364, "kl": 4.00235690176487e-05, "memory_allocated_GiB": 0.27367639541625977}
{"step": 13900, "samples": 889600, "level_sample_counts": {"L0": 444800, "L1": 444800}, "elapsed_train_s": 1977.705023668008, "lr": [1.3526425629068967e-05, 1.3526425629068968e-06], "loss": 0.026757574528455733, "l1": 0.026364384591579436, "kl": 3.9318995550274846e-05, "memory_allocated_GiB": 0.27208948135375977}
{"step": 13950, "samples": 892800, "level_sample_counts": {"L0": 446400, "L1": 446400}, "elapsed_train_s": 1980.1686873199942, "lr": [1.3213804466343421e-05, 1.321380446634342e-06], "loss": 0.027405759915709496, "l1": 0.0269922399148345, "kl": 4.135200753808021e-05, "memory_allocated_GiB": 0.27306604385375977}
{"step": 14000, "samples": 896000, "level_sample_counts": {"L0": 448000, "L1": 448000}, "elapsed_train_s": 1982.6058739750006, "lr": [1.2904287358235928e-05, 1.290428735823593e-06], "loss": 0.027165303342044353, "l1": 0.026753154471516608, "kl": 4.121487960219383e-05, "memory_allocated_GiB": 0.27367639541625977}
{"step": 14050, "samples": 899200, "level_sample_counts": {"L0": 449600, "L1": 449600}, "elapsed_train_s": 1985.1645335350186, "lr": [1.259790042209823e-05, 1.259790042209823e-06], "loss": 0.026763438060879708, "l1": 0.026371444463729857, "kl": 3.919936716556549e-05, "memory_allocated_GiB": 0.27208948135375977}
{"step": 14100, "samples": 902400, "level_sample_counts": {"L0": 451200, "L1": 451200}, "elapsed_train_s": 1987.7012359420187, "lr": [1.2294669511155193e-05, 1.2294669511155193e-06], "loss": 0.026890523061156274, "l1": 0.026508962735533714, "kl": 3.815603442490101e-05, "memory_allocated_GiB": 0.27306604385375977}
{"step": 14150, "samples": 905600, "level_sample_counts": {"L0": 452800, "L1": 452800}, "elapsed_train_s": 1990.2092141860048, "lr": [1.1994620212323177e-05, 1.1994620212323177e-06], "loss": 0.026699844151735305, "l1": 0.026313294768333436, "kl": 3.865492530167103e-05, "memory_allocated_GiB": 0.27367639541625977}
{"step": 14200, "samples": 908800, "level_sample_counts": {"L0": 454400, "L1": 454400}, "elapsed_train_s": 1992.6712850200129, "lr": [1.1697777844051105e-05, 1.1697777844051105e-06], "loss": 0.026752303056418895, "l1": 0.026359081752598285, "kl": 3.93221341073513e-05, "memory_allocated_GiB": 0.27208948135375977}
{"step": 14250, "samples": 912000, "level_sample_counts": {"L0": 456000, "L1": 456000}, "elapsed_train_s": 1995.1840318790055, "lr": [1.1404167454183957e-05, 1.1404167454183957e-06], "loss": 0.027292892523109912, "l1": 0.0269085094332695, "kl": 3.8438308984041214e-05, "memory_allocated_GiB": 0.27306604385375977}
{"step": 14300, "samples": 915200, "level_sample_counts": {"L0": 457600, "L1": 457600}, "elapsed_train_s": 1997.6881705179985, "lr": [1.111381381784931e-05, 1.1113813817849312e-06], "loss": 0.02695305671542883, "l1": 0.02658599279820919, "kl": 3.6706384271383286e-05, "memory_allocated_GiB": 0.27367639541625977}
{"step": 14350, "samples": 918400, "level_sample_counts": {"L0": 459200, "L1": 459200}, "elapsed_train_s": 2000.199902278022, "lr": [1.0826741435366695e-05, 1.0826741435366694e-06], "loss": 0.026819496862590313, "l1": 0.02645061567425728, "kl": 3.688810393214226e-05, "memory_allocated_GiB": 0.27208948135375977}
{"step": 14400, "samples": 921600, "level_sample_counts": {"L0": 460800, "L1": 460800}, "elapsed_train_s": 2002.6965587180166, "lr": [1.0542974530180327e-05, 1.0542974530180327e-06], "loss": 0.026977939680218697, "l1": 0.0266088492795825, "kl": 3.6909030750393865e-05, "memory_allocated_GiB": 0.27306604385375977}
{"step": 14450, "samples": 924800, "level_sample_counts": {"L0": 462400, "L1": 462400}, "elapsed_train_s": 2005.1631071059965, "lr": [1.0262537046815018e-05, 1.026253704681502e-06], "loss": 0.026749888360500337, "l1": 0.026376644261181355, "kl": 3.732442855834961e-05, "memory_allocated_GiB": 0.27367639541625977}
{"step": 14500, "samples": 928000, "level_sample_counts": {"L0": 464000, "L1": 464000}, "elapsed_train_s": 2007.3495499290002, "lr": [9.985452648855803e-06, 9.985452648855803e-07], "loss": 0.02687338810414076, "l1": 0.02651965420693159, "kl": 3.53733915835619e-05, "memory_allocated_GiB": 0.27208948135375977}
{"step": 14550, "samples": 931200, "level_sample_counts": {"L0": 465600, "L1": 465600}, "elapsed_train_s": 2009.5061244870012, "lr": [9.711744716951093e-06, 9.711744716951093e-07], "loss": 0.026753903105854987, "l1": 0.026373622566461564, "kl": 3.8028070703148843e-05, "memory_allocated_GiB": 0.27306604385375977}
{"step": 14600, "samples": 934400, "level_sample_counts": {"L0": 467200, "L1": 467200}, "elapsed_train_s": 2013.1246938790136, "lr": [9.441436346839894e-06, 9.441436346839894e-07], "loss": 0.026995778791606428, "l1": 0.026627126410603524, "kl": 3.686523996293545e-05, "memory_allocated_GiB": 0.27367639541625977}
{"step": 14650, "samples": 937600, "level_sample_counts": {"L0": 468800, "L1": 468800}, "elapsed_train_s": 2016.9945515560103, "lr": [9.174550347402855e-06, 9.174550347402856e-07], "loss": 0.027199791856110097, "l1": 0.026840699836611748, "kl": 3.5909200087189674e-05, "memory_allocated_GiB": 0.27208948135375977}
{"step": 14700, "samples": 940800, "level_sample_counts": {"L0": 470400, "L1": 470400}, "elapsed_train_s": 2020.8851169370173, "lr": [8.911109238737747e-06, 8.911109238737748e-07], "loss": 0.026972989812493325, "l1": 0.026616854965686797, "kl": 3.5613467916846274e-05, "memory_allocated_GiB": 0.27306604385375977}
{"step": 14750, "samples": 944000, "level_sample_counts": {"L0": 472000, "L1": 472000}, "elapsed_train_s": 2024.5650181999954, "lr": [8.651135250259091e-06, 8.651135250259091e-07], "loss": 0.02669753469526768, "l1": 0.02634116742759943, "kl": 3.563672304153442e-05, "memory_allocated_GiB": 0.27367639541625977}
{"step": 14800, "samples": 947200, "level_sample_counts": {"L0": 473600, "L1": 473600}, "elapsed_train_s": 2028.4960355980147, "lr": [8.3946503188225e-06, 8.3946503188225e-07], "loss": 0.02684911172837019, "l1": 0.026492330133914947, "kl": 3.567816689610481e-05, "memory_allocated_GiB": 0.27208948135375977}
{"step": 14850, "samples": 950400, "level_sample_counts": {"L0": 475200, "L1": 475200}, "elapsed_train_s": 2032.5232020319963, "lr": [8.141676086873572e-06, 8.141676086873574e-07], "loss": 0.026738542690873147, "l1": 0.02637919783592224, "kl": 3.5934485495090485e-05, "memory_allocated_GiB": 0.27306604385375977}
{"step": 14900, "samples": 953600, "level_sample_counts": {"L0": 476800, "L1": 476800}, "elapsed_train_s": 2036.2289424220216, "lr": [7.89223390062172e-06, 7.89223390062172e-07], "loss": 0.026567955799400807, "l1": 0.026218254417181015, "kl": 3.497014753520489e-05, "memory_allocated_GiB": 0.27367639541625977}
{"step": 14950, "samples": 956800, "level_sample_counts": {"L0": 478400, "L1": 478400}, "elapsed_train_s": 2040.0330771150184, "lr": [7.646344808238903e-06, 7.646344808238904e-07], "loss": 0.026581755578517913, "l1": 0.026222398690879344, "kl": 3.593568690121174e-05, "memory_allocated_GiB": 0.27208948135375977}
{"step": 15000, "samples": 960000, "level_sample_counts": {"L0": 480000, "L1": 480000}, "elapsed_train_s": 2043.6869661910168, "lr": [7.404029558083653e-06, 7.404029558083653e-07], "loss": 0.026788777895271777, "l1": 0.026440809927880764, "kl": 3.479679115116596e-05, "memory_allocated_GiB": 0.27306604385375977}
{"step": 15050, "samples": 963200, "level_sample_counts": {"L0": 481600, "L1": 481600}, "elapsed_train_s": 2047.617705140001, "lr": [7.165308596950182e-06, 7.165308596950182e-07], "loss": 0.026875115372240542, "l1": 0.02652987852692604, "kl": 3.452368080615997e-05, "memory_allocated_GiB": 0.27367639541625977}
{"step": 15100, "samples": 966400, "level_sample_counts": {"L0": 483200, "L1": 483200}, "elapsed_train_s": 2051.361884890008, "lr": [6.9302020683432055e-06, 6.930202068343206e-07], "loss": 0.026578866131603717, "l1": 0.0262240057438612, "kl": 3.548605367541313e-05, "memory_allocated_GiB": 0.27208948135375977}
{"step": 15150, "samples": 969600, "level_sample_counts": {"L0": 484800, "L1": 484800}, "elapsed_train_s": 2055.1978350919962, "lr": [6.698729810778065e-06, 6.698729810778065e-07], "loss": 0.026722531393170358, "l1": 0.026373071298003196, "kl": 3.494600765407085e-05, "memory_allocated_GiB": 0.27306604385375977}
{"step": 15200, "samples": 972800, "level_sample_counts": {"L0": 486400, "L1": 486400}, "elapsed_train_s": 2058.958065570012, "lr": [6.470911356106885e-06, 6.470911356106885e-07], "loss": 0.026665893606841563, "l1": 0.026324743889272213, "kl": 3.411496989428997e-05, "memory_allocated_GiB": 0.27367639541625977}
{"step": 15250, "samples": 976000, "level_sample_counts": {"L0": 488000, "L1": 488000}, "elapsed_train_s": 2062.6915308040043, "lr": [6.246765927870313e-06, 6.246765927870313e-07], "loss": 0.026695283353328703, "l1": 0.02636040098965168, "kl": 3.348824568092823e-05, "memory_allocated_GiB": 0.27208948135375977}
{"step": 15300, "samples": 979200, "level_sample_counts": {"L0": 489600, "L1": 489600}, "elapsed_train_s": 2066.4806054859946, "lr": [6.026312439675552e-06, 6.026312439675553e-07], "loss": 0.026873253658413886, "l1": 0.0265357281640172, "kl": 3.37525550276041e-05, "memory_allocated_GiB": 0.27306604385375977}
{"step": 15350, "samples": 982400, "level_sample_counts": {"L0": 491200, "L1": 491200}, "elapsed_train_s": 2070.1675598, "lr": [5.809569493600281e-06, 5.809569493600281e-07], "loss": 0.02649209037423134, "l1": 0.026162844337522983, "kl": 3.292459063231945e-05, "memory_allocated_GiB": 0.27367639541625977}
{"step": 15400, "samples": 985600, "level_sample_counts": {"L0": 492800, "L1": 492800}, "elapsed_train_s": 2073.7987771450134, "lr": [5.596555378623125e-06, 5.596555378623126e-07], "loss": 0.026892709992825985, "l1": 0.026561900191009045, "kl": 3.308098763227463e-05, "memory_allocated_GiB": 0.27208948135375977}
{"step": 15450, "samples": 988800, "level_sample_counts": {"L0": 494400, "L1": 494400}, "elapsed_train_s": 2077.6923697620223, "lr": [5.387288069080299e-06, 5.387288069080298e-07], "loss": 0.026782092191278934, "l1": 0.02644419699907303, "kl": 3.378952853381634e-05, "memory_allocated_GiB": 0.27306604385375977}
{"step": 15500, "samples": 992000, "level_sample_counts": {"L0": 496000, "L1": 496000}, "elapsed_train_s": 2081.407778989, "lr": [5.181785223148999e-06, 5.181785223148999e-07], "loss": 0.026718954630196093, "l1": 0.026377745196223257, "kl": 3.4120958298444747e-05, "memory_allocated_GiB": 0.27367639541625977}
{"step": 15550, "samples": 995200, "level_sample_counts": {"L0": 497600, "L1": 497600}, "elapsed_train_s": 2085.120371419005, "lr": [4.980064181357319e-06, 4.980064181357319e-07], "loss": 0.02673232264816761, "l1": 0.026398467868566512, "kl": 3.338548354804516e-05, "memory_allocated_GiB": 0.27208948135375977}
{"step": 15600, "samples": 998400, "level_sample_counts": {"L0": 499200, "L1": 499200}, "elapsed_train_s": 2088.8230055930035, "lr": [4.782141965121128e-06, 4.782141965121129e-07], "loss": 0.026537415497004987, "l1": 0.026205552592873573, "kl": 3.31862922757864e-05, "memory_allocated_GiB": 0.27306604385375977}
{"step": 15650, "samples": 1001600, "level_sample_counts": {"L0": 500800, "L1": 500800}, "elapsed_train_s": 2092.567958991014, "lr": [4.588035275307689e-06, 4.5880352753076894e-07], "loss": 0.0268665961176157, "l1": 0.026535018756985666, "kl": 3.315773792564869e-05, "memory_allocated_GiB": 0.27367639541625977}
{"step": 15700, "samples": 1004800, "level_sample_counts": {"L0": 502400, "L1": 502400}, "elapsed_train_s": 2096.170631873014, "lr": [4.397760490826481e-06, 4.39776049082648e-07], "loss": 0.026464248225092888, "l1": 0.0261337623745203, "kl": 3.304856829345226e-05, "memory_allocated_GiB": 0.27208948135375977}
{"step": 15750, "samples": 1008000, "level_sample_counts": {"L0": 504000, "L1": 504000}, "elapsed_train_s": 2099.764014298009, "lr": [4.2113336672471245e-06, 4.211333667247125e-07], "loss": 0.026583512537181376, "l1": 0.026250046826899052, "kl": 3.3346563577651976e-05, "memory_allocated_GiB": 0.27306604385375977}
{"step": 15800, "samples": 1011200, "level_sample_counts": {"L0": 505600, "L1": 505600}, "elapsed_train_s": 2103.5619415880064, "lr": [4.028770535444615e-06, 4.0287705354446147e-07], "loss": 0.026539786271750927, "l1": 0.02620783094316721, "kl": 3.3195530995726586e-05, "memory_allocated_GiB": 0.27367639541625977}
{"step": 15850, "samples": 1014400, "level_sample_counts": {"L0": 507200, "L1": 507200}, "elapsed_train_s": 2107.299582256004, "lr": [3.850086500271871e-06, 3.850086500271871e-07], "loss": 0.02662274606525898, "l1": 0.02629627000540495, "kl": 3.264760598540306e-05, "memory_allocated_GiB": 0.27208948135375977}
{"step": 15900, "samples": 1017600, "level_sample_counts": {"L0": 508800, "L1": 508800}, "elapsed_train_s": 2111.1689574250195, "lr": [3.675296639259912e-06, 3.675296639259912e-07], "loss": 0.02654158543795347, "l1": 0.026222764700651168, "kl": 3.1882058829069136e-05, "memory_allocated_GiB": 0.27306604385375977}
{"step": 15950, "samples": 1020800, "level_sample_counts": {"L0": 510400, "L1": 510400}, "elapsed_train_s": 2114.8845870210207, "lr": [3.504415701345615e-06, 3.504415701345615e-07], "loss": 0.026501249298453333, "l1": 0.026174134016036986, "kl": 3.2711531966924665e-05, "memory_allocated_GiB": 0.27367639541625977}
{"step": 16000, "samples": 1024000, "level_sample_counts": {"L0": 512000, "L1": 512000}, "elapsed_train_s": 2118.478989554016, "lr": [3.3374581056271447e-06, 3.337458105627145e-07], "loss": 0.026812521852552892, "l1": 0.02648937128484249, "kl": 3.231505863368511e-05, "memory_allocated_GiB": 0.27208948135375977}
{"step": 16050, "samples": 1027200, "level_sample_counts": {"L0": 513600, "L1": 513600}, "elapsed_train_s": 2122.2864946119953, "lr": [3.1744379401472677e-06, 3.174437940147268e-07], "loss": 0.026403381749987603, "l1": 0.026082206517457962, "kl": 3.211749717593193e-05, "memory_allocated_GiB": 0.27306604385375977}
{"step": 16100, "samples": 1030400, "level_sample_counts": {"L0": 515200, "L1": 515200}, "elapsed_train_s": 2126.06748099401, "lr": [3.0153689607045845e-06, 3.015368960704584e-07], "loss": 0.026569507420063018, "l1": 0.026247693039476872, "kl": 3.2181451097130775e-05, "memory_allocated_GiB": 0.27367639541625977}
{"step": 16150, "samples": 1033600, "level_sample_counts": {"L0": 516800, "L1": 516800}, "elapsed_train_s": 2129.8089239870023, "lr": [2.8602645896928295e-06, 2.860264589692829e-07], "loss": 0.026697870753705503, "l1": 0.02638009510934353, "kl": 3.177757374942303e-05, "memory_allocated_GiB": 0.27208948135375977}
{"step": 16200, "samples": 1036800, "level_sample_counts": {"L0": 518400, "L1": 518400}, "elapsed_train_s": 2133.565074781014, "lr": [2.7091379149682685e-06, 2.7091379149682683e-07], "loss": 0.026315043084323406, "l1": 0.02599966462701559, "kl": 3.1537851318717005e-05, "memory_allocated_GiB": 0.27306604385375977}
{"step": 16250, "samples": 1040000, "level_sample_counts": {"L0": 520000, "L1": 520000}, "elapsed_train_s": 2137.214229164005, "lr": [2.562001688745291e-06, 2.562001688745291e-07], "loss": 0.026356038749217988, "l1": 0.026041022762656213, "kl": 3.1501604244112965e-05, "memory_allocated_GiB": 0.27367639541625977}
{"step": 16300, "samples": 1043200, "level_sample_counts": {"L0": 521600, "L1": 521600}, "elapsed_train_s": 2140.863353977009, "lr": [2.4188683265204127e-06, 2.4188683265204125e-07], "loss": 0.02628640178591013, "l1": 0.025965469032526015, "kl": 3.209327347576618e-05, "memory_allocated_GiB": 0.27208948135375977}
{"step": 16350, "samples": 1046400, "level_sample_counts": {"L0": 523200, "L1": 523200}, "elapsed_train_s": 2144.727617532015, "lr": [2.2797499060246253e-06, 2.2797499060246253e-07], "loss": 0.02629192840307951, "l1": 0.025976121835410596, "kl": 3.158064559102058e-05, "memory_allocated_GiB": 0.27306604385375977}
{"step": 16400, "samples": 1049600, "level_sample_counts": {"L0": 524800, "L1": 524800}, "elapsed_train_s": 2148.512233939022, "lr": [2.1446581662042942e-06, 2.1446581662042943e-07], "loss": 0.026392875276505946, "l1": 0.026074313521385194, "kl": 3.185617737472057e-05, "memory_allocated_GiB": 0.27367639541625977}
{"step": 16450, "samples": 1052800, "level_sample_counts": {"L0": 526400, "L1": 526400}, "elapsed_train_s": 2152.182391174021, "lr": [2.013604506230554e-06, 2.0136045062305543e-07], "loss": 0.026345085389912128, "l1": 0.0260301535949111, "kl": 3.14931757748127e-05, "memory_allocated_GiB": 0.27208948135375977}
{"step": 16500, "samples": 1056000, "level_sample_counts": {"L0": 528000, "L1": 528000}, "elapsed_train_s": 2155.9087491160026, "lr": [1.8865999845374793e-06, 1.8865999845374794e-07], "loss": 0.026519695520401, "l1": 0.026210253685712816, "kl": 3.094417043030262e-05, "memory_allocated_GiB": 0.27306604385375977}
{"step": 16550, "samples": 1059200, "level_sample_counts": {"L0": 529600, "L1": 529600}, "elapsed_train_s": 2159.766162320011, "lr": [1.7636553178889792e-06, 1.7636553178889792e-07], "loss": 0.026890729181468488, "l1": 0.0265766604244709, "kl": 3.1406879425048826e-05, "memory_allocated_GiB": 0.27367639541625977}
{"step": 16600, "samples": 1062400, "level_sample_counts": {"L0": 531200, "L1": 531200}, "elapsed_train_s": 2163.4831978850125, "lr": [1.6447808804744668e-06, 1.6447808804744668e-07], "loss": 0.026379170045256615, "l1": 0.02607282016426325, "kl": 3.0634971335530284e-05, "memory_allocated_GiB": 0.27208948135375977}
{"step": 16650, "samples": 1065600, "level_sample_counts": {"L0": 532800, "L1": 532800}, "elapsed_train_s": 2167.214107592008, "lr": [1.5299867030334814e-06, 1.5299867030334815e-07], "loss": 0.02613732948899269, "l1": 0.02582961343228817, "kl": 3.077159635722637e-05, "memory_allocated_GiB": 0.27306604385375977}
{"step": 16700, "samples": 1068800, "level_sample_counts": {"L0": 534400, "L1": 534400}, "elapsed_train_s": 2170.9463934380037, "lr": [1.419282472009309e-06, 1.419282472009309e-07], "loss": 0.026383878253400325, "l1": 0.026078134924173355, "kl": 3.057434223592281e-05, "memory_allocated_GiB": 0.27367639541625977}
{"step": 16750, "samples": 1072000, "level_sample_counts": {"L0": 536000, "L1": 536000}, "elapsed_train_s": 2174.6685210660216, "lr": [1.3126775287316151e-06, 1.312677528731615e-07], "loss": 0.026214050687849523, "l1": 0.025907325185835363, "kl": 3.0672559514641765e-05, "memory_allocated_GiB": 0.27208948135375977}
{"step": 16800, "samples": 1075200, "level_sample_counts": {"L0": 537600, "L1": 537600}, "elapsed_train_s": 2178.353128752002, "lr": [1.210180868628219e-06, 1.210180868628219e-07], "loss": 0.026536576524376868, "l1": 0.026231839805841446, "kl": 3.0473675578832627e-05, "memory_allocated_GiB": 0.27306604385375977}
{"step": 16850, "samples": 1078400, "level_sample_counts": {"L0": 539200, "L1": 539200}, "elapsed_train_s": 2182.113730526995, "lr": [1.11180114046604e-06, 1.11180114046604e-07], "loss": 0.02639631200581789, "l1": 0.026090268418192862, "kl": 3.060437738895416e-05, "memory_allocated_GiB": 0.27367639541625977}
{"step": 16900, "samples": 1081600, "level_sample_counts": {"L0": 540800, "L1": 540800}, "elapsed_train_s": 2185.8295236440026, "lr": [1.0175466456213034e-06, 1.0175466456213034e-07], "loss": 0.026488898620009423, "l1": 0.02617834348231554, "kl": 3.10555100440979e-05, "memory_allocated_GiB": 0.27208948135375977}
{"step": 16950, "samples": 1084800, "level_sample_counts": {"L0": 542400, "L1": 542400}, "elapsed_train_s": 2189.53635795202, "lr": [9.274253373791064e-07, 9.274253373791064e-08], "loss": 0.02647765014320612, "l1": 0.026175780147314073, "kl": 3.0186986550688743e-05, "memory_allocated_GiB": 0.27306604385375977}
{"step": 17000, "samples": 1088000, "level_sample_counts": {"L0": 544000, "L1": 544000}, "elapsed_train_s": 2193.300083856011, "lr": [8.414448202622494e-07, 8.414448202622494e-08], "loss": 0.026382215544581412, "l1": 0.026080529987812042, "kl": 3.0168555676937105e-05, "memory_allocated_GiB": 0.27367639541625977}
{"step": 17050, "samples": 1091200, "level_sample_counts": {"L0": 545600, "L1": 545600}, "elapsed_train_s": 2196.882182435016, "lr": [7.596123493895991e-07, 7.59612349389599e-08], "loss": 0.02660808939486742, "l1": 0.02630534451454878, "kl": 3.0274484306573867e-05, "memory_allocated_GiB": 0.27208948135375977}
{"step": 17100, "samples": 1094400, "level_sample_counts": {"L0": 547200, "L1": 547200}, "elapsed_train_s": 2200.623939637997, "lr": [6.819348298638839e-07, 6.819348298638839e-08], "loss": 0.026591365747153758, "l1": 0.02628730796277523, "kl": 3.0405772849917412e-05, "memory_allocated_GiB": 0.27306604385375977}
{"step": 17150, "samples": 1097600, "level_sample_counts": {"L0": 548800, "L1": 548800}, "elapsed_train_s": 2204.4052911000035, "lr": [6.084188161890325e-07, 6.084188161890326e-08], "loss": 0.02645945191383362, "l1": 0.026159910932183266, "kl": 2.995409071445465e-05, "memory_allocated_GiB": 0.27367639541625977}
{"step": 17200, "samples": 1100800, "level_sample_counts": {"L0": 550400, "L1": 550400}, "elapsed_train_s": 2208.157519179018, "lr": [5.390705117171047e-07, 5.390705117171047e-08], "loss": 0.026119065769016743, "l1": 0.025821233615279198, "kl": 2.9783202335238458e-05, "memory_allocated_GiB": 0.27208948135375977}
{"step": 17250, "samples": 1104000, "level_sample_counts": {"L0": 552000, "L1": 552000}, "elapsed_train_s": 2211.8760154010088, "lr": [4.738957681248379e-07, 4.73895768124838e-08], "loss": 0.02655697852373123, "l1": 0.0262582802772522, "kl": 2.986980602145195e-05, "memory_allocated_GiB": 0.27306604385375977}
{"step": 17300, "samples": 1107200, "level_sample_counts": {"L0": 553600, "L1": 553600}, "elapsed_train_s": 2215.590432138997, "lr": [4.129000849198872e-07, 4.129000849198872e-08], "loss": 0.026417827419936656, "l1": 0.026119257993996142, "kl": 2.985694445669651e-05, "memory_allocated_GiB": 0.27367639541625977}
{"step": 17350, "samples": 1110400, "level_sample_counts": {"L0": 555200, "L1": 555200}, "elapsed_train_s": 2219.2053689960157, "lr": [3.5608860897675677e-07, 3.560886089767568e-08], "loss": 0.02646343782544136, "l1": 0.02616365287452936, "kl": 2.997850067913532e-05, "memory_allocated_GiB": 0.27208948135375977}
{"step": 17400, "samples": 1113600, "level_sample_counts": {"L0": 556800, "L1": 556800}, "elapsed_train_s": 2222.884691559011, "lr": [3.034661341025258e-07, 3.034661341025258e-08], "loss": 0.026625518575310706, "l1": 0.02632930886000395, "kl": 2.9620984569191933e-05, "memory_allocated_GiB": 0.27306604385375977}
{"step": 17450, "samples": 1116800, "level_sample_counts": {"L0": 558400, "L1": 558400}, "elapsed_train_s": 2226.637127538008, "lr": [2.55037100632316e-07, 2.55037100632316e-08], "loss": 0.02632186211645603, "l1": 0.026025294475257397, "kl": 2.9656775295734407e-05, "memory_allocated_GiB": 0.27367639541625977}
{"step": 17500, "samples": 1120000, "level_sample_counts": {"L0": 560000, "L1": 560000}, "elapsed_train_s": 2230.441460300004, "lr": [2.1080559505462505e-07, 2.1080559505462504e-08], "loss": 0.02633986059576273, "l1": 0.026044113151729106, "kl": 2.957473509013653e-05, "memory_allocated_GiB": 0.27208948135375977}
{"step": 17550, "samples": 1123200, "level_sample_counts": {"L0": 561600, "L1": 561600}, "elapsed_train_s": 2234.1705879990186, "lr": [1.7077534966650766e-07, 1.7077534966650767e-08], "loss": 0.026287136189639567, "l1": 0.025989856272935867, "kl": 2.972799353301525e-05, "memory_allocated_GiB": 0.27306604385375977}
{"step": 17600, "samples": 1126400, "level_sample_counts": {"L0": 563200, "L1": 563200}, "elapsed_train_s": 2237.8298851790023, "lr": [1.3494974225863322e-07, 1.3494974225863322e-08], "loss": 0.02631413035094738, "l1": 0.026017557308077813, "kl": 2.9657315462827682e-05, "memory_allocated_GiB": 0.27367639541625977}
{"step": 17650, "samples": 1129600, "level_sample_counts": {"L0": 564800, "L1": 564800}, "elapsed_train_s": 2241.5898377179983, "lr": [1.033317958302693e-07, 1.033317958302693e-08], "loss": 0.026189058534801007, "l1": 0.025892320089042187, "kl": 2.9673846438527107e-05, "memory_allocated_GiB": 0.27208948135375977}
{"step": 17700, "samples": 1132800, "level_sample_counts": {"L0": 566400, "L1": 566400}, "elapsed_train_s": 2245.2612257520086, "lr": [7.59241783341913e-08, 7.59241783341913e-09], "loss": 0.026731379404664038, "l1": 0.026435430645942688, "kl": 2.9594870284199715e-05, "memory_allocated_GiB": 0.27306604385375977}
{"step": 17750, "samples": 1136000, "level_sample_counts": {"L0": 568000, "L1": 568000}, "elapsed_train_s": 2249.0052584520017, "lr": [5.272920245156798e-08, 5.2729202451567985e-09], "loss": 0.02638153962790966, "l1": 0.026085105910897254, "kl": 2.9643364250659942e-05, "memory_allocated_GiB": 0.27367639541625977}
{"step": 17800, "samples": 1139200, "level_sample_counts": {"L0": 569600, "L1": 569600}, "elapsed_train_s": 2252.7164416740125, "lr": [3.374882539681767e-08, 3.3748825396817675e-09], "loss": 0.026206838004291057, "l1": 0.025907253473997117, "kl": 2.995844930410385e-05, "memory_allocated_GiB": 0.27208948135375977}
{"step": 17850, "samples": 1142400, "level_sample_counts": {"L0": 571200, "L1": 571200}, "elapsed_train_s": 2256.3520276540075, "lr": [1.8984648752429225e-08, 1.8984648752429222e-09], "loss": 0.026443477347493173, "l1": 0.02614713802933693, "kl": 2.9633929952979087e-05, "memory_allocated_GiB": 0.27306604385375977}
{"step": 17900, "samples": 1145600, "level_sample_counts": {"L0": 572800, "L1": 572800}, "elapsed_train_s": 2260.105174832017, "lr": [8.437918333864536e-09, 8.437918333864537e-10], "loss": 0.026318583637475967, "l1": 0.02602278981357813, "kl": 2.9579391703009606e-05, "memory_allocated_GiB": 0.27367639541625977}
{"step": 17950, "samples": 1148800, "level_sample_counts": {"L0": 574400, "L1": 574400}, "elapsed_train_s": 2263.888124532008, "lr": [2.109524084381587e-09, 2.1095240843815868e-10], "loss": 0.026693974807858466, "l1": 0.026399060115218163, "kl": 2.949145622551441e-05, "memory_allocated_GiB": 0.27208948135375977}
{"step": 18000, "samples": 1152000, "level_sample_counts": {"L0": 576000, "L1": 576000}, "elapsed_train_s": 2267.2063286310004, "lr": [0.0, 0.0], "loss": 0.026434661336243153, "l1": 0.026137895733118057, "kl": 2.9676565900444986e-05, "memory_allocated_GiB": 0.27306604385375977}
DEVELOPMENT {"L0": {"step": 18000, "summary": {"success_once": {"mean": 0.8, "std": 0.4}, "return": {"mean": 379.66217041015625, "std": 49.315086364746094}, "episode_len": {"mean": 500.0, "std": 0.0}, "reward": {"mean": 0.7593244293212892, "std": 0.09863017487937306}, "last_reward": {"mean": 0.928039687871933, "std": 0.14392378124237423}, "success_at_end": {"mean": 0.8, "std": 0.4}}, "stages": {"is_grasped": 20, "is_mug_above_table": 20, "is_mug_contact_rack": 16, "is_obj_placed": 16, "success": 16}}, "L1": {"step": 18000, "summary": {"success_once": {"mean": 0.7, "std": 0.45825756949558394}, "return": {"mean": 349.4612731933594, "std": 50.365379333496094}, "episode_len": {"mean": 500.0, "std": 0.0}, "reward": {"mean": 0.69892255859375, "std": 0.10073075559613781}, "last_reward": {"mean": 0.8915744364261627, "std": 0.16562395408152852}, "success_at_end": {"mean": 0.65, "std": 0.47696960070847283}}, "stages": {"is_grasped": 20, "is_mug_above_table": 20, "is_mug_contact_rack": 14, "is_obj_placed": 14, "success": 14}}, "L2": {"step": 18000, "summary": {"success_once": {"mean": 0.0, "std": 0.0}, "return": {"mean": 0.2646248936653137, "std": 0.062440332025289536}, "episode_len": {"mean": 500.0, "std": 0.0}, "reward": {"mean": 0.0005292497560381888, "std": 0.00012488066033854704}, "last_reward": {"mean": 0.0006256520748138428, "std": 0.0001937107217849723}, "success_at_end": {"mean": 0.0, "std": 0.0}}, "stages": {"is_grasped": 0, "is_mug_above_table": 0, "is_mug_contact_rack": 0, "is_obj_placed": 0, "success": 0}}}
TRAIN COMPLETE {"status": "complete", "condition": "B01", "seed": 3, "steps": 18000, "samples": 1152000, "batch_size": 64, "workers": 8, "wall_seconds": 2607.874335050583, "initialization_seconds": 43.87548851966858, "steady_steps": 17950, "steady_step_median_s": 0.05461795500013977, "steady_step_p95_s": 0.08357435105281183, "steady_mean_step_s": 0.06029947310506949, "samples_per_second": 1061.3691414597022, "data_wait_mean_s": 0.00037565241550765983, "gpu_update_ms_median": 54.01219177246094, "peak_allocated_GiB": 1.5646319389343262, "peak_reserved_GiB": 1.837890625, "level_sample_counts": {"L0": 576000, "L1": 576000}, "sampling": {"seed": 10003, "completed_batches": 18000, "extra_rotation": 0, "plan_sha256": "3d2939a63a764eca2ffe5dafd89fbaf70c83cfc3e9602edd8221b92ac23b5f5b", "counts": {"L0": 576000, "L1": 576000}, "passes_and_cursors": {"L0": {"pass_index": 51, "cursor": 3372}, "L1": {"pass_index": 47, "cursor": 8287}}}}
