/home/zxc/miniconda3/envs/imitator/lib/python3.12/site-packages/torch/cuda/__init__.py:61: FutureWarning: The pynvml package is deprecated. Please install nvidia-ml-py instead. If you did not install pynvml directly, please report this to the maintainers of the package that installed pynvml for you.
  import pynvml  # type: ignore[import]
2026-10-07 00:55:32.944541: I tensorflow/core/util/port.cc:153] oneDNN custom operations are on. You may see slightly different numerical results due to floating-point round-off errors from different computation orders. To turn them off, set the environment variable `TF_ENABLE_ONEDNN_OPTS=0`.
2026-10-07 00:55:32.955471: E external/local_xla/xla/stream_executor/cuda/cuda_fft.cc:467] Unable to register cuFFT factory: Attempting to register factory for plugin cuFFT when one has already been registered
WARNING: All log messages before absl::InitializeLog() is called are written to STDERR
E0000 00:00:1791305732.968552  786967 cuda_dnn.cc:8579] Unable to register cuDNN factory: Attempting to register factory for plugin cuDNN when one has already been registered
E0000 00:00:1791305732.972276  786967 cuda_blas.cc:1407] Unable to register cuBLAS factory: Attempting to register factory for plugin cuBLAS when one has already been registered
W0000 00:00:1791305732.982603  786967 computation_placer.cc:177] computation placer already registered. Please check linkage and avoid linking the same target more than once.
W0000 00:00:1791305732.982670  786967 computation_placer.cc:177] computation placer already registered. Please check linkage and avoid linking the same target more than once.
W0000 00:00:1791305732.982674  786967 computation_placer.cc:177] computation placer already registered. Please check linkage and avoid linking the same target more than once.
W0000 00:00:1791305732.982676  786967 computation_placer.cc:177] computation placer already registered. Please check linkage and avoid linking the same target more than once.
2026-10-07 00:55:32.986132: I tensorflow/core/platform/cpu_feature_guard.cc:210] This TensorFlow binary is optimized to use available CPU instructions in performance-critical operations.
To enable the following instructions: AVX2 AVX512F AVX512_VNNI AVX512_BF16 FMA, in other operations, rebuild TensorFlow with the appropriate compiler flags.

================================================================================
🔄 INITIALIZING HUMAN-SIM PAIRED DATASET
================================================================================
   Input mode: video_only
   Include first frame: True

📖 Loading task mapping from: examples/baselines/lerobot_dataset/task_mapping.json
   ✓ 53 human task descriptions
   ✓ 200 sim task descriptions

✓ Mapping loaded:
  - 53 human tasks: ['human_H1', 'human_H10', 'human_H11', 'human_H12', 'human_H13', 'human_H14', 'human_H15', 'human_H16', 'human_H17', 'human_H18', 'human_H19', 'human_H2', 'human_H20', 'human_H21', 'human_H22', 'human_H23', 'human_H24', 'human_H25', 'human_H26', 'human_H27', 'human_H28', 'human_H29', 'human_H3', 'human_H30', 'human_H31', 'human_H32', 'human_H33', 'human_H34', 'human_H35', 'human_H36', 'human_H37', 'human_H38', 'human_H39', 'human_H4', 'human_H40', 'human_H41', 'human_H42', 'human_H43', 'human_H44', 'human_H45', 'human_H46', 'human_H47', 'human_H48', 'human_H49', 'human_H5', 'human_H50', 'human_H56', 'human_H57', 'human_H58', 'human_H6', 'human_H7', 'human_H8', 'human_H9']
  - 200 sim tasks: ['L0_TwoRobotCleanCup-v1', 'L0_TwoRobotCleanDesk-v1', 'L0_TwoRobotCutFruit-v1', 'L0_TwoRobotFoldBox-v1', 'L0_TwoRobotFoldTowel-v1', 'L0_TwoRobotGrindFood-v1', 'L0_TwoRobotKnifeBowlFork-v1', 'L0_TwoRobotLiftLidFromSkillet-v1', 'L0_TwoRobotOpenBox-v1', 'L0_TwoRobotOpenLiquidCap-v1', 'L0_TwoRobotPickAppleBananaToBaskets-v1', 'L0_TwoRobotPickAppleBasket-v1', 'L0_TwoRobotPickAppleToScale-v1', 'L0_TwoRobotPickFood-v1', 'L0_TwoRobotPickFruitsToPlate-v1', 'L0_TwoRobotPickPillToRegions-v1', 'L0_TwoRobotPickRemoteControl-v1', 'L0_TwoRobotPickTennisBallGolfBall-v1', 'L0_TwoRobotPickWash-v1', 'L0_TwoRobotPlaceBookBookcase-v1', 'L0_TwoRobotPlaceBrushRest-v1', 'L0_TwoRobotPlaceBurgerTray-v1', 'L0_TwoRobotPlaceChipsRack-v1', 'L0_TwoRobotPlaceClothBasket-v1', 'L0_TwoRobotPlaceCommodityRack-v1', 'L0_TwoRobotPlaceCupPlate-v1', 'L0_TwoRobotPlaceFileFolder-v1', 'L0_TwoRobotPlaceFoodScale-v1', 'L0_TwoRobotPlaceFruitBox-v1', 'L0_TwoRobotPlaceMagazineFolder-v1', 'L0_TwoRobotPlaceMugRack-v1', 'L0_TwoRobotPlacePillBox-v1', 'L0_TwoRobotPlacePlateRack-v1', 'L0_TwoRobotPlaceScrewdriver-v1', 'L0_TwoRobotPlaceShoeBox-v1', 'L0_TwoRobotPourCup-v1', 'L0_TwoRobotPourKetchupFries-v1', 'L0_TwoRobotPourKettle-v1', 'L0_TwoRobotPourLiquidCup-v1', 'L0_TwoRobotPourLiquidFilter-v1', 'L0_TwoRobotPourLiquidMug-v1', 'L0_TwoRobotPressJuicer-v1', 'L0_TwoRobotPressStapler-v1', 'L0_TwoRobotPutBox-v1', 'L0_TwoRobotPutCubeOnScale-v1', 'L0_TwoRobotScanMilkBox-v1', 'L0_TwoRobotScanPillBottle-v1', 'L0_TwoRobotStirSpoon-v1', 'L0_TwoRobotTransFood-v1', 'L0_TwoRobotWipePot-v1', 'L1_TwoRobotCleanCup-v1', 'L1_TwoRobotCleanDesk-v1', 'L1_TwoRobotCutFruit-v1', 'L1_TwoRobotFoldBox-v1', 'L1_TwoRobotFoldTowel-v1', 'L1_TwoRobotGrindFood-v1', 'L1_TwoRobotKnifeBowlFork-v1', 'L1_TwoRobotLiftLidFromSkillet-v1', 'L1_TwoRobotOpenBox-v1', 'L1_TwoRobotOpenLiquidCap-v1', 'L1_TwoRobotPickAppleBananaToBaskets-v1', 'L1_TwoRobotPickAppleBasket-v1', 'L1_TwoRobotPickAppleToScale-v1', 'L1_TwoRobotPickFood-v1', 'L1_TwoRobotPickFruitsToPlate-v1', 'L1_TwoRobotPickPillToRegions-v1', 'L1_TwoRobotPickRemoteControl-v1', 'L1_TwoRobotPickTennisBallGolfBall-v1', 'L1_TwoRobotPickWash-v1', 'L1_TwoRobotPlaceBookBookcase-v1', 'L1_TwoRobotPlaceBrushRest-v1', 'L1_TwoRobotPlaceBurgerTray-v1', 'L1_TwoRobotPlaceChipsRack-v1', 'L1_TwoRobotPlaceClothBasket-v1', 'L1_TwoRobotPlaceCommodityRack-v1', 'L1_TwoRobotPlaceCupPlate-v1', 'L1_TwoRobotPlaceFileFolder-v1', 'L1_TwoRobotPlaceFoodScale-v1', 'L1_TwoRobotPlaceFruitBox-v1', 'L1_TwoRobotPlaceMagazineFolder-v1', 'L1_TwoRobotPlaceMugRack-v1', 'L1_TwoRobotPlacePillBox-v1', 'L1_TwoRobotPlacePlateRack-v1', 'L1_TwoRobotPlaceScrewdriver-v1', 'L1_TwoRobotPlaceShoeBox-v1', 'L1_TwoRobotPourCup-v1', 'L1_TwoRobotPourKetchupFries-v1', 'L1_TwoRobotPourKettle-v1', 'L1_TwoRobotPourLiquidCup-v1', 'L1_TwoRobotPourLiquidFilter-v1', 'L1_TwoRobotPourLiquidMug-v1', 'L1_TwoRobotPressJuicer-v1', 'L1_TwoRobotPressStapler-v1', 'L1_TwoRobotPutBox-v1', 'L1_TwoRobotPutCubeOnScale-v1', 'L1_TwoRobotScanMilkBox-v1', 'L1_TwoRobotScanPillBottle-v1', 'L1_TwoRobotStirSpoon-v1', 'L1_TwoRobotTransFood-v1', 'L1_TwoRobotWipePot-v1', 'L2_TwoRobotCleanCup-v1', 'L2_TwoRobotCleanDesk-v1', 'L2_TwoRobotCutFruit-v1', 'L2_TwoRobotFoldBox-v1', 'L2_TwoRobotFoldTowel-v1', 'L2_TwoRobotGrindFood-v1', 'L2_TwoRobotKnifeBowlFork-v1', 'L2_TwoRobotLiftLidFromSkillet-v1', 'L2_TwoRobotOpenBox-v1', 'L2_TwoRobotOpenLiquidCap-v1', 'L2_TwoRobotPickAppleBananaToBaskets-v1', 'L2_TwoRobotPickAppleBasket-v1', 'L2_TwoRobotPickAppleToScale-v1', 'L2_TwoRobotPickFood-v1', 'L2_TwoRobotPickFruitsToPlate-v1', 'L2_TwoRobotPickPillToRegions-v1', 'L2_TwoRobotPickRemoteControl-v1', 'L2_TwoRobotPickTennisBallGolfBall-v1', 'L2_TwoRobotPickWash-v1', 'L2_TwoRobotPlaceBookBookcase-v1', 'L2_TwoRobotPlaceBrushRest-v1', 'L2_TwoRobotPlaceBurgerTray-v1', 'L2_TwoRobotPlaceChipsRack-v1', 'L2_TwoRobotPlaceClothBasket-v1', 'L2_TwoRobotPlaceCommodityRack-v1', 'L2_TwoRobotPlaceCupPlate-v1', 'L2_TwoRobotPlaceFileFolder-v1', 'L2_TwoRobotPlaceFoodScale-v1', 'L2_TwoRobotPlaceFruitBox-v1', 'L2_TwoRobotPlaceMagazineFolder-v1', 'L2_TwoRobotPlaceMugRack-v1', 'L2_TwoRobotPlacePillBox-v1', 'L2_TwoRobotPlacePlateRack-v1', 'L2_TwoRobotPlaceScrewdriver-v1', 'L2_TwoRobotPlaceShoeBox-v1', 'L2_TwoRobotPourCup-v1', 'L2_TwoRobotPourKetchupFries-v1', 'L2_TwoRobotPourKettle-v1', 'L2_TwoRobotPourLiquidCup-v1', 'L2_TwoRobotPourLiquidFilter-v1', 'L2_TwoRobotPourLiquidMug-v1', 'L2_TwoRobotPressJuicer-v1', 'L2_TwoRobotPressStapler-v1', 'L2_TwoRobotPutBox-v1', 'L2_TwoRobotPutCubeOnScale-v1', 'L2_TwoRobotScanMilkBox-v1', 'L2_TwoRobotScanPillBottle-v1', 'L2_TwoRobotStirSpoon-v1', 'L2_TwoRobotTransFood-v1', 'L2_TwoRobotWipePot-v1', 'L3_TwoRobotCleanCup-v1', 'L3_TwoRobotCleanDesk-v1', 'L3_TwoRobotCutFruit-v1', 'L3_TwoRobotFoldBox-v1', 'L3_TwoRobotFoldTowel-v1', 'L3_TwoRobotGrindFood-v1', 'L3_TwoRobotKnifeBowlFork-v1', 'L3_TwoRobotLiftLidFromSkillet-v1', 'L3_TwoRobotOpenBox-v1', 'L3_TwoRobotOpenLiquidCap-v1', 'L3_TwoRobotPickAppleBananaToBaskets-v1', 'L3_TwoRobotPickAppleBasket-v1', 'L3_TwoRobotPickAppleToScale-v1', 'L3_TwoRobotPickFood-v1', 'L3_TwoRobotPickFruitsToPlate-v1', 'L3_TwoRobotPickPillToRegions-v1', 'L3_TwoRobotPickRemoteControl-v1', 'L3_TwoRobotPickTennisBallGolfBall-v1', 'L3_TwoRobotPickWash-v1', 'L3_TwoRobotPlaceBookBookcase-v1', 'L3_TwoRobotPlaceBrushRest-v1', 'L3_TwoRobotPlaceBurgerTray-v1', 'L3_TwoRobotPlaceChipsRack-v1', 'L3_TwoRobotPlaceClothBasket-v1', 'L3_TwoRobotPlaceCommodityRack-v1', 'L3_TwoRobotPlaceCupPlate-v1', 'L3_TwoRobotPlaceFileFolder-v1', 'L3_TwoRobotPlaceFoodScale-v1', 'L3_TwoRobotPlaceFruitBox-v1', 'L3_TwoRobotPlaceMagazineFolder-v1', 'L3_TwoRobotPlaceMugRack-v1', 'L3_TwoRobotPlacePillBox-v1', 'L3_TwoRobotPlacePlateRack-v1', 'L3_TwoRobotPlaceScrewdriver-v1', 'L3_TwoRobotPlaceShoeBox-v1', 'L3_TwoRobotPourCup-v1', 'L3_TwoRobotPourKetchupFries-v1', 'L3_TwoRobotPourKettle-v1', 'L3_TwoRobotPourLiquidCup-v1', 'L3_TwoRobotPourLiquidFilter-v1', 'L3_TwoRobotPourLiquidMug-v1', 'L3_TwoRobotPressJuicer-v1', 'L3_TwoRobotPressStapler-v1', 'L3_TwoRobotPutBox-v1', 'L3_TwoRobotPutCubeOnScale-v1', 'L3_TwoRobotScanMilkBox-v1', 'L3_TwoRobotScanPillBottle-v1', 'L3_TwoRobotStirSpoon-v1', 'L3_TwoRobotTransFood-v1', 'L3_TwoRobotWipePot-v1']

✓ Filtered human configs: 1 loaded, 0 skipped

✓ Filtered sim configs: 1 loaded, 0 skipped

================================================================================
🎥 LOADING HUMAN VIDEO DATASET
================================================================================
Loading datasets from config: /var/tmp/imitator-game-zxc/tmp/tmpnt1b2cvi.json
Loading datasets:   0%|          | 0/1 [00:00<?, ?it/s]Loading datasets: 100%|██████████| 1/1 [00:00<00:00,  8.05it/s]Loading datasets: 100%|██████████| 1/1 [00:00<00:00,  8.03it/s]
[94mLoading episodes [0] from /var/tmp/imitator-game-zxc/data/imitator_human_v1/human_H57 with split train[0m
✓ Loaded 1 unique tasks
✓ HumanVideoDataset initialized
  - Tasks: 1
  - Cameras: ['zed2i']
  - Frames per sample: 10
  - Sampling strategy: uniform_jitter

================================================================================
🤖 LOADING SIM TRAJECTORY DATASET
================================================================================
  0%|          | 0/1 [00:00<?, ?it/s]100%|██████████| 1/1 [00:00<00:00,  9.84it/s]100%|██████████| 1/1 [00:00<00:00,  9.83it/s]
/home/zxc/miniconda3/envs/imitator/lib/python3.12/site-packages/albumentations/core/validation.py:114: UserWarning: ShiftScaleRotate is a special case of Affine transform. Please use Affine transform instead.
  original_init(self, **validated_kwargs)
/home/zxc/miniconda3/envs/imitator/lib/python3.12/site-packages/torchvision/models/_utils.py:208: UserWarning: The parameter 'pretrained' is deprecated since 0.13 and may be removed in the future, please use 'weights' instead.
  warnings.warn(
/home/zxc/miniconda3/envs/imitator/lib/python3.12/site-packages/torchvision/models/_utils.py:223: UserWarning: Arguments other than a weight enum or `None` for 'weights' are deprecated since 0.13 and may be removed in the future. The current behavior is equivalent to passing `weights=ResNet18_Weights.IMAGENET1K_V1`. You can also use `weights=ResNet18_Weights.DEFAULT` to get the most up-to-date weights.
  warnings.warn(msg)
[94mloading episodes [5, 12, 14, 18, 31, 32, 33, 35, 43, 46] from /home/zxc/Imitator/experiments/act_placemugrack_study/prepared/A10/sim/L0_TwoRobotPlaceMugRack-v1 with split train[0m

================================================================================
🔗 VALIDATING HUMAN-SIM TASK PAIRINGS
================================================================================

🔑 Indexing human videos...
   ✓ human_H57 - 1 episodes

🔑 Indexing sim trajectories (O(sub-datasets))...
   L0_TwoRobotPlaceMugRack-v1: 2241 samples

🔍 Validating pairings...

✅ Successfully paired: 1 task pair(s)


================================================================================
✅ HUMAN-SIM PAIRED DATASET READY
================================================================================
📊 Summary:
   - Total sim samples: 2241
   - Valid paired samples: 2241
   - Skipped samples: 0
   - Valid paired tasks: 1
   - Input mode: video_only
   - Include first frame: True
================================================================================

\n   Building FrozenVideoBackbone (dinov2_vitl14) [Frozen] ...

============================================================
[FrozenBB] Setting up frozen backbone cache (dinov2_vitl14)
  Backbone: 0 frozen tensors | Adapter: 525.8K trainable params
  [RawFeatCache] Loaded 1 entries ← /home/zxc/Imitator/experiments/act_placemugrack_study/runs/A10_s3/te_cache/backbone_dinov2_vitl14/raw_features.pt
  [RawFeatCache] Cache ready: 1 entries loaded from disk.
  [Done] CachedFrozenBackbone ready.
  Expected per-step cost: ~0.15 ms  (dict lookup + adapter)
============================================================

   FrozenVideoBackbone: backbone frozen, cache active, adapter trainable.
  [SkipVideo] skip_human_video=True activated on dataset (1 cache entries cover all tasks).
  Video decode cost (~50-100 ms/sample) eliminated for training.

   ACTAgent ready
   Task encoder:  frozen_backbone (dinov2_vitl14)
   Input mode:    video_only
   Total params:  17.21M  |  Trainable: 17.21M
/home/zxc/miniconda3/envs/imitator/lib/python3.12/site-packages/torch/cuda/__init__.py:61: FutureWarning: The pynvml package is deprecated. Please install nvidia-ml-py instead. If you did not install pynvml directly, please report this to the maintainers of the package that installed pynvml for you.
  import pynvml  # type: ignore[import]
2026-10-07 00:55:41.162169: E external/local_xla/xla/stream_executor/cuda/cuda_fft.cc:467] Unable to register cuFFT factory: Attempting to register factory for plugin cuFFT when one has already been registered
WARNING: All log messages before absl::InitializeLog() is called are written to STDERR
E0000 00:00:1791305741.175757  787118 cuda_dnn.cc:8579] Unable to register cuDNN factory: Attempting to register factory for plugin cuDNN when one has already been registered
E0000 00:00:1791305741.180891  787118 cuda_blas.cc:1407] Unable to register cuBLAS factory: Attempting to register factory for plugin cuBLAS when one has already been registered
W0000 00:00:1791305741.191140  787118 computation_placer.cc:177] computation placer already registered. Please check linkage and avoid linking the same target more than once.
W0000 00:00:1791305741.191178  787118 computation_placer.cc:177] computation placer already registered. Please check linkage and avoid linking the same target more than once.
W0000 00:00:1791305741.191182  787118 computation_placer.cc:177] computation placer already registered. Please check linkage and avoid linking the same target more than once.
W0000 00:00:1791305741.191185  787118 computation_placer.cc:177] computation placer already registered. Please check linkage and avoid linking the same target more than once.
/home/zxc/miniconda3/envs/imitator/lib/python3.12/site-packages/torch/cuda/__init__.py:61: FutureWarning: The pynvml package is deprecated. Please install nvidia-ml-py instead. If you did not install pynvml directly, please report this to the maintainers of the package that installed pynvml for you.
  import pynvml  # type: ignore[import]
2026-10-07 00:55:48.281773: E external/local_xla/xla/stream_executor/cuda/cuda_fft.cc:467] Unable to register cuFFT factory: Attempting to register factory for plugin cuFFT when one has already been registered
WARNING: All log messages before absl::InitializeLog() is called are written to STDERR
E0000 00:00:1791305748.295610  787310 cuda_dnn.cc:8579] Unable to register cuDNN factory: Attempting to register factory for plugin cuDNN when one has already been registered
E0000 00:00:1791305748.299615  787310 cuda_blas.cc:1407] Unable to register cuBLAS factory: Attempting to register factory for plugin cuBLAS when one has already been registered
W0000 00:00:1791305748.311232  787310 computation_placer.cc:177] computation placer already registered. Please check linkage and avoid linking the same target more than once.
W0000 00:00:1791305748.311347  787310 computation_placer.cc:177] computation placer already registered. Please check linkage and avoid linking the same target more than once.
W0000 00:00:1791305748.311354  787310 computation_placer.cc:177] computation placer already registered. Please check linkage and avoid linking the same target more than once.
W0000 00:00:1791305748.311358  787310 computation_placer.cc:177] computation placer already registered. Please check linkage and avoid linking the same target more than once.
/home/zxc/miniconda3/envs/imitator/lib/python3.12/site-packages/torch/cuda/__init__.py:61: FutureWarning: The pynvml package is deprecated. Please install nvidia-ml-py instead. If you did not install pynvml directly, please report this to the maintainers of the package that installed pynvml for you.
  import pynvml  # type: ignore[import]
2026-10-07 00:55:55.452712: E external/local_xla/xla/stream_executor/cuda/cuda_fft.cc:467] Unable to register cuFFT factory: Attempting to register factory for plugin cuFFT when one has already been registered
WARNING: All log messages before absl::InitializeLog() is called are written to STDERR
E0000 00:00:1791305755.467192  787444 cuda_dnn.cc:8579] Unable to register cuDNN factory: Attempting to register factory for plugin cuDNN when one has already been registered
E0000 00:00:1791305755.470912  787444 cuda_blas.cc:1407] Unable to register cuBLAS factory: Attempting to register factory for plugin cuBLAS when one has already been registered
W0000 00:00:1791305755.481545  787444 computation_placer.cc:177] computation placer already registered. Please check linkage and avoid linking the same target more than once.
W0000 00:00:1791305755.481608  787444 computation_placer.cc:177] computation placer already registered. Please check linkage and avoid linking the same target more than once.
W0000 00:00:1791305755.481612  787444 computation_placer.cc:177] computation placer already registered. Please check linkage and avoid linking the same target more than once.
W0000 00:00:1791305755.481615  787444 computation_placer.cc:177] computation placer already registered. Please check linkage and avoid linking the same target more than once.
/home/zxc/miniconda3/envs/imitator/lib/python3.12/site-packages/torch/cuda/__init__.py:61: FutureWarning: The pynvml package is deprecated. Please install nvidia-ml-py instead. If you did not install pynvml directly, please report this to the maintainers of the package that installed pynvml for you.
  import pynvml  # type: ignore[import]
2026-10-07 00:56:02.615425: E external/local_xla/xla/stream_executor/cuda/cuda_fft.cc:467] Unable to register cuFFT factory: Attempting to register factory for plugin cuFFT when one has already been registered
WARNING: All log messages before absl::InitializeLog() is called are written to STDERR
E0000 00:00:1791305762.631524  787655 cuda_dnn.cc:8579] Unable to register cuDNN factory: Attempting to register factory for plugin cuDNN when one has already been registered
E0000 00:00:1791305762.637364  787655 cuda_blas.cc:1407] Unable to register cuBLAS factory: Attempting to register factory for plugin cuBLAS when one has already been registered
W0000 00:00:1791305762.652452  787655 computation_placer.cc:177] computation placer already registered. Please check linkage and avoid linking the same target more than once.
W0000 00:00:1791305762.652544  787655 computation_placer.cc:177] computation placer already registered. Please check linkage and avoid linking the same target more than once.
W0000 00:00:1791305762.652551  787655 computation_placer.cc:177] computation placer already registered. Please check linkage and avoid linking the same target more than once.
W0000 00:00:1791305762.652584  787655 computation_placer.cc:177] computation placer already registered. Please check linkage and avoid linking the same target more than once.
/home/zxc/miniconda3/envs/imitator/lib/python3.12/site-packages/torch/cuda/__init__.py:61: FutureWarning: The pynvml package is deprecated. Please install nvidia-ml-py instead. If you did not install pynvml directly, please report this to the maintainers of the package that installed pynvml for you.
  import pynvml  # type: ignore[import]
2026-10-07 00:56:10.034633: E external/local_xla/xla/stream_executor/cuda/cuda_fft.cc:467] Unable to register cuFFT factory: Attempting to register factory for plugin cuFFT when one has already been registered
WARNING: All log messages before absl::InitializeLog() is called are written to STDERR
E0000 00:00:1791305770.044531  787777 cuda_dnn.cc:8579] Unable to register cuDNN factory: Attempting to register factory for plugin cuDNN when one has already been registered
E0000 00:00:1791305770.047613  787777 cuda_blas.cc:1407] Unable to register cuBLAS factory: Attempting to register factory for plugin cuBLAS when one has already been registered
W0000 00:00:1791305770.056458  787777 computation_placer.cc:177] computation placer already registered. Please check linkage and avoid linking the same target more than once.
W0000 00:00:1791305770.056477  787777 computation_placer.cc:177] computation placer already registered. Please check linkage and avoid linking the same target more than once.
W0000 00:00:1791305770.056480  787777 computation_placer.cc:177] computation placer already registered. Please check linkage and avoid linking the same target more than once.
W0000 00:00:1791305770.056483  787777 computation_placer.cc:177] computation placer already registered. Please check linkage and avoid linking the same target more than once.
/home/zxc/miniconda3/envs/imitator/lib/python3.12/site-packages/torch/cuda/__init__.py:61: FutureWarning: The pynvml package is deprecated. Please install nvidia-ml-py instead. If you did not install pynvml directly, please report this to the maintainers of the package that installed pynvml for you.
  import pynvml  # type: ignore[import]
2026-10-07 00:56:17.580495: E external/local_xla/xla/stream_executor/cuda/cuda_fft.cc:467] Unable to register cuFFT factory: Attempting to register factory for plugin cuFFT when one has already been registered
WARNING: All log messages before absl::InitializeLog() is called are written to STDERR
E0000 00:00:1791305777.591747  787970 cuda_dnn.cc:8579] Unable to register cuDNN factory: Attempting to register factory for plugin cuDNN when one has already been registered
E0000 00:00:1791305777.595936  787970 cuda_blas.cc:1407] Unable to register cuBLAS factory: Attempting to register factory for plugin cuBLAS when one has already been registered
W0000 00:00:1791305777.606015  787970 computation_placer.cc:177] computation placer already registered. Please check linkage and avoid linking the same target more than once.
W0000 00:00:1791305777.606043  787970 computation_placer.cc:177] computation placer already registered. Please check linkage and avoid linking the same target more than once.
W0000 00:00:1791305777.606047  787970 computation_placer.cc:177] computation placer already registered. Please check linkage and avoid linking the same target more than once.
W0000 00:00:1791305777.606049  787970 computation_placer.cc:177] computation placer already registered. Please check linkage and avoid linking the same target more than once.
/home/zxc/miniconda3/envs/imitator/lib/python3.12/site-packages/torch/cuda/__init__.py:61: FutureWarning: The pynvml package is deprecated. Please install nvidia-ml-py instead. If you did not install pynvml directly, please report this to the maintainers of the package that installed pynvml for you.
  import pynvml  # type: ignore[import]
2026-10-07 00:56:24.847708: E external/local_xla/xla/stream_executor/cuda/cuda_fft.cc:467] Unable to register cuFFT factory: Attempting to register factory for plugin cuFFT when one has already been registered
WARNING: All log messages before absl::InitializeLog() is called are written to STDERR
E0000 00:00:1791305784.861798  788106 cuda_dnn.cc:8579] Unable to register cuDNN factory: Attempting to register factory for plugin cuDNN when one has already been registered
E0000 00:00:1791305784.867109  788106 cuda_blas.cc:1407] Unable to register cuBLAS factory: Attempting to register factory for plugin cuBLAS when one has already been registered
W0000 00:00:1791305784.879436  788106 computation_placer.cc:177] computation placer already registered. Please check linkage and avoid linking the same target more than once.
W0000 00:00:1791305784.879497  788106 computation_placer.cc:177] computation placer already registered. Please check linkage and avoid linking the same target more than once.
W0000 00:00:1791305784.879500  788106 computation_placer.cc:177] computation placer already registered. Please check linkage and avoid linking the same target more than once.
W0000 00:00:1791305784.879502  788106 computation_placer.cc:177] computation placer already registered. Please check linkage and avoid linking the same target more than once.
/home/zxc/miniconda3/envs/imitator/lib/python3.12/site-packages/torch/cuda/__init__.py:61: FutureWarning: The pynvml package is deprecated. Please install nvidia-ml-py instead. If you did not install pynvml directly, please report this to the maintainers of the package that installed pynvml for you.
  import pynvml  # type: ignore[import]
2026-10-07 00:56:32.007749: E external/local_xla/xla/stream_executor/cuda/cuda_fft.cc:467] Unable to register cuFFT factory: Attempting to register factory for plugin cuFFT when one has already been registered
WARNING: All log messages before absl::InitializeLog() is called are written to STDERR
E0000 00:00:1791305792.022726  788420 cuda_dnn.cc:8579] Unable to register cuDNN factory: Attempting to register factory for plugin cuDNN when one has already been registered
E0000 00:00:1791305792.027025  788420 cuda_blas.cc:1407] Unable to register cuBLAS factory: Attempting to register factory for plugin cuBLAS when one has already been registered
W0000 00:00:1791305792.037042  788420 computation_placer.cc:177] computation placer already registered. Please check linkage and avoid linking the same target more than once.
W0000 00:00:1791305792.037093  788420 computation_placer.cc:177] computation placer already registered. Please check linkage and avoid linking the same target more than once.
W0000 00:00:1791305792.037097  788420 computation_placer.cc:177] computation placer already registered. Please check linkage and avoid linking the same target more than once.
W0000 00:00:1791305792.037100  788420 computation_placer.cc:177] computation placer already registered. Please check linkage and avoid linking the same target more than once.
{"step": 1, "samples": 64, "pass": 0, "elapsed_train_s": 2.6570720720010286, "lr": [1.1111111111111112e-07, 1.1111111111111112e-08], "loss": 98.71015930175781, "l1": 0.7815474271774292, "kl": 9.792860984802246, "memory_allocated_GiB": 0.2731194496154785}
{"step": 50, "samples": 3200, "pass": 1, "elapsed_train_s": 6.489598348001891, "lr": [5.555555555555556e-06, 5.555555555555555e-07], "loss": 91.14449310302734, "l1": 0.6688731835812939, "kl": 9.047561986105782, "memory_allocated_GiB": 0.27306604385375977}
{"step": 100, "samples": 6400, "pass": 2, "elapsed_train_s": 10.567651147001015, "lr": [1.1111111111111112e-05, 1.111111111111111e-06], "loss": 48.41332763671875, "l1": 0.5233198225498199, "kl": 4.789000773429871, "memory_allocated_GiB": 0.27428674697875977}
{"step": 150, "samples": 9600, "pass": 4, "elapsed_train_s": 15.467620446001092, "lr": [1.6666666666666667e-05, 1.6666666666666667e-06], "loss": 9.09837076663971, "l1": 0.4136672395467758, "kl": 0.8684703487157822, "memory_allocated_GiB": 0.27227258682250977}
{"step": 200, "samples": 12800, "pass": 5, "elapsed_train_s": 19.596667330002674, "lr": [2.2222222222222223e-05, 2.222222222222222e-06], "loss": 3.112719707489014, "l1": 0.31102840423583983, "kl": 0.28016912937164307, "memory_allocated_GiB": 0.27318811416625977}
{"step": 250, "samples": 16000, "pass": 7, "elapsed_train_s": 24.289867145002063, "lr": [2.777777777777778e-05, 2.7777777777777783e-06], "loss": 2.178594937324524, "l1": 0.24988321840763092, "kl": 0.19287117272615434, "memory_allocated_GiB": 0.2737298011779785}
{"step": 300, "samples": 19200, "pass": 8, "elapsed_train_s": 28.569764843003213, "lr": [3.3333333333333335e-05, 3.3333333333333333e-06], "loss": 1.5952176690101623, "l1": 0.21827682673931123, "kl": 0.1376940841972828, "memory_allocated_GiB": 0.27306604385375977}
{"step": 350, "samples": 22400, "pass": 9, "elapsed_train_s": 32.63976909300254, "lr": [3.888888888888889e-05, 3.88888888888889e-06], "loss": 1.1449239134788514, "l1": 0.19521491080522538, "kl": 0.0949709002673626, "memory_allocated_GiB": 0.27233362197875977}
{"step": 400, "samples": 25600, "pass": 11, "elapsed_train_s": 37.229387172003044, "lr": [4.4444444444444447e-05, 4.444444444444444e-06], "loss": 0.8104564797878265, "l1": 0.17815800219774247, "kl": 0.06322984769940376, "memory_allocated_GiB": 0.27306604385375977}
{"step": 450, "samples": 28800, "pass": 12, "elapsed_train_s": 41.40164043900222, "lr": [5e-05, 5e-06], "loss": 0.5660891968011856, "l1": 0.16451796561479567, "kl": 0.04015712320804596, "memory_allocated_GiB": 0.27367639541625977}
{"step": 500, "samples": 32000, "pass": 14, "elapsed_train_s": 45.891392877001635, "lr": [5.555555555555556e-05, 5.555555555555557e-06], "loss": 0.4038209038972855, "l1": 0.15128740221261977, "kl": 0.02525335006415844, "memory_allocated_GiB": 0.27306604385375977}
{"step": 550, "samples": 35200, "pass": 15, "elapsed_train_s": 50.03574180000214, "lr": [6.111111111111112e-05, 6.111111111111112e-06], "loss": 0.2989118707180023, "l1": 0.13979251235723494, "kl": 0.015911935791373254, "memory_allocated_GiB": 0.2721428871154785}
{"step": 600, "samples": 38400, "pass": 17, "elapsed_train_s": 55.041397823002626, "lr": [6.666666666666667e-05, 6.666666666666667e-06], "loss": 0.22856899708509446, "l1": 0.12980786219239235, "kl": 0.009876113487407565, "memory_allocated_GiB": 0.27269983291625977}
{"step": 650, "samples": 41600, "pass": 18, "elapsed_train_s": 58.97070395400078, "lr": [7.222222222222222e-05, 7.222222222222223e-06], "loss": 0.18786280244588852, "l1": 0.12131887435913086, "kl": 0.006654392713680863, "memory_allocated_GiB": 0.27331018447875977}
{"step": 700, "samples": 44800, "pass": 19, "elapsed_train_s": 63.05121469900041, "lr": [7.777777777777778e-05, 7.77777777777778e-06], "loss": 0.162409910261631, "l1": 0.11485321462154388, "kl": 0.00475566959939897, "memory_allocated_GiB": 0.27269983291625977}
{"step": 750, "samples": 48000, "pass": 21, "elapsed_train_s": 68.04710671500288, "lr": [8.333333333333334e-05, 8.333333333333334e-06], "loss": 0.14349596679210663, "l1": 0.10687289729714394, "kl": 0.0036623070295900106, "memory_allocated_GiB": 0.2737298011779785}
{"step": 800, "samples": 51200, "pass": 22, "elapsed_train_s": 71.65454954100278, "lr": [8.888888888888889e-05, 8.888888888888888e-06], "loss": 0.129136813133955, "l1": 0.1001425814628601, "kl": 0.0028994231764227153, "memory_allocated_GiB": 0.27288293838500977}
{"step": 850, "samples": 54400, "pass": 24, "elapsed_train_s": 77.28560589700282, "lr": [9.444444444444444e-05, 9.444444444444445e-06], "loss": 0.11891373336315154, "l1": 0.09537609711289406, "kl": 0.0023537636268883945, "memory_allocated_GiB": 0.27306604385375977}
{"step": 900, "samples": 57600, "pass": 25, "elapsed_train_s": 81.92561870999998, "lr": [0.0001, 1e-05], "loss": 0.11153747275471687, "l1": 0.0910468590259552, "kl": 0.0020490613766014575, "memory_allocated_GiB": 0.27269983291625977}
{"step": 950, "samples": 60800, "pass": 27, "elapsed_train_s": 86.94792324100126, "lr": [9.999789047591562e-05, 9.999789047591563e-06], "loss": 0.10407214969396592, "l1": 0.08686107248067856, "kl": 0.001721107754856348, "memory_allocated_GiB": 0.2727532386779785}
{"step": 1000, "samples": 64000, "pass": 28, "elapsed_train_s": 91.59695099400051, "lr": [9.999156208166614e-05, 9.999156208166614e-06], "loss": 0.09884239494800567, "l1": 0.0839339804649353, "kl": 0.0014908414892852307, "memory_allocated_GiB": 0.2745842933654785}
{"step": 1050, "samples": 67200, "pass": 29, "elapsed_train_s": 96.18722771100147, "lr": [9.998101535124758e-05, 9.998101535124758e-06], "loss": 0.09321081444621086, "l1": 0.08010866984724999, "kl": 0.0013102144468575716, "memory_allocated_GiB": 0.27404260635375977}
{"step": 1100, "samples": 70400, "pass": 31, "elapsed_train_s": 101.1632264430009, "lr": [9.996625117460318e-05, 9.996625117460319e-06], "loss": 0.0893875727057457, "l1": 0.07735489189624786, "kl": 0.0012032680865377188, "memory_allocated_GiB": 0.27306604385375977}
{"step": 1150, "samples": 73600, "pass": 32, "elapsed_train_s": 105.79998626000088, "lr": [9.994727079754844e-05, 9.994727079754845e-06], "loss": 0.08646675243973732, "l1": 0.07543570324778556, "kl": 0.0011031048931181432, "memory_allocated_GiB": 0.2737298011779785}
{"step": 1200, "samples": 76800, "pass": 34, "elapsed_train_s": 111.28162019900265, "lr": [9.992407582166581e-05, 9.992407582166582e-06], "loss": 0.08179257526993751, "l1": 0.07169078558683395, "kl": 0.0010101789701730012, "memory_allocated_GiB": 0.27288293838500977}
{"step": 1250, "samples": 80000, "pass": 35, "elapsed_train_s": 115.04736682400107, "lr": [9.989666820416974e-05, 9.989666820416974e-06], "loss": 0.07896458134055137, "l1": 0.07020882293581962, "kl": 0.0008755758590996266, "memory_allocated_GiB": 0.272951602935791}
{"step": 1300, "samples": 83200, "pass": 37, "elapsed_train_s": 120.5111368550024, "lr": [9.986505025774138e-05, 9.986505025774137e-06], "loss": 0.07649794116616249, "l1": 0.06853643640875816, "kl": 0.000796150453388691, "memory_allocated_GiB": 0.27331018447875977}
{"step": 1350, "samples": 86400, "pass": 38, "elapsed_train_s": 125.2899384400007, "lr": [9.98292246503335e-05, 9.98292246503335e-06], "loss": 0.07365997970104217, "l1": 0.06632438473403454, "kl": 0.0007335595134645701, "memory_allocated_GiB": 0.27306604385375977}
{"step": 1400, "samples": 89600, "pass": 39, "elapsed_train_s": 128.70882326900028, "lr": [9.978919440494539e-05, 9.978919440494538e-06], "loss": 0.07135287493467331, "l1": 0.06449966110289097, "kl": 0.0006853213254362345, "memory_allocated_GiB": 0.27306604385375977}
{"step": 1450, "samples": 92800, "pass": 41, "elapsed_train_s": 131.9286107150001, "lr": [9.974496289936769e-05, 9.974496289936769e-06], "loss": 0.07110356554389, "l1": 0.06309530913829803, "kl": 0.0008008256088942289, "memory_allocated_GiB": 0.2737298011779785}
{"step": 1500, "samples": 96000, "pass": 42, "elapsed_train_s": 134.68982564300313, "lr": [9.969653386589748e-05, 9.969653386589749e-06], "loss": 0.068500424772501, "l1": 0.06158496230840683, "kl": 0.0006915462668985129, "memory_allocated_GiB": 0.27306604385375977}
{"step": 1550, "samples": 99200, "pass": 44, "elapsed_train_s": 138.01618366200273, "lr": [9.964391139102325e-05, 9.964391139102325e-06], "loss": 0.0670437490940094, "l1": 0.06082163773477078, "kl": 0.0006222111638635397, "memory_allocated_GiB": 0.2726311683654785}
{"step": 1600, "samples": 102400, "pass": 45, "elapsed_train_s": 140.84607536100157, "lr": [9.958709991508012e-05, 9.958709991508013e-06], "loss": 0.0664141221344471, "l1": 0.05973746806383133, "kl": 0.000667665395885706, "memory_allocated_GiB": 0.2729363441467285}
{"step": 1650, "samples": 105600, "pass": 47, "elapsed_train_s": 144.08181591700122, "lr": [9.952610423187516e-05, 9.952610423187516e-06], "loss": 0.06441225498914718, "l1": 0.058480031862854956, "kl": 0.0005932223424315453, "memory_allocated_GiB": 0.27392053604125977}
{"step": 1700, "samples": 108800, "pass": 48, "elapsed_train_s": 147.06148774300163, "lr": [9.946092948828289e-05, 9.94609294882829e-06], "loss": 0.06351050615310669, "l1": 0.0581095864623785, "kl": 0.000540091972798109, "memory_allocated_GiB": 0.272768497467041}
{"step": 1750, "samples": 112000, "pass": 49, "elapsed_train_s": 149.93642949400237, "lr": [9.939158118381098e-05, 9.939158118381097e-06], "loss": 0.061241385042667386, "l1": 0.056186592280864714, "kl": 0.0005054792575538158, "memory_allocated_GiB": 0.27379846572875977}
{"step": 1800, "samples": 115200, "pass": 51, "elapsed_train_s": 153.73750424000173, "lr": [9.931806517013612e-05, 9.931806517013612e-06], "loss": 0.05996083088219166, "l1": 0.055790869370102886, "kl": 0.00041699616238474843, "memory_allocated_GiB": 0.27257776260375977}
DEVELOPMENT {"step": 1800, "summary": {"success_once": {"mean": 0.95, "std": 0.21794494717703372}, "return": {"mean": 385.43914794921875, "std": 25.987548828125}, "episode_len": {"mean": 500.0, "std": 0.0}, "reward": {"mean": 0.7708783020019531, "std": 0.05197509311958905}, "last_reward": {"mean": 0.9891336888074875, "std": 0.04736515237722698}, "success_at_end": {"mean": 0.9, "std": 0.30000000000000004}}, "stages": {"is_grasped": 20, "is_mug_above_table": 20, "is_mug_contact_rack": 19, "is_obj_placed": 19, "success": 19}}
{"step": 1850, "samples": 118400, "pass": 52, "elapsed_train_s": 274.52108030900126, "lr": [9.924038765061042e-05, 9.924038765061042e-06], "loss": 0.05834169529378414, "l1": 0.05435559153556824, "kl": 0.0003986104018986225, "memory_allocated_GiB": 0.2737298011779785}
{"step": 1900, "samples": 121600, "pass": 54, "elapsed_train_s": 277.87368594299915, "lr": [9.915855517973776e-05, 9.915855517973776e-06], "loss": 0.05827869147062301, "l1": 0.053932524472475055, "kl": 0.00043461671099066736, "memory_allocated_GiB": 0.27269983291625977}
{"step": 1950, "samples": 124800, "pass": 55, "elapsed_train_s": 280.565929770004, "lr": [9.90725746626209e-05, 9.90725746626209e-06], "loss": 0.056816611513495444, "l1": 0.052242117673158645, "kl": 0.00045744940638542175, "memory_allocated_GiB": 0.27294397354125977}
{"step": 2000, "samples": 128000, "pass": 57, "elapsed_train_s": 283.8016001560027, "lr": [9.89824533543787e-05, 9.89824533543787e-06], "loss": 0.05555877260863781, "l1": 0.05137322440743446, "kl": 0.00041855487041175365, "memory_allocated_GiB": 0.2740960121154785}
{"step": 2050, "samples": 131200, "pass": 58, "elapsed_train_s": 286.5839839360051, "lr": [9.888819885953398e-05, 9.888819885953398e-06], "loss": 0.05465877152979374, "l1": 0.05071203723549843, "kl": 0.00039467343129217624, "memory_allocated_GiB": 0.27269983291625977}
{"step": 2100, "samples": 134400, "pass": 59, "elapsed_train_s": 289.32262111199816, "lr": [9.878981913137179e-05, 9.878981913137178e-06], "loss": 0.054427051320672035, "l1": 0.050632209181785584, "kl": 0.0003794842213392258, "memory_allocated_GiB": 0.27263879776000977}
{"step": 2150, "samples": 137600, "pass": 61, "elapsed_train_s": 292.6196059990034, "lr": [9.86873224712684e-05, 9.86873224712684e-06], "loss": 0.05339126110076904, "l1": 0.04928393416106701, "kl": 0.00041073269210755825, "memory_allocated_GiB": 0.27318811416625977}
{"step": 2200, "samples": 140800, "pass": 62, "elapsed_train_s": 295.33040746200277, "lr": [9.85807175279907e-05, 9.85807175279907e-06], "loss": 0.052512704730033874, "l1": 0.0490565986931324, "kl": 0.0003456105850636959, "memory_allocated_GiB": 0.27306604385375977}
{"step": 2250, "samples": 144000, "pass": 64, "elapsed_train_s": 298.5096297900018, "lr": [9.847001329696653e-05, 9.847001329696653e-06], "loss": 0.05128106892108917, "l1": 0.0475903395563364, "kl": 0.00036907294765114784, "memory_allocated_GiB": 0.27306604385375977}
{"step": 2300, "samples": 147200, "pass": 65, "elapsed_train_s": 301.38798861700343, "lr": [9.835521911952555e-05, 9.835521911952554e-06], "loss": 0.051266736909747125, "l1": 0.04781112857162952, "kl": 0.00034556083381175994, "memory_allocated_GiB": 0.27233362197875977}
{"step": 2350, "samples": 150400, "pass": 67, "elapsed_train_s": 304.5771311130011, "lr": [9.823634468211103e-05, 9.823634468211102e-06], "loss": 0.050332237854599955, "l1": 0.04676975347101688, "kl": 0.0003562484122812748, "memory_allocated_GiB": 0.2737298011779785}
{"step": 2400, "samples": 153600, "pass": 68, "elapsed_train_s": 307.42407321000064, "lr": [9.811340001546251e-05, 9.811340001546252e-06], "loss": 0.04946465000510216, "l1": 0.046106206625699996, "kl": 0.0003358443360775709, "memory_allocated_GiB": 0.27269983291625977}
{"step": 2450, "samples": 156800, "pass": 69, "elapsed_train_s": 310.05962684000406, "lr": [9.798639549376945e-05, 9.798639549376946e-06], "loss": 0.04868796177208424, "l1": 0.0456993518024683, "kl": 0.0002988610044121742, "memory_allocated_GiB": 0.2736077308654785}
{"step": 2500, "samples": 160000, "pass": 71, "elapsed_train_s": 313.28662559700024, "lr": [9.785534183379572e-05, 9.785534183379571e-06], "loss": 0.048110823631286624, "l1": 0.04503728426992893, "kl": 0.0003073539212346077, "memory_allocated_GiB": 0.2737298011779785}
{"step": 2550, "samples": 163200, "pass": 72, "elapsed_train_s": 316.02726159099984, "lr": [9.772025009397537e-05, 9.772025009397538e-06], "loss": 0.04732179149985313, "l1": 0.04406451694667339, "kl": 0.00032572745345532894, "memory_allocated_GiB": 0.27367639541625977}
{"step": 2600, "samples": 166400, "pass": 74, "elapsed_train_s": 319.28565562800213, "lr": [9.75811316734796e-05, 9.75811316734796e-06], "loss": 0.046332508400082587, "l1": 0.04340628400444985, "kl": 0.0002926224563270807, "memory_allocated_GiB": 0.27208948135375977}
{"step": 2650, "samples": 169600, "pass": 75, "elapsed_train_s": 322.15530281600513, "lr": [9.743799831125472e-05, 9.743799831125472e-06], "loss": 0.04616898968815804, "l1": 0.04286003716289997, "kl": 0.0003308952506631613, "memory_allocated_GiB": 0.27331018447875977}
{"step": 2700, "samples": 172800, "pass": 77, "elapsed_train_s": 325.33292479599913, "lr": [9.729086208503174e-05, 9.729086208503174e-06], "loss": 0.04563030883669853, "l1": 0.04264766588807106, "kl": 0.0002982643060386181, "memory_allocated_GiB": 0.27306604385375977}
{"step": 2750, "samples": 176000, "pass": 78, "elapsed_train_s": 328.23591833100363, "lr": [9.713973541030716e-05, 9.713973541030716e-06], "loss": 0.045100245252251626, "l1": 0.041986968591809275, "kl": 0.00031132765114307405, "memory_allocated_GiB": 0.27428674697875977}
{"step": 2800, "samples": 179200, "pass": 79, "elapsed_train_s": 330.9118499390024, "lr": [9.698463103929542e-05, 9.698463103929542e-06], "loss": 0.04448138490319252, "l1": 0.04179557673633098, "kl": 0.00026858082972466943, "memory_allocated_GiB": 0.27227258682250977}
{"step": 2850, "samples": 182400, "pass": 81, "elapsed_train_s": 334.28154636199906, "lr": [9.682556205985274e-05, 9.682556205985274e-06], "loss": 0.04371582932770252, "l1": 0.04121002331376076, "kl": 0.0002505806088447571, "memory_allocated_GiB": 0.27318811416625977}
{"step": 2900, "samples": 185600, "pass": 82, "elapsed_train_s": 336.95918035700015, "lr": [9.666254189437286e-05, 9.666254189437286e-06], "loss": 0.043182969316840174, "l1": 0.040213518366217615, "kl": 0.000296945096924901, "memory_allocated_GiB": 0.2737298011779785}
{"step": 2950, "samples": 188800, "pass": 84, "elapsed_train_s": 340.18947588000447, "lr": [9.64955842986544e-05, 9.64955842986544e-06], "loss": 0.04276098117232323, "l1": 0.03983597584068775, "kl": 0.0002925005368888378, "memory_allocated_GiB": 0.27306604385375977}
{"step": 3000, "samples": 192000, "pass": 85, "elapsed_train_s": 343.01852650000365, "lr": [9.632470336074009e-05, 9.632470336074009e-06], "loss": 0.042158618420362476, "l1": 0.03931144714355469, "kl": 0.0002847171388566494, "memory_allocated_GiB": 0.27233362197875977}
{"step": 3050, "samples": 195200, "pass": 87, "elapsed_train_s": 346.138972534005, "lr": [9.614991349972815e-05, 9.614991349972815e-06], "loss": 0.04169220604002476, "l1": 0.03891859635710716, "kl": 0.0002773609571158886, "memory_allocated_GiB": 0.27306604385375977}
{"step": 3100, "samples": 198400, "pass": 88, "elapsed_train_s": 349.0451956350007, "lr": [9.59712294645554e-05, 9.597122946455539e-06], "loss": 0.04249921686947346, "l1": 0.03977783933281898, "kl": 0.0002721377555280924, "memory_allocated_GiB": 0.27367639541625977}
{"step": 3150, "samples": 201600, "pass": 89, "elapsed_train_s": 351.77446126499854, "lr": [9.578866633275288e-05, 9.578866633275289e-06], "loss": 0.040593398064374925, "l1": 0.03816656500101089, "kl": 0.00024268332868814468, "memory_allocated_GiB": 0.27306604385375977}
{"step": 3200, "samples": 204800, "pass": 91, "elapsed_train_s": 355.2276328799999, "lr": [9.560223950917353e-05, 9.560223950917354e-06], "loss": 0.04003260813653469, "l1": 0.03749343276023865, "kl": 0.00025391756556928155, "memory_allocated_GiB": 0.2721428871154785}
{"step": 3250, "samples": 208000, "pass": 92, "elapsed_train_s": 358.0664238870013, "lr": [9.541196472469233e-05, 9.541196472469234e-06], "loss": 0.04008322983980179, "l1": 0.03751596599817276, "kl": 0.00025672637857496736, "memory_allocated_GiB": 0.27269983291625977}
{"step": 3300, "samples": 211200, "pass": 94, "elapsed_train_s": 361.28565071400226, "lr": [9.521785803487889e-05, 9.521785803487888e-06], "loss": 0.0394257190823555, "l1": 0.03707343086600304, "kl": 0.00023522878997027873, "memory_allocated_GiB": 0.27331018447875977}
{"step": 3350, "samples": 214400, "pass": 95, "elapsed_train_s": 364.0744576270008, "lr": [9.501993581864268e-05, 9.501993581864268e-06], "loss": 0.038985519856214526, "l1": 0.03628870040178299, "kl": 0.00026968193240463735, "memory_allocated_GiB": 0.27269983291625977}
{"step": 3400, "samples": 217600, "pass": 97, "elapsed_train_s": 367.27627432600275, "lr": [9.481821477685101e-05, 9.481821477685102e-06], "loss": 0.03861235715448856, "l1": 0.03583036795258522, "kl": 0.0002781989052891731, "memory_allocated_GiB": 0.2737298011779785}
{"step": 3450, "samples": 220800, "pass": 98, "elapsed_train_s": 370.1430678379984, "lr": [9.46127119309197e-05, 9.461271193091971e-06], "loss": 0.03859510950744152, "l1": 0.03641501381993294, "kl": 0.0002180095762014389, "memory_allocated_GiB": 0.27288293838500977}
{"step": 3500, "samples": 224000, "pass": 99, "elapsed_train_s": 372.8058533020012, "lr": [9.440344462137689e-05, 9.44034446213769e-06], "loss": 0.038507910594344136, "l1": 0.03601374745368958, "kl": 0.00024941630661487577, "memory_allocated_GiB": 0.27306604385375977}
{"step": 3550, "samples": 227200, "pass": 101, "elapsed_train_s": 376.2631177920048, "lr": [9.419043050639973e-05, 9.419043050639973e-06], "loss": 0.03839314199984074, "l1": 0.0359972033649683, "kl": 0.00023959387093782424, "memory_allocated_GiB": 0.27269983291625977}
{"step": 3600, "samples": 230400, "pass": 102, "elapsed_train_s": 378.98550939000415, "lr": [9.397368756032445e-05, 9.397368756032445e-06], "loss": 0.03761972762644291, "l1": 0.034910078793764114, "kl": 0.00027096486650407314, "memory_allocated_GiB": 0.2727532386779785}
{"step": 3650, "samples": 233600, "pass": 104, "elapsed_train_s": 382.2756919349995, "lr": [9.375323407212969e-05, 9.37532340721297e-06], "loss": 0.03725337103009224, "l1": 0.03486245058476925, "kl": 0.00023909202776849269, "memory_allocated_GiB": 0.2745842933654785}
{"step": 3700, "samples": 236800, "pass": 105, "elapsed_train_s": 385.0387907510012, "lr": [9.352908864389312e-05, 9.352908864389313e-06], "loss": 0.037777966111898424, "l1": 0.0353348358720541, "kl": 0.0002443130314350128, "memory_allocated_GiB": 0.27404260635375977}
{"step": 3750, "samples": 240000, "pass": 107, "elapsed_train_s": 388.26844618500036, "lr": [9.330127018922194e-05, 9.330127018922195e-06], "loss": 0.03719378031790257, "l1": 0.03482702299952507, "kl": 0.0002366757392883301, "memory_allocated_GiB": 0.27306604385375977}
{"step": 3800, "samples": 243200, "pass": 108, "elapsed_train_s": 391.0533529020031, "lr": [9.306979793165681e-05, 9.306979793165682e-06], "loss": 0.03655646324157715, "l1": 0.03424997851252556, "kl": 0.0002306484617292881, "memory_allocated_GiB": 0.2737298011779785}
{"step": 3850, "samples": 246400, "pass": 109, "elapsed_train_s": 393.7696922280011, "lr": [9.283469140304983e-05, 9.283469140304982e-06], "loss": 0.03613309875130653, "l1": 0.03386910632252693, "kl": 0.00022639925591647626, "memory_allocated_GiB": 0.27288293838500977}
{"step": 3900, "samples": 249600, "pass": 111, "elapsed_train_s": 397.120525585, "lr": [9.259597044191636e-05, 9.259597044191635e-06], "loss": 0.03510293625295162, "l1": 0.032891361974179745, "kl": 0.0002211573999375105, "memory_allocated_GiB": 0.272951602935791}
{"step": 3950, "samples": 252800, "pass": 112, "elapsed_train_s": 399.8662992630052, "lr": [9.23536551917611e-05, 9.23536551917611e-06], "loss": 0.03563841164112091, "l1": 0.033617739453911784, "kl": 0.00020206721499562263, "memory_allocated_GiB": 0.27331018447875977}
{"step": 4000, "samples": 256000, "pass": 114, "elapsed_train_s": 403.1488229480019, "lr": [9.210776609937829e-05, 9.21077660993783e-06], "loss": 0.03462873615324497, "l1": 0.03252747792750597, "kl": 0.00021012580953538417, "memory_allocated_GiB": 0.27306604385375977}
{"step": 4050, "samples": 259200, "pass": 115, "elapsed_train_s": 405.8991404699991, "lr": [9.185832391312644e-05, 9.185832391312644e-06], "loss": 0.034817108660936354, "l1": 0.032851352766156194, "kl": 0.00019657560624182225, "memory_allocated_GiB": 0.27306604385375977}
{"step": 4100, "samples": 262400, "pass": 117, "elapsed_train_s": 409.1581469750017, "lr": [9.160534968117752e-05, 9.160534968117752e-06], "loss": 0.03453108765184879, "l1": 0.03239161789417267, "kl": 0.00021394697949290276, "memory_allocated_GiB": 0.2737298011779785}
{"step": 4150, "samples": 265600, "pass": 118, "elapsed_train_s": 411.96858649000205, "lr": [9.134886474974091e-05, 9.134886474974092e-06], "loss": 0.03386224985122681, "l1": 0.03169067457318306, "kl": 0.0002171575091779232, "memory_allocated_GiB": 0.27306604385375977}
{"step": 4200, "samples": 268800, "pass": 119, "elapsed_train_s": 414.70202188300027, "lr": [9.108889076126226e-05, 9.108889076126226e-06], "loss": 0.03443891674280167, "l1": 0.032237158678472044, "kl": 0.0002201757859438658, "memory_allocated_GiB": 0.2726311683654785}
{"step": 4250, "samples": 272000, "pass": 121, "elapsed_train_s": 418.0605466410052, "lr": [9.082544965259715e-05, 9.082544965259716e-06], "loss": 0.03385569132864475, "l1": 0.03153221916407347, "kl": 0.00023234723135828972, "memory_allocated_GiB": 0.2729363441467285}
{"step": 4300, "samples": 275200, "pass": 122, "elapsed_train_s": 420.8470928259994, "lr": [9.055856365316011e-05, 9.055856365316012e-06], "loss": 0.0343414044380188, "l1": 0.03193652682006359, "kl": 0.00024048773571848868, "memory_allocated_GiB": 0.27392053604125977}
{"step": 4350, "samples": 278400, "pass": 124, "elapsed_train_s": 424.1675873319982, "lr": [9.028825528304892e-05, 9.028825528304892e-06], "loss": 0.03372164770960808, "l1": 0.03149725783616304, "kl": 0.00022243899293243884, "memory_allocated_GiB": 0.272768497467041}
{"step": 4400, "samples": 281600, "pass": 125, "elapsed_train_s": 426.98358648900467, "lr": [9.001454735114421e-05, 9.00145473511442e-06], "loss": 0.03294709526002407, "l1": 0.030888976939022542, "kl": 0.0002058118302375078, "memory_allocated_GiB": 0.27379846572875977}
{"step": 4450, "samples": 284800, "pass": 127, "elapsed_train_s": 430.2235038889994, "lr": [8.9737462953185e-05, 8.973746295318499e-06], "loss": 0.03244599092751741, "l1": 0.03055824149399996, "kl": 0.00018877496011555196, "memory_allocated_GiB": 0.27257776260375977}
{"step": 4500, "samples": 288000, "pass": 128, "elapsed_train_s": 432.98400352799945, "lr": [8.945702546981969e-05, 8.94570254698197e-06], "loss": 0.03246965665370226, "l1": 0.030575562343001364, "kl": 0.000189409451559186, "memory_allocated_GiB": 0.2737298011779785}
{"step": 4550, "samples": 291200, "pass": 129, "elapsed_train_s": 435.69748891700146, "lr": [8.917325856463331e-05, 8.917325856463331e-06], "loss": 0.03284983970224857, "l1": 0.03077207650989294, "kl": 0.0002077763434499502, "memory_allocated_GiB": 0.27269983291625977}
{"step": 4600, "samples": 294400, "pass": 131, "elapsed_train_s": 439.1541302990008, "lr": [8.88861861821507e-05, 8.88861861821507e-06], "loss": 0.032365420944988725, "l1": 0.030511743277311324, "kl": 0.0001853677537292242, "memory_allocated_GiB": 0.27294397354125977}
{"step": 4650, "samples": 297600, "pass": 132, "elapsed_train_s": 441.8512844979996, "lr": [8.859583254581605e-05, 8.859583254581604e-06], "loss": 0.03283217430114746, "l1": 0.03097691122442484, "kl": 0.000185526292771101, "memory_allocated_GiB": 0.2740960121154785}
{"step": 4700, "samples": 300800, "pass": 134, "elapsed_train_s": 445.24157051500515, "lr": [8.83022221559489e-05, 8.83022221559489e-06], "loss": 0.03246139690279961, "l1": 0.030844889879226685, "kl": 0.00016165069304406642, "memory_allocated_GiB": 0.27269983291625977}
{"step": 4750, "samples": 304000, "pass": 135, "elapsed_train_s": 448.0938670750038, "lr": [8.800537978767682e-05, 8.800537978767683e-06], "loss": 0.03170341216027737, "l1": 0.029879054948687554, "kl": 0.00018243572674691677, "memory_allocated_GiB": 0.27263879776000977}
{"step": 4800, "samples": 307200, "pass": 137, "elapsed_train_s": 451.23793680900417, "lr": [8.770533048884482e-05, 8.770533048884483e-06], "loss": 0.0317988234013319, "l1": 0.030134619921445848, "kl": 0.0001664203405380249, "memory_allocated_GiB": 0.27318811416625977}
{"step": 4850, "samples": 310400, "pass": 138, "elapsed_train_s": 454.09639675100334, "lr": [8.740209957790178e-05, 8.740209957790179e-06], "loss": 0.031121109016239643, "l1": 0.029280678443610667, "kl": 0.0001840430498123169, "memory_allocated_GiB": 0.27306604385375977}
{"step": 4900, "samples": 313600, "pass": 139, "elapsed_train_s": 456.80159200100024, "lr": [8.709571264176409e-05, 8.709571264176408e-06], "loss": 0.031166296377778055, "l1": 0.029398152492940425, "kl": 0.00017681438475847244, "memory_allocated_GiB": 0.27306604385375977}
{"step": 4950, "samples": 316800, "pass": 141, "elapsed_train_s": 460.1963996220002, "lr": [8.678619553365659e-05, 8.67861955336566e-06], "loss": 0.031204749010503293, "l1": 0.029452676810324194, "kl": 0.00017520722001791, "memory_allocated_GiB": 0.27233362197875977}
{"step": 5000, "samples": 320000, "pass": 142, "elapsed_train_s": 462.96853029700287, "lr": [8.647357437093105e-05, 8.647357437093104e-06], "loss": 0.030488255843520166, "l1": 0.02845242217183113, "kl": 0.0002035833615809679, "memory_allocated_GiB": 0.2737298011779785}
{"step": 5050, "samples": 323200, "pass": 144, "elapsed_train_s": 466.2326838459994, "lr": [8.615787553286234e-05, 8.615787553286235e-06], "loss": 0.030892333984375, "l1": 0.028994200639426707, "kl": 0.00018981333822011947, "memory_allocated_GiB": 0.27269983291625977}
{"step": 5100, "samples": 326400, "pass": 145, "elapsed_train_s": 469.12139513999864, "lr": [8.583912565842257e-05, 8.583912565842258e-06], "loss": 0.03056296207010746, "l1": 0.029005493484437466, "kl": 0.00015574687160551547, "memory_allocated_GiB": 0.2736077308654785}
{"step": 5150, "samples": 329600, "pass": 147, "elapsed_train_s": 472.480413295998, "lr": [8.55173516440332e-05, 8.55173516440332e-06], "loss": 0.030097889229655266, "l1": 0.028403570018708704, "kl": 0.00016943191178143025, "memory_allocated_GiB": 0.2737298011779785}
{"step": 5200, "samples": 332800, "pass": 148, "elapsed_train_s": 475.33706657100265, "lr": [8.519258064129558e-05, 8.519258064129559e-06], "loss": 0.03063474804162979, "l1": 0.028942531757056713, "kl": 0.00016922161914408206, "memory_allocated_GiB": 0.27367639541625977}
{"step": 5250, "samples": 336000, "pass": 149, "elapsed_train_s": 478.1349041620051, "lr": [8.486484005469977e-05, 8.486484005469977e-06], "loss": 0.02986982498317957, "l1": 0.028138477839529514, "kl": 0.00017313471995294093, "memory_allocated_GiB": 0.27208948135375977}
{"step": 5300, "samples": 339200, "pass": 151, "elapsed_train_s": 481.6525548540012, "lr": [8.453415753931222e-05, 8.453415753931223e-06], "loss": 0.03005095850676298, "l1": 0.028479873761534692, "kl": 0.00015710849314928054, "memory_allocated_GiB": 0.27331018447875977}
{"step": 5350, "samples": 342400, "pass": 152, "elapsed_train_s": 484.40114711799833, "lr": [8.420056099844216e-05, 8.420056099844216e-06], "loss": 0.029459789134562014, "l1": 0.02783794905990362, "kl": 0.00016218400560319424, "memory_allocated_GiB": 0.27306604385375977}
{"step": 5400, "samples": 345600, "pass": 154, "elapsed_train_s": 487.8006096520039, "lr": [8.386407858128706e-05, 8.386407858128707e-06], "loss": 0.029557847790420054, "l1": 0.02804240010678768, "kl": 0.00015154477208852767, "memory_allocated_GiB": 0.27428674697875977}
DEVELOPMENT {"step": 5400, "summary": {"success_once": {"mean": 1.0, "std": 0.0}, "return": {"mean": 402.12738037109375, "std": 11.531505584716797}, "episode_len": {"mean": 500.0, "std": 0.0}, "reward": {"mean": 0.8042547882080078, "std": 0.023063012604816212}, "last_reward": {"mean": 1.0, "std": 0.0}, "success_at_end": {"mean": 1.0, "std": 0.0}}, "stages": {"is_grasped": 20, "is_mug_above_table": 20, "is_mug_contact_rack": 20, "is_obj_placed": 20, "success": 20}}
{"step": 5450, "samples": 348800, "pass": 155, "elapsed_train_s": 561.4812048890017, "lr": [8.352473868055746e-05, 8.352473868055746e-06], "loss": 0.02938871767371893, "l1": 0.027723535411059857, "kl": 0.00016651822254061698, "memory_allocated_GiB": 0.27227258682250977}
{"step": 5500, "samples": 352000, "pass": 157, "elapsed_train_s": 564.72042908, "lr": [8.318256993008107e-05, 8.318256993008108e-06], "loss": 0.029246069975197315, "l1": 0.027473516017198562, "kl": 0.00017725538462400435, "memory_allocated_GiB": 0.27318811416625977}
{"step": 5550, "samples": 355200, "pass": 158, "elapsed_train_s": 567.6153073950045, "lr": [8.283760120238672e-05, 8.283760120238672e-06], "loss": 0.029250553138554097, "l1": 0.027690106257796287, "kl": 0.00015604468062520028, "memory_allocated_GiB": 0.2737298011779785}
{"step": 5600, "samples": 358400, "pass": 159, "elapsed_train_s": 570.3501174470002, "lr": [8.2489861606268e-05, 8.2489861606268e-06], "loss": 0.029108071178197862, "l1": 0.02758425697684288, "kl": 0.0001523814257234335, "memory_allocated_GiB": 0.27306604385375977}
{"step": 5650, "samples": 361600, "pass": 161, "elapsed_train_s": 573.7864498140043, "lr": [8.213938048432697e-05, 8.213938048432697e-06], "loss": 0.02887340195477009, "l1": 0.02740292016416788, "kl": 0.00014704817906022072, "memory_allocated_GiB": 0.27233362197875977}
{"step": 5700, "samples": 364800, "pass": 162, "elapsed_train_s": 576.5427981780012, "lr": [8.178618741049842e-05, 8.178618741049841e-06], "loss": 0.02850252665579319, "l1": 0.027066197209060193, "kl": 0.00014363295398652553, "memory_allocated_GiB": 0.27306604385375977}
{"step": 5750, "samples": 368000, "pass": 164, "elapsed_train_s": 579.8369412879983, "lr": [8.14303121875541e-05, 8.143031218755411e-06], "loss": 0.028447793163359165, "l1": 0.027027167454361914, "kl": 0.00014206258580088616, "memory_allocated_GiB": 0.27367639541625977}
{"step": 5800, "samples": 371200, "pass": 165, "elapsed_train_s": 582.961570807005, "lr": [8.107178484458824e-05, 8.107178484458825e-06], "loss": 0.028302807882428168, "l1": 0.026891478970646858, "kl": 0.0001411328837275505, "memory_allocated_GiB": 0.27306604385375977}
{"step": 5850, "samples": 374400, "pass": 167, "elapsed_train_s": 586.3296889019985, "lr": [8.07106356344834e-05, 8.071063563448341e-06], "loss": 0.028911211043596268, "l1": 0.027412108443677426, "kl": 0.00014991026371717454, "memory_allocated_GiB": 0.2721428871154785}
{"step": 5900, "samples": 377600, "pass": 168, "elapsed_train_s": 589.2338566360049, "lr": [8.034689503135783e-05, 8.034689503135785e-06], "loss": 0.027957818023860454, "l1": 0.026459306478500366, "kl": 0.00014985116198658942, "memory_allocated_GiB": 0.27269983291625977}
{"step": 5950, "samples": 380800, "pass": 169, "elapsed_train_s": 592.244983911005, "lr": [7.998059372799409e-05, 7.998059372799409e-06], "loss": 0.02843815926462412, "l1": 0.027098577506840228, "kl": 0.00013395817950367928, "memory_allocated_GiB": 0.27331018447875977}
{"step": 6000, "samples": 384000, "pass": 171, "elapsed_train_s": 595.6557934610028, "lr": [7.961176263324901e-05, 7.961176263324902e-06], "loss": 0.027873168252408504, "l1": 0.02651579964905977, "kl": 0.00013573684729635714, "memory_allocated_GiB": 0.27269983291625977}
{"step": 6050, "samples": 387200, "pass": 172, "elapsed_train_s": 598.3831905020052, "lr": [7.924043286944569e-05, 7.92404328694457e-06], "loss": 0.028061988838016985, "l1": 0.02666355736553669, "kl": 0.00013984314166009425, "memory_allocated_GiB": 0.2737298011779785}
{"step": 6100, "samples": 390400, "pass": 174, "elapsed_train_s": 601.6845171840032, "lr": [7.886663576974733e-05, 7.886663576974733e-06], "loss": 0.02736767791211605, "l1": 0.025985841788351536, "kl": 0.00013818361796438694, "memory_allocated_GiB": 0.27288293838500977}
{"step": 6150, "samples": 393600, "pass": 175, "elapsed_train_s": 604.3697812500031, "lr": [7.849040287551331e-05, 7.849040287551331e-06], "loss": 0.027320950850844385, "l1": 0.026020802669227124, "kl": 0.0001300148107111454, "memory_allocated_GiB": 0.27306604385375977}
{"step": 6200, "samples": 396800, "pass": 177, "elapsed_train_s": 607.5958219780005, "lr": [7.811176593363772e-05, 7.811176593363771e-06], "loss": 0.027739562541246415, "l1": 0.02645835768431425, "kl": 0.00012812049128115176, "memory_allocated_GiB": 0.27269983291625977}
{"step": 6250, "samples": 400000, "pass": 178, "elapsed_train_s": 610.5003778710015, "lr": [7.773075689387043e-05, 7.773075689387044e-06], "loss": 0.026778287477791308, "l1": 0.02553069155663252, "kl": 0.00012475957162678242, "memory_allocated_GiB": 0.2727532386779785}
{"step": 6300, "samples": 403200, "pass": 179, "elapsed_train_s": 613.2362906019989, "lr": [7.734740790612136e-05, 7.734740790612137e-06], "loss": 0.027258299328386783, "l1": 0.026023471094667912, "kl": 0.00012348282150924207, "memory_allocated_GiB": 0.2745842933654785}
{"step": 6350, "samples": 406400, "pass": 181, "elapsed_train_s": 616.692587673002, "lr": [7.69617513177473e-05, 7.696175131774731e-06], "loss": 0.02686335742473602, "l1": 0.02567650929093361, "kl": 0.00011868481524288655, "memory_allocated_GiB": 0.27404260635375977}
{"step": 6400, "samples": 409600, "pass": 182, "elapsed_train_s": 619.471530888004, "lr": [7.65738196708228e-05, 7.65738196708228e-06], "loss": 0.02713130623102188, "l1": 0.025849426835775374, "kl": 0.00012818793766200542, "memory_allocated_GiB": 0.27306604385375977}
{"step": 6450, "samples": 412800, "pass": 184, "elapsed_train_s": 622.8863834119984, "lr": [7.618364569939391e-05, 7.61836456993939e-06], "loss": 0.026779852211475372, "l1": 0.02558264322578907, "kl": 0.00011972091160714627, "memory_allocated_GiB": 0.2737298011779785}
{"step": 6500, "samples": 416000, "pass": 185, "elapsed_train_s": 625.7758370650045, "lr": [7.579126232671621e-05, 7.579126232671621e-06], "loss": 0.027113109938800336, "l1": 0.025883609391748906, "kl": 0.00012295005843043327, "memory_allocated_GiB": 0.27288293838500977}
{"step": 6550, "samples": 419200, "pass": 187, "elapsed_train_s": 629.1135762289996, "lr": [7.539670266247671e-05, 7.539670266247672e-06], "loss": 0.026634625270962716, "l1": 0.025453331768512725, "kl": 0.00011812933720648289, "memory_allocated_GiB": 0.272951602935791}
{"step": 6600, "samples": 422400, "pass": 188, "elapsed_train_s": 631.9730568599989, "lr": [7.500000000000001e-05, 7.500000000000001e-06], "loss": 0.026814980320632457, "l1": 0.02563312739133835, "kl": 0.00011818529106676579, "memory_allocated_GiB": 0.27331018447875977}
{"step": 6650, "samples": 425600, "pass": 189, "elapsed_train_s": 634.7358780170034, "lr": [7.460118781343893e-05, 7.460118781343892e-06], "loss": 0.026245313175022603, "l1": 0.02499218888580799, "kl": 0.00012531243264675141, "memory_allocated_GiB": 0.27306604385375977}
{"step": 6700, "samples": 428800, "pass": 191, "elapsed_train_s": 638.0818166750032, "lr": [7.420029975494995e-05, 7.420029975494996e-06], "loss": 0.026333779990673066, "l1": 0.025141828656196595, "kl": 0.0001191951334476471, "memory_allocated_GiB": 0.27306604385375977}
{"step": 6750, "samples": 432000, "pass": 192, "elapsed_train_s": 640.8821440730026, "lr": [7.379736965185368e-05, 7.379736965185369e-06], "loss": 0.026151639334857466, "l1": 0.024956836998462677, "kl": 0.00011948023922741412, "memory_allocated_GiB": 0.2737298011779785}
{"step": 6800, "samples": 435200, "pass": 194, "elapsed_train_s": 644.0773188110034, "lr": [7.33924315037804e-05, 7.33924315037804e-06], "loss": 0.02596614424139261, "l1": 0.024826656132936477, "kl": 0.00011394880712032319, "memory_allocated_GiB": 0.27306604385375977}
{"step": 6850, "samples": 438400, "pass": 195, "elapsed_train_s": 646.9247713069999, "lr": [7.298551947980113e-05, 7.298551947980114e-06], "loss": 0.026183218918740748, "l1": 0.024986248835921286, "kl": 0.00011969701386988163, "memory_allocated_GiB": 0.2726311683654785}
{"step": 6900, "samples": 441600, "pass": 197, "elapsed_train_s": 650.1594410940015, "lr": [7.257666791554448e-05, 7.257666791554448e-06], "loss": 0.025689946487545967, "l1": 0.02452603217214346, "kl": 0.00011639143340289593, "memory_allocated_GiB": 0.2729363441467285}
{"step": 6950, "samples": 444800, "pass": 198, "elapsed_train_s": 652.9862949070011, "lr": [7.21659113102993e-05, 7.2165911310299305e-06], "loss": 0.025977434255182744, "l1": 0.024826289489865302, "kl": 0.00011511447839438915, "memory_allocated_GiB": 0.27392053604125977}
{"step": 7000, "samples": 448000, "pass": 199, "elapsed_train_s": 655.746624256004, "lr": [7.175328432410366e-05, 7.175328432410367e-06], "loss": 0.025441049560904504, "l1": 0.024246322624385357, "kl": 0.00011947267688810825, "memory_allocated_GiB": 0.272768497467041}
{"step": 7050, "samples": 451200, "pass": 201, "elapsed_train_s": 659.1018144269983, "lr": [7.133882177482019e-05, 7.133882177482019e-06], "loss": 0.025451567322015763, "l1": 0.024391272850334645, "kl": 0.00010602944530546665, "memory_allocated_GiB": 0.27379846572875977}
{"step": 7100, "samples": 454400, "pass": 202, "elapsed_train_s": 661.8882114830049, "lr": [7.092255863519806e-05, 7.092255863519806e-06], "loss": 0.025815604738891124, "l1": 0.02472593579441309, "kl": 0.00010896689258515835, "memory_allocated_GiB": 0.27257776260375977}
{"step": 7150, "samples": 457600, "pass": 204, "elapsed_train_s": 665.2346130160004, "lr": [7.050453002992201e-05, 7.050453002992202e-06], "loss": 0.025469282194972038, "l1": 0.024435284733772277, "kl": 0.0001033997442573309, "memory_allocated_GiB": 0.2737298011779785}
{"step": 7200, "samples": 460800, "pass": 205, "elapsed_train_s": 668.1385756890013, "lr": [7.008477123264848e-05, 7.008477123264849e-06], "loss": 0.026084538400173187, "l1": 0.025024966970086097, "kl": 0.0001059571374207735, "memory_allocated_GiB": 0.27269983291625977}
{"step": 7250, "samples": 464000, "pass": 207, "elapsed_train_s": 671.4772011120003, "lr": [6.966331766302916e-05, 6.966331766302916e-06], "loss": 0.025576177798211575, "l1": 0.024527017436921598, "kl": 0.00010491603054106235, "memory_allocated_GiB": 0.27294397354125977}
{"step": 7300, "samples": 467200, "pass": 208, "elapsed_train_s": 674.6225231140052, "lr": [6.924020488372229e-05, 6.924020488372229e-06], "loss": 0.02510780584067106, "l1": 0.024072677344083786, "kl": 0.0001035128440707922, "memory_allocated_GiB": 0.2740960121154785}
{"step": 7350, "samples": 470400, "pass": 209, "elapsed_train_s": 677.5600155950015, "lr": [6.881546859739179e-05, 6.8815468597391785e-06], "loss": 0.02499394938349724, "l1": 0.02391913440078497, "kl": 0.00010748150758445263, "memory_allocated_GiB": 0.27269983291625977}
{"step": 7400, "samples": 473600, "pass": 211, "elapsed_train_s": 681.0382374180044, "lr": [6.838914464369467e-05, 6.838914464369467e-06], "loss": 0.02503395676612854, "l1": 0.024009007178246975, "kl": 0.0001024949550628662, "memory_allocated_GiB": 0.27263879776000977}
{"step": 7450, "samples": 476800, "pass": 212, "elapsed_train_s": 683.772550310001, "lr": [6.796126899625688e-05, 6.796126899625688e-06], "loss": 0.024911844097077848, "l1": 0.02393867291510105, "kl": 9.731710888445377e-05, "memory_allocated_GiB": 0.27318811416625977}
{"step": 7500, "samples": 480000, "pass": 214, "elapsed_train_s": 687.1272117920016, "lr": [6.753187775963773e-05, 6.753187775963773e-06], "loss": 0.024985583201050758, "l1": 0.023949157819151877, "kl": 0.00010364252142608166, "memory_allocated_GiB": 0.27306604385375977}
{"step": 7550, "samples": 483200, "pass": 215, "elapsed_train_s": 690.0255287530017, "lr": [6.710100716628344e-05, 6.710100716628345e-06], "loss": 0.024732900969684123, "l1": 0.023704847283661366, "kl": 0.00010280537419021129, "memory_allocated_GiB": 0.27306604385375977}
{"step": 7600, "samples": 486400, "pass": 217, "elapsed_train_s": 693.4260307260047, "lr": [6.666869357346978e-05, 6.666869357346979e-06], "loss": 0.024399378634989262, "l1": 0.023396924994885923, "kl": 0.00010024534538388252, "memory_allocated_GiB": 0.27233362197875977}
{"step": 7650, "samples": 489600, "pass": 218, "elapsed_train_s": 696.2306554980023, "lr": [6.623497346023418e-05, 6.6234973460234184e-06], "loss": 0.024439910613000392, "l1": 0.023495018072426318, "kl": 9.448925964534283e-05, "memory_allocated_GiB": 0.2737298011779785}
{"step": 7700, "samples": 492800, "pass": 219, "elapsed_train_s": 698.9663147590036, "lr": [6.579988342429763e-05, 6.579988342429764e-06], "loss": 0.024398508071899413, "l1": 0.02349440172314644, "kl": 9.04106441885233e-05, "memory_allocated_GiB": 0.27269983291625977}
{"step": 7750, "samples": 496000, "pass": 221, "elapsed_train_s": 702.3866262470037, "lr": [6.536346017897653e-05, 6.5363460178976524e-06], "loss": 0.024608109928667545, "l1": 0.023666588068008424, "kl": 9.415218606591225e-05, "memory_allocated_GiB": 0.2736077308654785}
{"step": 7800, "samples": 499200, "pass": 222, "elapsed_train_s": 705.1488486029994, "lr": [6.492574055008473e-05, 6.492574055008474e-06], "loss": 0.02455693706870079, "l1": 0.023666239567101, "kl": 8.906977251172066e-05, "memory_allocated_GiB": 0.2737298011779785}
{"step": 7850, "samples": 502400, "pass": 224, "elapsed_train_s": 708.4981021120038, "lr": [6.448676147282625e-05, 6.448676147282624e-06], "loss": 0.02444959606975317, "l1": 0.023523630350828172, "kl": 9.259657002985477e-05, "memory_allocated_GiB": 0.27367639541625977}
{"step": 7900, "samples": 505600, "pass": 225, "elapsed_train_s": 711.3694564780017, "lr": [6.404655998867848e-05, 6.4046559988678485e-06], "loss": 0.024098278507590293, "l1": 0.023194800540804864, "kl": 9.034777991473675e-05, "memory_allocated_GiB": 0.27208948135375977}
{"step": 7950, "samples": 508800, "pass": 227, "elapsed_train_s": 714.5405174570042, "lr": [6.360517324226676e-05, 6.360517324226676e-06], "loss": 0.02431908927857876, "l1": 0.023444222770631313, "kl": 8.748664520680905e-05, "memory_allocated_GiB": 0.27331018447875977}
{"step": 8000, "samples": 512000, "pass": 228, "elapsed_train_s": 717.4488771450051, "lr": [6.316263847822997e-05, 6.3162638478229965e-06], "loss": 0.023879432380199433, "l1": 0.022980803959071636, "kl": 8.986284956336021e-05, "memory_allocated_GiB": 0.27306604385375977}
{"step": 8050, "samples": 515200, "pass": 229, "elapsed_train_s": 720.1871678130046, "lr": [6.271899303807783e-05, 6.271899303807783e-06], "loss": 0.024245525486767294, "l1": 0.023345294296741485, "kl": 9.002312086522579e-05, "memory_allocated_GiB": 0.27428674697875977}
{"step": 8100, "samples": 518400, "pass": 231, "elapsed_train_s": 723.6278034040006, "lr": [6.227427435703997e-05, 6.227427435703997e-06], "loss": 0.0238482403755188, "l1": 0.022961822487413883, "kl": 8.864176459610462e-05, "memory_allocated_GiB": 0.27227258682250977}
{"step": 8150, "samples": 521600, "pass": 232, "elapsed_train_s": 726.429012239998, "lr": [6.182851996090713e-05, 6.182851996090713e-06], "loss": 0.023686444498598577, "l1": 0.022816958427429198, "kl": 8.694861084222794e-05, "memory_allocated_GiB": 0.27318811416625977}
{"step": 8200, "samples": 524800, "pass": 234, "elapsed_train_s": 729.8327291489986, "lr": [6.138176746286468e-05, 6.138176746286468e-06], "loss": 0.023815028928220273, "l1": 0.022972453832626343, "kl": 8.425751700997353e-05, "memory_allocated_GiB": 0.2737298011779785}
{"step": 8250, "samples": 528000, "pass": 235, "elapsed_train_s": 732.7149897510026, "lr": [6.09340545603188e-05, 6.09340545603188e-06], "loss": 0.02357309006154537, "l1": 0.022720943689346313, "kl": 8.52146279066801e-05, "memory_allocated_GiB": 0.27306604385375977}
{"step": 8300, "samples": 531200, "pass": 237, "elapsed_train_s": 735.94810134, "lr": [6.0485419031715516e-05, 6.048541903171552e-06], "loss": 0.02383159950375557, "l1": 0.022977558821439745, "kl": 8.54040589183569e-05, "memory_allocated_GiB": 0.27233362197875977}
{"step": 8350, "samples": 534400, "pass": 238, "elapsed_train_s": 738.8265615460041, "lr": [6.003589873335296e-05, 6.003589873335296e-06], "loss": 0.023436365574598314, "l1": 0.022586537189781666, "kl": 8.498283103108406e-05, "memory_allocated_GiB": 0.27306604385375977}
{"step": 8400, "samples": 537600, "pass": 239, "elapsed_train_s": 741.4942938150052, "lr": [5.958553159618693e-05, 5.958553159618693e-06], "loss": 0.02326782688498497, "l1": 0.02239998519420624, "kl": 8.678419515490533e-05, "memory_allocated_GiB": 0.27367639541625977}
{"step": 8450, "samples": 540800, "pass": 241, "elapsed_train_s": 744.8919083820001, "lr": [5.9134355622630356e-05, 5.913435562263036e-06], "loss": 0.023297514393925668, "l1": 0.022455190718173982, "kl": 8.423237130045891e-05, "memory_allocated_GiB": 0.27306604385375977}
{"step": 8500, "samples": 544000, "pass": 242, "elapsed_train_s": 747.6838215399985, "lr": [5.868240888334653e-05, 5.8682408883346535e-06], "loss": 0.023261887840926646, "l1": 0.022464612536132335, "kl": 7.972752675414085e-05, "memory_allocated_GiB": 0.2721428871154785}
{"step": 8550, "samples": 547200, "pass": 244, "elapsed_train_s": 751.0460127330007, "lr": [5.8229729514036705e-05, 5.82297295140367e-06], "loss": 0.0231747467815876, "l1": 0.022345973178744316, "kl": 8.287737146019935e-05, "memory_allocated_GiB": 0.27269983291625977}
{"step": 8600, "samples": 550400, "pass": 245, "elapsed_train_s": 753.9247497489996, "lr": [5.7776355712222166e-05, 5.7776355712222165e-06], "loss": 0.023497273735702037, "l1": 0.022677562981843948, "kl": 8.19710735231638e-05, "memory_allocated_GiB": 0.27331018447875977}
{"step": 8650, "samples": 553600, "pass": 247, "elapsed_train_s": 757.1598120850031, "lr": [5.7322325734021086e-05, 5.732232573402109e-06], "loss": 0.023252784237265588, "l1": 0.022435936369001864, "kl": 8.168478496372699e-05, "memory_allocated_GiB": 0.27269983291625977}
{"step": 8700, "samples": 556800, "pass": 248, "elapsed_train_s": 759.9568208470009, "lr": [5.686767789092041e-05, 5.686767789092041e-06], "loss": 0.022975683361291886, "l1": 0.02217528682202101, "kl": 8.003965951502323e-05, "memory_allocated_GiB": 0.2737298011779785}
{"step": 8750, "samples": 560000, "pass": 249, "elapsed_train_s": 762.6405485850046, "lr": [5.641245054654316e-05, 5.6412450546543165e-06], "loss": 0.02317430816590786, "l1": 0.022356929257512093, "kl": 8.173788897693157e-05, "memory_allocated_GiB": 0.27288293838500977}
{"step": 8800, "samples": 563200, "pass": 251, "elapsed_train_s": 765.9752338629987, "lr": [5.595668211341118e-05, 5.5956682113411184e-06], "loss": 0.02319359838962555, "l1": 0.022414789386093616, "kl": 7.788090966641903e-05, "memory_allocated_GiB": 0.27306604385375977}
{"step": 8850, "samples": 566400, "pass": 252, "elapsed_train_s": 768.740229906005, "lr": [5.550041104970397e-05, 5.550041104970398e-06], "loss": 0.023142480961978434, "l1": 0.022397501654922963, "kl": 7.449793629348278e-05, "memory_allocated_GiB": 0.27269983291625977}
{"step": 8900, "samples": 569600, "pass": 254, "elapsed_train_s": 772.1128048450046, "lr": [5.504367585601342e-05, 5.504367585601342e-06], "loss": 0.022901029251515867, "l1": 0.02211021974682808, "kl": 7.908095605671406e-05, "memory_allocated_GiB": 0.2727532386779785}
{"step": 8950, "samples": 572800, "pass": 255, "elapsed_train_s": 774.9114869850018, "lr": [5.458651507209518e-05, 5.458651507209518e-06], "loss": 0.02273798368871212, "l1": 0.02199866473674774, "kl": 7.393189705908299e-05, "memory_allocated_GiB": 0.2745842933654785}
{"step": 9000, "samples": 576000, "pass": 257, "elapsed_train_s": 778.1643589480009, "lr": [5.4128967273616625e-05, 5.412896727361663e-06], "loss": 0.022434102930128576, "l1": 0.021693433597683907, "kl": 7.406693883240223e-05, "memory_allocated_GiB": 0.27404260635375977}
DEVELOPMENT {"step": 9000, "summary": {"success_once": {"mean": 1.0, "std": 0.0}, "return": {"mean": 413.5760803222656, "std": 5.852082252502441}, "episode_len": {"mean": 500.0, "std": 0.0}, "reward": {"mean": 0.8271521423339843, "std": 0.01170416362480385}, "last_reward": {"mean": 1.0, "std": 0.0}, "success_at_end": {"mean": 1.0, "std": 0.0}}, "stages": {"is_grasped": 20, "is_mug_above_table": 20, "is_mug_contact_rack": 20, "is_obj_placed": 20, "success": 20}}
{"step": 9050, "samples": 579200, "pass": 258, "elapsed_train_s": 852.626518050005, "lr": [5.367107106890177e-05, 5.367107106890177e-06], "loss": 0.022437343783676626, "l1": 0.02165867805480957, "kl": 7.78665766119957e-05, "memory_allocated_GiB": 0.27306604385375977}
{"step": 9100, "samples": 582400, "pass": 259, "elapsed_train_s": 855.345742051999, "lr": [5.3212865095673514e-05, 5.321286509567351e-06], "loss": 0.022344834096729757, "l1": 0.02162104405462742, "kl": 7.237900048494339e-05, "memory_allocated_GiB": 0.2737298011779785}
{"step": 9150, "samples": 585600, "pass": 261, "elapsed_train_s": 858.7723776010025, "lr": [5.2754388017793274e-05, 5.275438801779328e-06], "loss": 0.02242619149386883, "l1": 0.021701682060956955, "kl": 7.245092652738094e-05, "memory_allocated_GiB": 0.27288293838500977}
{"step": 9200, "samples": 588800, "pass": 262, "elapsed_train_s": 861.6621821230001, "lr": [5.229567852199859e-05, 5.22956785219986e-06], "loss": 0.022648373283445836, "l1": 0.02191007860004902, "kl": 7.382947020232677e-05, "memory_allocated_GiB": 0.272951602935791}
{"step": 9250, "samples": 592000, "pass": 264, "elapsed_train_s": 864.9961899120026, "lr": [5.183677531463863e-05, 5.183677531463863e-06], "loss": 0.022353449575603007, "l1": 0.02163140580058098, "kl": 7.220437750220299e-05, "memory_allocated_GiB": 0.27331018447875977}
{"step": 9300, "samples": 595200, "pass": 265, "elapsed_train_s": 867.833133881999, "lr": [5.1377717118408105e-05, 5.137771711840811e-06], "loss": 0.022238913029432296, "l1": 0.02152934655547142, "kl": 7.09566567093134e-05, "memory_allocated_GiB": 0.27306604385375977}
{"step": 9350, "samples": 598400, "pass": 267, "elapsed_train_s": 871.0650968920017, "lr": [5.091854266907987e-05, 5.091854266907987e-06], "loss": 0.02233235415071249, "l1": 0.02161905072629452, "kl": 7.13303405791521e-05, "memory_allocated_GiB": 0.27306604385375977}
{"step": 9400, "samples": 601600, "pass": 268, "elapsed_train_s": 873.956407411999, "lr": [5.0459290712236326e-05, 5.045929071223633e-06], "loss": 0.022084131240844726, "l1": 0.02137132465839386, "kl": 7.128067314624786e-05, "memory_allocated_GiB": 0.2737298011779785}
{"step": 9450, "samples": 604800, "pass": 269, "elapsed_train_s": 876.7070686540028, "lr": [5e-05, 5e-06], "loss": 0.022330332174897195, "l1": 0.02161280494183302, "kl": 7.175273261964321e-05, "memory_allocated_GiB": 0.27306604385375977}
{"step": 9500, "samples": 608000, "pass": 271, "elapsed_train_s": 880.0689946659986, "lr": [4.9540709287763685e-05, 4.9540709287763685e-06], "loss": 0.022306455001235008, "l1": 0.021578523628413677, "kl": 7.279313169419765e-05, "memory_allocated_GiB": 0.2726311683654785}
{"step": 9550, "samples": 611200, "pass": 272, "elapsed_train_s": 882.7679743140034, "lr": [4.908145733092013e-05, 4.908145733092013e-06], "loss": 0.022160068564116956, "l1": 0.021471752487123012, "kl": 6.883162073791027e-05, "memory_allocated_GiB": 0.2729363441467285}
{"step": 9600, "samples": 614400, "pass": 274, "elapsed_train_s": 886.1188951910008, "lr": [4.8622282881591906e-05, 4.862228288159191e-06], "loss": 0.022285132855176925, "l1": 0.02161208640784025, "kl": 6.730464287102222e-05, "memory_allocated_GiB": 0.27392053604125977}
{"step": 9650, "samples": 617600, "pass": 275, "elapsed_train_s": 888.9286032460004, "lr": [4.816322468536139e-05, 4.8163224685361385e-06], "loss": 0.021969987712800502, "l1": 0.021268423162400723, "kl": 7.015645503997803e-05, "memory_allocated_GiB": 0.272768497467041}
{"step": 9700, "samples": 620800, "pass": 277, "elapsed_train_s": 892.2475455150052, "lr": [4.7704321478001415e-05, 4.770432147800141e-06], "loss": 0.021883376091718674, "l1": 0.021190159395337103, "kl": 6.932166405022145e-05, "memory_allocated_GiB": 0.27379846572875977}
{"step": 9750, "samples": 624000, "pass": 278, "elapsed_train_s": 895.1026826320012, "lr": [4.7245611982206724e-05, 4.724561198220672e-06], "loss": 0.022055297419428826, "l1": 0.021363031566143036, "kl": 6.922658532857895e-05, "memory_allocated_GiB": 0.27257776260375977}
{"step": 9800, "samples": 627200, "pass": 279, "elapsed_train_s": 897.7636581190018, "lr": [4.6787134904326504e-05, 4.67871349043265e-06], "loss": 0.022128213979303837, "l1": 0.02145212225615978, "kl": 6.760916672646999e-05, "memory_allocated_GiB": 0.2737298011779785}
{"step": 9850, "samples": 630400, "pass": 281, "elapsed_train_s": 901.2067308670012, "lr": [4.6328928931098236e-05, 4.632892893109823e-06], "loss": 0.021851475574076174, "l1": 0.02119019016623497, "kl": 6.612854078412056e-05, "memory_allocated_GiB": 0.27269983291625977}
{"step": 9900, "samples": 633600, "pass": 282, "elapsed_train_s": 904.0271858580018, "lr": [4.5871032726383386e-05, 4.587103272638339e-06], "loss": 0.021806008033454418, "l1": 0.021134741567075253, "kl": 6.712664850056172e-05, "memory_allocated_GiB": 0.27294397354125977}
{"step": 9950, "samples": 636800, "pass": 284, "elapsed_train_s": 907.4847371780052, "lr": [4.541348492790482e-05, 4.541348492790482e-06], "loss": 0.021743622310459614, "l1": 0.021101713255047796, "kl": 6.419091485440731e-05, "memory_allocated_GiB": 0.2740960121154785}
{"step": 10000, "samples": 640000, "pass": 285, "elapsed_train_s": 910.3201362100008, "lr": [4.4956324143986596e-05, 4.495632414398659e-06], "loss": 0.021598022952675818, "l1": 0.020978718549013137, "kl": 6.19304459542036e-05, "memory_allocated_GiB": 0.27269983291625977}
{"step": 10050, "samples": 643200, "pass": 287, "elapsed_train_s": 913.5530242189998, "lr": [4.449958895029604e-05, 4.449958895029604e-06], "loss": 0.02171523906290531, "l1": 0.02108001198619604, "kl": 6.352270022034645e-05, "memory_allocated_GiB": 0.27263879776000977}
{"step": 10100, "samples": 646400, "pass": 288, "elapsed_train_s": 916.4587274709993, "lr": [4.404331788658882e-05, 4.404331788658882e-06], "loss": 0.021499807350337505, "l1": 0.020829795151948927, "kl": 6.70012179762125e-05, "memory_allocated_GiB": 0.27318811416625977}
{"step": 10150, "samples": 649600, "pass": 289, "elapsed_train_s": 919.1765724450015, "lr": [4.358754945345684e-05, 4.358754945345684e-06], "loss": 0.021523828729987145, "l1": 0.020875702537596227, "kl": 6.481261923909188e-05, "memory_allocated_GiB": 0.27306604385375977}
{"step": 10200, "samples": 652800, "pass": 291, "elapsed_train_s": 922.6638123259982, "lr": [4.3132322109079596e-05, 4.313232210907959e-06], "loss": 0.02139065019786358, "l1": 0.02075314711779356, "kl": 6.375030614435672e-05, "memory_allocated_GiB": 0.27306604385375977}
{"step": 10250, "samples": 656000, "pass": 292, "elapsed_train_s": 925.4286843189984, "lr": [4.267767426597893e-05, 4.267767426597893e-06], "loss": 0.021779983304440975, "l1": 0.0211492233350873, "kl": 6.307600997388363e-05, "memory_allocated_GiB": 0.27233362197875977}
{"step": 10300, "samples": 659200, "pass": 294, "elapsed_train_s": 928.6521095400021, "lr": [4.222364428777786e-05, 4.222364428777786e-06], "loss": 0.02147846721112728, "l1": 0.02085677482187748, "kl": 6.216923706233502e-05, "memory_allocated_GiB": 0.2737298011779785}
{"step": 10350, "samples": 662400, "pass": 295, "elapsed_train_s": 931.4952619730029, "lr": [4.17702704859633e-05, 4.17702704859633e-06], "loss": 0.02140877317637205, "l1": 0.020789289474487306, "kl": 6.194837391376495e-05, "memory_allocated_GiB": 0.27269983291625977}
{"step": 10400, "samples": 665600, "pass": 297, "elapsed_train_s": 934.8714176770009, "lr": [4.131759111665349e-05, 4.131759111665349e-06], "loss": 0.021119192279875278, "l1": 0.020514403842389582, "kl": 6.047884002327919e-05, "memory_allocated_GiB": 0.2736077308654785}
{"step": 10450, "samples": 668800, "pass": 298, "elapsed_train_s": 937.7244975360009, "lr": [4.086564437736966e-05, 4.0865644377369666e-06], "loss": 0.021403611190617084, "l1": 0.020850093625485896, "kl": 5.535176023840904e-05, "memory_allocated_GiB": 0.2737298011779785}
{"step": 10500, "samples": 672000, "pass": 299, "elapsed_train_s": 940.405386227998, "lr": [4.0414468403813095e-05, 4.041446840381309e-06], "loss": 0.02122078023850918, "l1": 0.020599745847284794, "kl": 6.210344843566418e-05, "memory_allocated_GiB": 0.27367639541625977}
{"step": 10550, "samples": 675200, "pass": 301, "elapsed_train_s": 943.6941127750033, "lr": [3.9964101266647044e-05, 3.996410126664705e-06], "loss": 0.021144487485289572, "l1": 0.020530900321900844, "kl": 6.135871633887291e-05, "memory_allocated_GiB": 0.27208948135375977}
{"step": 10600, "samples": 678400, "pass": 302, "elapsed_train_s": 946.4534933050018, "lr": [3.951458096828449e-05, 3.951458096828449e-06], "loss": 0.021281451061367987, "l1": 0.020688285157084464, "kl": 5.9316586703062055e-05, "memory_allocated_GiB": 0.27331018447875977}
{"step": 10650, "samples": 681600, "pass": 304, "elapsed_train_s": 949.958927053005, "lr": [3.9065945439681214e-05, 3.906594543968122e-06], "loss": 0.021200269646942615, "l1": 0.020624262988567354, "kl": 5.760066211223602e-05, "memory_allocated_GiB": 0.27306604385375977}
{"step": 10700, "samples": 684800, "pass": 305, "elapsed_train_s": 952.7602884189982, "lr": [3.861823253713535e-05, 3.861823253713535e-06], "loss": 0.02108602561056614, "l1": 0.020536174215376377, "kl": 5.498514510691166e-05, "memory_allocated_GiB": 0.27428674697875977}
{"step": 10750, "samples": 688000, "pass": 307, "elapsed_train_s": 956.1246666680017, "lr": [3.817148003909288e-05, 3.817148003909288e-06], "loss": 0.021274194195866583, "l1": 0.0206753771007061, "kl": 5.988171324133873e-05, "memory_allocated_GiB": 0.27227258682250977}
{"step": 10800, "samples": 691200, "pass": 308, "elapsed_train_s": 958.9609431900026, "lr": [3.772572564296005e-05, 3.7725725642960047e-06], "loss": 0.0210892616212368, "l1": 0.020488740541040898, "kl": 6.0052117332816125e-05, "memory_allocated_GiB": 0.27318811416625977}
{"step": 10850, "samples": 694400, "pass": 309, "elapsed_train_s": 961.6766089270022, "lr": [3.728100696192218e-05, 3.7281006961922184e-06], "loss": 0.02117777694016695, "l1": 0.02055018227547407, "kl": 6.275946274399758e-05, "memory_allocated_GiB": 0.2737298011779785}
{"step": 10900, "samples": 697600, "pass": 311, "elapsed_train_s": 965.1288461439981, "lr": [3.683736152177005e-05, 3.6837361521770056e-06], "loss": 0.02105653367936611, "l1": 0.020478039458394052, "kl": 5.7849418371915814e-05, "memory_allocated_GiB": 0.27306604385375977}
{"step": 10950, "samples": 700800, "pass": 312, "elapsed_train_s": 967.8812213530036, "lr": [3.639482675773324e-05, 3.639482675773324e-06], "loss": 0.020969203412532805, "l1": 0.02044737484306097, "kl": 5.2182842046022417e-05, "memory_allocated_GiB": 0.27233362197875977}
{"step": 11000, "samples": 704000, "pass": 314, "elapsed_train_s": 971.2526179929991, "lr": [3.595344001132154e-05, 3.595344001132154e-06], "loss": 0.020820280127227305, "l1": 0.02023933708667755, "kl": 5.809430964291096e-05, "memory_allocated_GiB": 0.27306604385375977}
{"step": 11050, "samples": 707200, "pass": 315, "elapsed_train_s": 974.0896135529983, "lr": [3.551323852717378e-05, 3.5513238527173775e-06], "loss": 0.020755874440073967, "l1": 0.020205563493072988, "kl": 5.503108724951744e-05, "memory_allocated_GiB": 0.27367639541625977}
{"step": 11100, "samples": 710400, "pass": 317, "elapsed_train_s": 977.4693356440039, "lr": [3.5074259449915284e-05, 3.507425944991529e-06], "loss": 0.020855187065899373, "l1": 0.020307567305862903, "kl": 5.476197227835655e-05, "memory_allocated_GiB": 0.27306604385375977}
{"step": 11150, "samples": 713600, "pass": 318, "elapsed_train_s": 980.3699259830028, "lr": [3.463653982102347e-05, 3.4636539821023475e-06], "loss": 0.020926285684108734, "l1": 0.020371257811784744, "kl": 5.550281144678593e-05, "memory_allocated_GiB": 0.2721428871154785}
{"step": 11200, "samples": 716800, "pass": 319, "elapsed_train_s": 983.0884401750009, "lr": [3.420011657570238e-05, 3.420011657570238e-06], "loss": 0.020768370926380158, "l1": 0.020218120366334916, "kl": 5.502504296600819e-05, "memory_allocated_GiB": 0.27269983291625977}
{"step": 11250, "samples": 720000, "pass": 321, "elapsed_train_s": 986.4675603970027, "lr": [3.3765026539765834e-05, 3.3765026539765832e-06], "loss": 0.02057491846382618, "l1": 0.02005218602716923, "kl": 5.227325484156609e-05, "memory_allocated_GiB": 0.27331018447875977}
{"step": 11300, "samples": 723200, "pass": 322, "elapsed_train_s": 989.3085730820021, "lr": [3.333130642653024e-05, 3.333130642653024e-06], "loss": 0.020523267872631548, "l1": 0.019977854937314986, "kl": 5.454128608107567e-05, "memory_allocated_GiB": 0.27269983291625977}
{"step": 11350, "samples": 726400, "pass": 324, "elapsed_train_s": 992.5728139409985, "lr": [3.289899283371657e-05, 3.289899283371657e-06], "loss": 0.0205027362331748, "l1": 0.019969283677637575, "kl": 5.334524437785148e-05, "memory_allocated_GiB": 0.2737298011779785}
{"step": 11400, "samples": 729600, "pass": 325, "elapsed_train_s": 995.4267441589982, "lr": [3.2468122240362284e-05, 3.2468122240362287e-06], "loss": 0.02069341838359833, "l1": 0.020199507027864456, "kl": 4.939114674925804e-05, "memory_allocated_GiB": 0.27288293838500977}
{"step": 11450, "samples": 732800, "pass": 327, "elapsed_train_s": 998.6978887689984, "lr": [3.203873100374314e-05, 3.203873100374314e-06], "loss": 0.020715330131351947, "l1": 0.02023197919130325, "kl": 4.8335101455450056e-05, "memory_allocated_GiB": 0.27306604385375977}
{"step": 11500, "samples": 736000, "pass": 328, "elapsed_train_s": 1001.5835669970038, "lr": [3.1610855356305354e-05, 3.1610855356305354e-06], "loss": 0.020482946634292603, "l1": 0.020012854933738708, "kl": 4.7009168192744254e-05, "memory_allocated_GiB": 0.27269983291625977}
{"step": 11550, "samples": 739200, "pass": 329, "elapsed_train_s": 1004.3256859690009, "lr": [3.118453140260823e-05, 3.118453140260823e-06], "loss": 0.020358205437660218, "l1": 0.019870886616408824, "kl": 4.8731882125139236e-05, "memory_allocated_GiB": 0.2727532386779785}
{"step": 11600, "samples": 742400, "pass": 331, "elapsed_train_s": 1007.729907547, "lr": [3.0759795116277725e-05, 3.0759795116277723e-06], "loss": 0.020364689975976943, "l1": 0.019870904944837092, "kl": 4.9378527328372e-05, "memory_allocated_GiB": 0.2745842933654785}
{"step": 11650, "samples": 745600, "pass": 332, "elapsed_train_s": 1010.5683335650028, "lr": [3.0336682336970846e-05, 3.0336682336970845e-06], "loss": 0.02033075712621212, "l1": 0.01982406310737133, "kl": 5.066940560936928e-05, "memory_allocated_GiB": 0.27404260635375977}
{"step": 11700, "samples": 748800, "pass": 334, "elapsed_train_s": 1014.0520042810022, "lr": [2.991522876735154e-05, 2.991522876735154e-06], "loss": 0.02043952599167824, "l1": 0.019979013539850713, "kl": 4.605125635862351e-05, "memory_allocated_GiB": 0.27306604385375977}
{"step": 11750, "samples": 752000, "pass": 335, "elapsed_train_s": 1016.9114757720017, "lr": [2.9495469970078e-05, 2.9495469970078e-06], "loss": 0.02017424736171961, "l1": 0.019696423187851905, "kl": 4.778242669999599e-05, "memory_allocated_GiB": 0.2737298011779785}
{"step": 11800, "samples": 755200, "pass": 337, "elapsed_train_s": 1020.1616889290017, "lr": [2.9077441364801938e-05, 2.907744136480194e-06], "loss": 0.02019139248877764, "l1": 0.01968859914690256, "kl": 5.0279349088668824e-05, "memory_allocated_GiB": 0.27288293838500977}
{"step": 11850, "samples": 758400, "pass": 338, "elapsed_train_s": 1022.975593668998, "lr": [2.866117822517982e-05, 2.866117822517982e-06], "loss": 0.020351453982293606, "l1": 0.01984487894922495, "kl": 5.0657493993639946e-05, "memory_allocated_GiB": 0.272951602935791}
{"step": 11900, "samples": 761600, "pass": 339, "elapsed_train_s": 1025.7373253059995, "lr": [2.824671567589635e-05, 2.8246715675896354e-06], "loss": 0.020252498276531698, "l1": 0.019779595248401165, "kl": 4.729029722511768e-05, "memory_allocated_GiB": 0.27331018447875977}
{"step": 11950, "samples": 764800, "pass": 341, "elapsed_train_s": 1029.176225770003, "lr": [2.783408868970071e-05, 2.783408868970071e-06], "loss": 0.020201755985617638, "l1": 0.01971507627516985, "kl": 4.866796545684338e-05, "memory_allocated_GiB": 0.27306604385375977}
{"step": 12000, "samples": 768000, "pass": 342, "elapsed_train_s": 1031.966986119005, "lr": [2.7423332084455544e-05, 2.7423332084455543e-06], "loss": 0.02010546322911978, "l1": 0.01960039485245943, "kl": 5.0506843253970144e-05, "memory_allocated_GiB": 0.27306604385375977}
{"step": 12050, "samples": 771200, "pass": 344, "elapsed_train_s": 1035.269449739004, "lr": [2.701448052019888e-05, 2.7014480520198882e-06], "loss": 0.02020048622041941, "l1": 0.019742522053420544, "kl": 4.579641856253147e-05, "memory_allocated_GiB": 0.2737298011779785}
{"step": 12100, "samples": 774400, "pass": 345, "elapsed_train_s": 1038.0804812220013, "lr": [2.660756849621962e-05, 2.660756849621962e-06], "loss": 0.020219710655510426, "l1": 0.019785862788558005, "kl": 4.3384786695241926e-05, "memory_allocated_GiB": 0.27306604385375977}
{"step": 12150, "samples": 777600, "pass": 347, "elapsed_train_s": 1041.3900018030035, "lr": [2.6202630348146324e-05, 2.6202630348146323e-06], "loss": 0.020114743895828725, "l1": 0.019682800993323327, "kl": 4.3194293975830075e-05, "memory_allocated_GiB": 0.2726311683654785}
{"step": 12200, "samples": 780800, "pass": 348, "elapsed_train_s": 1044.3551698480005, "lr": [2.5799700245050074e-05, 2.5799700245050074e-06], "loss": 0.020075238943099975, "l1": 0.01959557078778744, "kl": 4.7966819256544116e-05, "memory_allocated_GiB": 0.2729363441467285}
{"step": 12250, "samples": 784000, "pass": 349, "elapsed_train_s": 1047.1192946220035, "lr": [2.5398812186561095e-05, 2.5398812186561095e-06], "loss": 0.020188671238720417, "l1": 0.01971305675804615, "kl": 4.756145179271698e-05, "memory_allocated_GiB": 0.27392053604125977}
{"step": 12300, "samples": 787200, "pass": 351, "elapsed_train_s": 1050.5362509940023, "lr": [2.500000000000001e-05, 2.5000000000000015e-06], "loss": 0.02022500231862068, "l1": 0.01977028053253889, "kl": 4.547217860817909e-05, "memory_allocated_GiB": 0.272768497467041}
{"step": 12350, "samples": 790400, "pass": 352, "elapsed_train_s": 1053.3243674070036, "lr": [2.4603297337523294e-05, 2.4603297337523297e-06], "loss": 0.019924841821193695, "l1": 0.019471256211400032, "kl": 4.5358557254076e-05, "memory_allocated_GiB": 0.27379846572875977}
{"step": 12400, "samples": 793600, "pass": 354, "elapsed_train_s": 1056.5862150390021, "lr": [2.4208737673283815e-05, 2.4208737673283818e-06], "loss": 0.020070471949875355, "l1": 0.019570239298045636, "kl": 5.002327263355255e-05, "memory_allocated_GiB": 0.27257776260375977}
{"step": 12450, "samples": 796800, "pass": 355, "elapsed_train_s": 1059.3751775909986, "lr": [2.381635430060611e-05, 2.381635430060611e-06], "loss": 0.019983508586883546, "l1": 0.019510757438838483, "kl": 4.727510735392571e-05, "memory_allocated_GiB": 0.2737298011779785}
{"step": 12500, "samples": 800000, "pass": 357, "elapsed_train_s": 1062.7378415530038, "lr": [2.3426180329177215e-05, 2.3426180329177217e-06], "loss": 0.0200409410148859, "l1": 0.019584282152354717, "kl": 4.566587507724762e-05, "memory_allocated_GiB": 0.27269983291625977}
{"step": 12550, "samples": 803200, "pass": 358, "elapsed_train_s": 1065.6133350829987, "lr": [2.3038248682252693e-05, 2.3038248682252695e-06], "loss": 0.01987628057599068, "l1": 0.01943474989384413, "kl": 4.415308125317097e-05, "memory_allocated_GiB": 0.27294397354125977}
{"step": 12600, "samples": 806400, "pass": 359, "elapsed_train_s": 1068.3928600569998, "lr": [2.2652592093878666e-05, 2.265259209387867e-06], "loss": 0.019825432933866977, "l1": 0.019416761733591557, "kl": 4.086711443960667e-05, "memory_allocated_GiB": 0.2740960121154785}
DEVELOPMENT {"step": 12600, "summary": {"success_once": {"mean": 0.95, "std": 0.21794494717703372}, "return": {"mean": 410.11309814453125, "std": 10.669736862182617}, "episode_len": {"mean": 500.0, "std": 0.0}, "reward": {"mean": 0.8202261596679687, "std": 0.02133947212660446}, "last_reward": {"mean": 0.995020991563797, "std": 0.02170299461244537}, "success_at_end": {"mean": 0.9, "std": 0.30000000000000004}}, "stages": {"is_grasped": 20, "is_mug_above_table": 20, "is_mug_contact_rack": 20, "is_obj_placed": 20, "success": 19}}
{"step": 12650, "samples": 809600, "pass": 361, "elapsed_train_s": 1143.3113036459981, "lr": [2.226924310612956e-05, 2.2269243106129563e-06], "loss": 0.019825594201683998, "l1": 0.0194029713049531, "kl": 4.226228222250938e-05, "memory_allocated_GiB": 0.27269983291625977}
{"step": 12700, "samples": 812800, "pass": 362, "elapsed_train_s": 1146.1075751600001, "lr": [2.1888234066362302e-05, 2.1888234066362303e-06], "loss": 0.019779267720878124, "l1": 0.019354210570454597, "kl": 4.250571131706238e-05, "memory_allocated_GiB": 0.27263879776000977}
{"step": 12750, "samples": 816000, "pass": 364, "elapsed_train_s": 1149.4280660950026, "lr": [2.150959712448669e-05, 2.1509597124486693e-06], "loss": 0.019712335020303725, "l1": 0.019293210282921792, "kl": 4.191246815025806e-05, "memory_allocated_GiB": 0.27318811416625977}
{"step": 12800, "samples": 819200, "pass": 365, "elapsed_train_s": 1152.2442684929993, "lr": [2.1133364230252688e-05, 2.113336423025269e-06], "loss": 0.019797355718910694, "l1": 0.019389047138392925, "kl": 4.083085805177689e-05, "memory_allocated_GiB": 0.27306604385375977}
{"step": 12850, "samples": 822400, "pass": 367, "elapsed_train_s": 1155.5915427750006, "lr": [2.075956713055432e-05, 2.075956713055432e-06], "loss": 0.01953525323420763, "l1": 0.01913024827837944, "kl": 4.0500499308109285e-05, "memory_allocated_GiB": 0.27306604385375977}
{"step": 12900, "samples": 825600, "pass": 368, "elapsed_train_s": 1158.4642546000032, "lr": [2.0388237366751006e-05, 2.0388237366751005e-06], "loss": 0.019624106027185916, "l1": 0.01921780750155449, "kl": 4.062985070049763e-05, "memory_allocated_GiB": 0.27233362197875977}
{"step": 12950, "samples": 828800, "pass": 369, "elapsed_train_s": 1161.1588860129996, "lr": [2.0019406272005915e-05, 2.0019406272005913e-06], "loss": 0.01948939334601164, "l1": 0.019067993760108946, "kl": 4.213995300233364e-05, "memory_allocated_GiB": 0.2737298011779785}
{"step": 13000, "samples": 832000, "pass": 371, "elapsed_train_s": 1164.5572865290014, "lr": [1.9653104968642173e-05, 1.965310496864217e-06], "loss": 0.019474538750946523, "l1": 0.01905928272753954, "kl": 4.152559675276279e-05, "memory_allocated_GiB": 0.27269983291625977}
{"step": 13050, "samples": 835200, "pass": 372, "elapsed_train_s": 1167.311909914999, "lr": [1.928936436551661e-05, 1.928936436551661e-06], "loss": 0.01966780360788107, "l1": 0.019230362921953202, "kl": 4.3744072318077084e-05, "memory_allocated_GiB": 0.2736077308654785}
{"step": 13100, "samples": 838400, "pass": 374, "elapsed_train_s": 1170.6735715879986, "lr": [1.8928215155411773e-05, 1.8928215155411773e-06], "loss": 0.019648319743573665, "l1": 0.01923017792403698, "kl": 4.181419499218464e-05, "memory_allocated_GiB": 0.2737298011779785}
{"step": 13150, "samples": 841600, "pass": 375, "elapsed_train_s": 1173.4682665830042, "lr": [1.8569687812445896e-05, 1.8569687812445898e-06], "loss": 0.019576780423521997, "l1": 0.01916338790208101, "kl": 4.133925773203373e-05, "memory_allocated_GiB": 0.27367639541625977}
{"step": 13200, "samples": 844800, "pass": 377, "elapsed_train_s": 1176.7507532890013, "lr": [1.821381258950161e-05, 1.8213812589501611e-06], "loss": 0.019505436569452285, "l1": 0.0191171133518219, "kl": 3.8832323625683784e-05, "memory_allocated_GiB": 0.27208948135375977}
{"step": 13250, "samples": 848000, "pass": 378, "elapsed_train_s": 1179.7019609510025, "lr": [1.7860619515673033e-05, 1.7860619515673034e-06], "loss": 0.019427474811673163, "l1": 0.019030180796980857, "kl": 3.9729392156004906e-05, "memory_allocated_GiB": 0.27331018447875977}
{"step": 13300, "samples": 851200, "pass": 379, "elapsed_train_s": 1182.4026987770048, "lr": [1.7510138393732028e-05, 1.7510138393732029e-06], "loss": 0.01948238391429186, "l1": 0.019096717797219755, "kl": 3.8566617295145985e-05, "memory_allocated_GiB": 0.27306604385375977}
{"step": 13350, "samples": 854400, "pass": 381, "elapsed_train_s": 1185.962670134999, "lr": [1.7162398797613282e-05, 1.7162398797613284e-06], "loss": 0.019382400363683702, "l1": 0.019008849300444126, "kl": 3.735511563718319e-05, "memory_allocated_GiB": 0.27428674697875977}
{"step": 13400, "samples": 857600, "pass": 382, "elapsed_train_s": 1188.8013194619998, "lr": [1.681743006991894e-05, 1.6817430069918939e-06], "loss": 0.0193986639007926, "l1": 0.019004297666251658, "kl": 3.9436621591448784e-05, "memory_allocated_GiB": 0.27227258682250977}
{"step": 13450, "samples": 860800, "pass": 384, "elapsed_train_s": 1192.0758330980025, "lr": [1.6475261319442553e-05, 1.6475261319442553e-06], "loss": 0.01933292143046856, "l1": 0.018950660638511183, "kl": 3.822606988251209e-05, "memory_allocated_GiB": 0.27318811416625977}
{"step": 13500, "samples": 864000, "pass": 385, "elapsed_train_s": 1194.9197635790042, "lr": [1.6135921418712956e-05, 1.6135921418712959e-06], "loss": 0.019395557790994646, "l1": 0.019002897702157497, "kl": 3.926601260900497e-05, "memory_allocated_GiB": 0.2737298011779785}
{"step": 13550, "samples": 867200, "pass": 387, "elapsed_train_s": 1198.22870711, "lr": [1.5799439001557846e-05, 1.5799439001557847e-06], "loss": 0.019304978474974633, "l1": 0.01892776772379875, "kl": 3.772108815610409e-05, "memory_allocated_GiB": 0.27306604385375977}
{"step": 13600, "samples": 870400, "pass": 388, "elapsed_train_s": 1201.0879450909997, "lr": [1.5465842460687784e-05, 1.5465842460687786e-06], "loss": 0.019219832941889763, "l1": 0.018857879377901555, "kl": 3.619535826146603e-05, "memory_allocated_GiB": 0.27233362197875977}
{"step": 13650, "samples": 873600, "pass": 389, "elapsed_train_s": 1203.8458279740007, "lr": [1.5135159945300231e-05, 1.5135159945300232e-06], "loss": 0.01922445498406887, "l1": 0.01885907560586929, "kl": 3.653792664408684e-05, "memory_allocated_GiB": 0.27306604385375977}
{"step": 13700, "samples": 876800, "pass": 391, "elapsed_train_s": 1207.2510364010013, "lr": [1.4807419358704433e-05, 1.4807419358704433e-06], "loss": 0.0191840236261487, "l1": 0.018805785328149794, "kl": 3.7823840975761414e-05, "memory_allocated_GiB": 0.27367639541625977}
{"step": 13750, "samples": 880000, "pass": 392, "elapsed_train_s": 1209.9903823370041, "lr": [1.44826483559668e-05, 1.44826483559668e-06], "loss": 0.019312077797949315, "l1": 0.018920471109449864, "kl": 3.916068933904171e-05, "memory_allocated_GiB": 0.27306604385375977}
{"step": 13800, "samples": 883200, "pass": 394, "elapsed_train_s": 1213.4240620670025, "lr": [1.4160874341577446e-05, 1.4160874341577447e-06], "loss": 0.019140775986015796, "l1": 0.01876497406512499, "kl": 3.758018836379051e-05, "memory_allocated_GiB": 0.2721428871154785}
{"step": 13850, "samples": 886400, "pass": 395, "elapsed_train_s": 1216.308345536003, "lr": [1.3842124467137662e-05, 1.3842124467137664e-06], "loss": 0.019250476099550724, "l1": 0.018897311128675938, "kl": 3.531649708747864e-05, "memory_allocated_GiB": 0.27269983291625977}
{"step": 13900, "samples": 889600, "pass": 397, "elapsed_train_s": 1219.6158659889988, "lr": [1.3526425629068967e-05, 1.3526425629068968e-06], "loss": 0.019282534047961236, "l1": 0.018918789625167846, "kl": 3.637445159256458e-05, "memory_allocated_GiB": 0.27331018447875977}
{"step": 13950, "samples": 892800, "pass": 398, "elapsed_train_s": 1222.4937271960007, "lr": [1.3213804466343421e-05, 1.321380446634342e-06], "loss": 0.019458843916654586, "l1": 0.01910366665571928, "kl": 3.551771864295006e-05, "memory_allocated_GiB": 0.27269983291625977}
{"step": 14000, "samples": 896000, "pass": 399, "elapsed_train_s": 1225.2712078330005, "lr": [1.2904287358235928e-05, 1.290428735823593e-06], "loss": 0.019145235642790793, "l1": 0.018787435702979565, "kl": 3.578000701963901e-05, "memory_allocated_GiB": 0.2737298011779785}
{"step": 14050, "samples": 899200, "pass": 401, "elapsed_train_s": 1228.7258895970008, "lr": [1.259790042209823e-05, 1.259790042209823e-06], "loss": 0.01925081226974726, "l1": 0.018886880166828632, "kl": 3.6393199115991594e-05, "memory_allocated_GiB": 0.27288293838500977}
{"step": 14100, "samples": 902400, "pass": 402, "elapsed_train_s": 1231.5081966270009, "lr": [1.2294669511155193e-05, 1.2294669511155193e-06], "loss": 0.019225263819098472, "l1": 0.018854535929858685, "kl": 3.7072785198688506e-05, "memory_allocated_GiB": 0.27306604385375977}
{"step": 14150, "samples": 905600, "pass": 404, "elapsed_train_s": 1234.8894463250035, "lr": [1.1994620212323177e-05, 1.1994620212323177e-06], "loss": 0.019103843644261362, "l1": 0.018751677460968494, "kl": 3.521663136780262e-05, "memory_allocated_GiB": 0.27269983291625977}
{"step": 14200, "samples": 908800, "pass": 405, "elapsed_train_s": 1237.7191044549982, "lr": [1.1697777844051105e-05, 1.1697777844051105e-06], "loss": 0.019420602135360242, "l1": 0.019034530445933343, "kl": 3.8607157766819e-05, "memory_allocated_GiB": 0.2727532386779785}
{"step": 14250, "samples": 912000, "pass": 407, "elapsed_train_s": 1240.9065780419987, "lr": [1.1404167454183957e-05, 1.1404167454183957e-06], "loss": 0.019387550465762616, "l1": 0.0190165925398469, "kl": 3.709579817950725e-05, "memory_allocated_GiB": 0.2745842933654785}
{"step": 14300, "samples": 915200, "pass": 408, "elapsed_train_s": 1243.6643894840017, "lr": [1.111381381784931e-05, 1.1113813817849312e-06], "loss": 0.01904636688530445, "l1": 0.01870623804628849, "kl": 3.4012878313660624e-05, "memory_allocated_GiB": 0.27404260635375977}
{"step": 14350, "samples": 918400, "pass": 409, "elapsed_train_s": 1246.4372360670022, "lr": [1.0826741435366695e-05, 1.0826741435366694e-06], "loss": 0.019204866103827954, "l1": 0.01886394541710615, "kl": 3.409205935895443e-05, "memory_allocated_GiB": 0.27306604385375977}
{"step": 14400, "samples": 921600, "pass": 411, "elapsed_train_s": 1249.851642462003, "lr": [1.0542974530180327e-05, 1.0542974530180327e-06], "loss": 0.019215727634727956, "l1": 0.018886825479567052, "kl": 3.289022482931614e-05, "memory_allocated_GiB": 0.2737298011779785}
{"step": 14450, "samples": 924800, "pass": 412, "elapsed_train_s": 1252.6887967720031, "lr": [1.0262537046815018e-05, 1.026253704681502e-06], "loss": 0.019270811714231968, "l1": 0.01892919186502695, "kl": 3.416200168430805e-05, "memory_allocated_GiB": 0.27288293838500977}
{"step": 14500, "samples": 928000, "pass": 414, "elapsed_train_s": 1256.0433636040034, "lr": [9.985452648855803e-06, 9.985452648855803e-07], "loss": 0.01914309572428465, "l1": 0.01879034850746393, "kl": 3.527473658323288e-05, "memory_allocated_GiB": 0.272951602935791}
{"step": 14550, "samples": 931200, "pass": 415, "elapsed_train_s": 1259.2220848440047, "lr": [9.711744716951093e-06, 9.711744716951093e-07], "loss": 0.01913455206900835, "l1": 0.018795835115015508, "kl": 3.387170843780041e-05, "memory_allocated_GiB": 0.27331018447875977}
{"step": 14600, "samples": 934400, "pass": 417, "elapsed_train_s": 1263.0926803300026, "lr": [9.441436346839894e-06, 9.441436346839894e-07], "loss": 0.01905752804130316, "l1": 0.01871618762612343, "kl": 3.4134052693843845e-05, "memory_allocated_GiB": 0.27306604385375977}
{"step": 14650, "samples": 937600, "pass": 418, "elapsed_train_s": 1266.0065776410047, "lr": [9.174550347402855e-06, 9.174550347402856e-07], "loss": 0.01927776176482439, "l1": 0.018934873938560484, "kl": 3.428877331316471e-05, "memory_allocated_GiB": 0.27306604385375977}
{"step": 14700, "samples": 940800, "pass": 419, "elapsed_train_s": 1268.7903724790012, "lr": [8.911109238737747e-06, 8.911109238737748e-07], "loss": 0.019125680699944497, "l1": 0.018789861425757406, "kl": 3.35819274187088e-05, "memory_allocated_GiB": 0.2737298011779785}
{"step": 14750, "samples": 944000, "pass": 421, "elapsed_train_s": 1272.1669898129985, "lr": [8.651135250259091e-06, 8.651135250259091e-07], "loss": 0.01910705238580704, "l1": 0.01877069853246212, "kl": 3.363538533449173e-05, "memory_allocated_GiB": 0.27306604385375977}
{"step": 14800, "samples": 947200, "pass": 422, "elapsed_train_s": 1275.0710258170002, "lr": [8.3946503188225e-06, 8.3946503188225e-07], "loss": 0.019269797317683697, "l1": 0.018945679664611817, "kl": 3.2411767169833186e-05, "memory_allocated_GiB": 0.2726311683654785}
{"step": 14850, "samples": 950400, "pass": 424, "elapsed_train_s": 1278.3013499299996, "lr": [8.141676086873572e-06, 8.141676086873574e-07], "loss": 0.019005397446453572, "l1": 0.01867547880858183, "kl": 3.299187868833542e-05, "memory_allocated_GiB": 0.2729363441467285}
{"step": 14900, "samples": 953600, "pass": 425, "elapsed_train_s": 1281.0530112100023, "lr": [7.89223390062172e-06, 7.89223390062172e-07], "loss": 0.018880289606750013, "l1": 0.018557308614253996, "kl": 3.2298099249601364e-05, "memory_allocated_GiB": 0.27392053604125977}
{"step": 14950, "samples": 956800, "pass": 427, "elapsed_train_s": 1284.3262724270026, "lr": [7.646344808238903e-06, 7.646344808238904e-07], "loss": 0.018996930867433547, "l1": 0.018673359006643294, "kl": 3.235719166696071e-05, "memory_allocated_GiB": 0.272768497467041}
{"step": 15000, "samples": 960000, "pass": 428, "elapsed_train_s": 1287.2485946369998, "lr": [7.404029558083653e-06, 7.404029558083653e-07], "loss": 0.019102993123233318, "l1": 0.018787100315093994, "kl": 3.1589269638061525e-05, "memory_allocated_GiB": 0.27379846572875977}
{"step": 15050, "samples": 963200, "pass": 429, "elapsed_train_s": 1289.967178980005, "lr": [7.165308596950182e-06, 7.165308596950182e-07], "loss": 0.019032229892909525, "l1": 0.018703324869275093, "kl": 3.289050422608853e-05, "memory_allocated_GiB": 0.27257776260375977}
{"step": 15100, "samples": 966400, "pass": 431, "elapsed_train_s": 1293.3822561839988, "lr": [6.9302020683432055e-06, 6.930202068343206e-07], "loss": 0.01918349925428629, "l1": 0.018866637758910655, "kl": 3.1686145812273024e-05, "memory_allocated_GiB": 0.2737298011779785}
{"step": 15150, "samples": 969600, "pass": 432, "elapsed_train_s": 1296.1929339380004, "lr": [6.698729810778065e-06, 6.698729810778065e-07], "loss": 0.019137201383709907, "l1": 0.01881812233477831, "kl": 3.190789371728897e-05, "memory_allocated_GiB": 0.27269983291625977}
{"step": 15200, "samples": 972800, "pass": 434, "elapsed_train_s": 1299.5907285540015, "lr": [6.470911356106885e-06, 6.470911356106885e-07], "loss": 0.01898285362869501, "l1": 0.01865395337343216, "kl": 3.289003856480122e-05, "memory_allocated_GiB": 0.27294397354125977}
{"step": 15250, "samples": 976000, "pass": 435, "elapsed_train_s": 1302.4853300500035, "lr": [6.246765927870313e-06, 6.246765927870313e-07], "loss": 0.018994450457394122, "l1": 0.018669060356915, "kl": 3.253899514675141e-05, "memory_allocated_GiB": 0.2740960121154785}
{"step": 15300, "samples": 979200, "pass": 437, "elapsed_train_s": 1305.7713867810016, "lr": [6.026312439675552e-06, 6.026312439675553e-07], "loss": 0.018946683146059514, "l1": 0.018633886203169824, "kl": 3.127967938780785e-05, "memory_allocated_GiB": 0.27269983291625977}
{"step": 15350, "samples": 982400, "pass": 438, "elapsed_train_s": 1308.6299249939984, "lr": [5.809569493600281e-06, 5.809569493600281e-07], "loss": 0.018952899426221848, "l1": 0.01863700516521931, "kl": 3.158941864967346e-05, "memory_allocated_GiB": 0.27263879776000977}
{"step": 15400, "samples": 985600, "pass": 439, "elapsed_train_s": 1311.390298833001, "lr": [5.596555378623125e-06, 5.596555378623126e-07], "loss": 0.019050155878067018, "l1": 0.01873489573597908, "kl": 3.152601420879364e-05, "memory_allocated_GiB": 0.27318811416625977}
{"step": 15450, "samples": 988800, "pass": 441, "elapsed_train_s": 1314.797027927998, "lr": [5.387288069080299e-06, 5.387288069080298e-07], "loss": 0.018907449692487716, "l1": 0.018597445636987685, "kl": 3.100042231380939e-05, "memory_allocated_GiB": 0.27306604385375977}
{"step": 15500, "samples": 992000, "pass": 442, "elapsed_train_s": 1317.6481969110027, "lr": [5.181785223148999e-06, 5.181785223148999e-07], "loss": 0.019106038101017474, "l1": 0.01879869643598795, "kl": 3.0734147876501084e-05, "memory_allocated_GiB": 0.27306604385375977}
{"step": 15550, "samples": 995200, "pass": 444, "elapsed_train_s": 1321.1358262310023, "lr": [4.980064181357319e-06, 4.980064181357319e-07], "loss": 0.019078834503889083, "l1": 0.018772723264992238, "kl": 3.061112016439438e-05, "memory_allocated_GiB": 0.27233362197875977}
{"step": 15600, "samples": 998400, "pass": 445, "elapsed_train_s": 1323.9763299080005, "lr": [4.782141965121128e-06, 4.782141965121129e-07], "loss": 0.018930948860943316, "l1": 0.018625465109944343, "kl": 3.054838627576828e-05, "memory_allocated_GiB": 0.2737298011779785}
{"step": 15650, "samples": 1001600, "pass": 447, "elapsed_train_s": 1327.2531117520048, "lr": [4.588035275307689e-06, 4.5880352753076894e-07], "loss": 0.018896731846034527, "l1": 0.0185877263918519, "kl": 3.090055659413338e-05, "memory_allocated_GiB": 0.27269983291625977}
{"step": 15700, "samples": 1004800, "pass": 448, "elapsed_train_s": 1330.0992920999997, "lr": [4.397760490826481e-06, 4.39776049082648e-07], "loss": 0.018910003714263438, "l1": 0.018607370778918265, "kl": 3.026328980922699e-05, "memory_allocated_GiB": 0.2736077308654785}
{"step": 15750, "samples": 1008000, "pass": 449, "elapsed_train_s": 1332.8296232979992, "lr": [4.2113336672471245e-06, 4.211333667247125e-07], "loss": 0.018816220313310622, "l1": 0.01851857028901577, "kl": 2.9764994978904722e-05, "memory_allocated_GiB": 0.2737298011779785}
{"step": 15800, "samples": 1011200, "pass": 451, "elapsed_train_s": 1336.263034907999, "lr": [4.028770535444615e-06, 4.0287705354446147e-07], "loss": 0.018783020973205566, "l1": 0.01848751984536648, "kl": 2.9550110921263694e-05, "memory_allocated_GiB": 0.27367639541625977}
{"step": 15850, "samples": 1014400, "pass": 452, "elapsed_train_s": 1339.0346554520002, "lr": [3.850086500271871e-06, 3.850086500271871e-07], "loss": 0.018871073834598063, "l1": 0.018567938320338727, "kl": 3.031354397535324e-05, "memory_allocated_GiB": 0.27208948135375977}
{"step": 15900, "samples": 1017600, "pass": 454, "elapsed_train_s": 1342.3446457419996, "lr": [3.675296639259912e-06, 3.675296639259912e-07], "loss": 0.01889446210116148, "l1": 0.018595776185393334, "kl": 2.9868585988879205e-05, "memory_allocated_GiB": 0.27331018447875977}
{"step": 15950, "samples": 1020800, "pass": 455, "elapsed_train_s": 1345.280003025, "lr": [3.504415701345615e-06, 3.504415701345615e-07], "loss": 0.018913832642138004, "l1": 0.018616509847342966, "kl": 2.9732277616858483e-05, "memory_allocated_GiB": 0.27306604385375977}
{"step": 16000, "samples": 1024000, "pass": 457, "elapsed_train_s": 1348.5440615240004, "lr": [3.3374581056271447e-06, 3.337458105627145e-07], "loss": 0.018718718215823174, "l1": 0.018426068089902402, "kl": 2.9265014454722404e-05, "memory_allocated_GiB": 0.27428674697875977}
{"step": 16050, "samples": 1027200, "pass": 458, "elapsed_train_s": 1351.4431612640037, "lr": [3.1744379401472677e-06, 3.174437940147268e-07], "loss": 0.01874311573803425, "l1": 0.018449867330491542, "kl": 2.932485193014145e-05, "memory_allocated_GiB": 0.27227258682250977}
{"step": 16100, "samples": 1030400, "pass": 459, "elapsed_train_s": 1354.181260161, "lr": [3.0153689607045845e-06, 3.015368960704584e-07], "loss": 0.018882836773991586, "l1": 0.018589628338813783, "kl": 2.9320847243070603e-05, "memory_allocated_GiB": 0.27318811416625977}
{"step": 16150, "samples": 1033600, "pass": 461, "elapsed_train_s": 1357.5835764020012, "lr": [2.8602645896928295e-06, 2.860264589692829e-07], "loss": 0.018714628517627716, "l1": 0.018418384082615376, "kl": 2.962445840239525e-05, "memory_allocated_GiB": 0.2737298011779785}
{"step": 16200, "samples": 1036800, "pass": 462, "elapsed_train_s": 1360.3994087700048, "lr": [2.7091379149682685e-06, 2.7091379149682683e-07], "loss": 0.01876933462917805, "l1": 0.018474024645984174, "kl": 2.9530981555581094e-05, "memory_allocated_GiB": 0.27306604385375977}
{"step": 16250, "samples": 1040000, "pass": 464, "elapsed_train_s": 1363.7734188670001, "lr": [2.562001688745291e-06, 2.562001688745291e-07], "loss": 0.018929746858775617, "l1": 0.01863798525184393, "kl": 2.9176166281104086e-05, "memory_allocated_GiB": 0.27233362197875977}
{"step": 16300, "samples": 1043200, "pass": 465, "elapsed_train_s": 1366.6298177520002, "lr": [2.4188683265204127e-06, 2.4188683265204125e-07], "loss": 0.01881971661001444, "l1": 0.018529013209044935, "kl": 2.9070340096950532e-05, "memory_allocated_GiB": 0.27306604385375977}
{"step": 16350, "samples": 1046400, "pass": 467, "elapsed_train_s": 1369.9457065040042, "lr": [2.2797499060246253e-06, 2.2797499060246253e-07], "loss": 0.01885633870959282, "l1": 0.018565292842686175, "kl": 2.9104575514793395e-05, "memory_allocated_GiB": 0.27367639541625977}
{"step": 16400, "samples": 1049600, "pass": 468, "elapsed_train_s": 1372.8122518060045, "lr": [2.1446581662042942e-06, 2.1446581662042943e-07], "loss": 0.01881179980933666, "l1": 0.018519643023610116, "kl": 2.921568229794502e-05, "memory_allocated_GiB": 0.27306604385375977}
{"step": 16450, "samples": 1052800, "pass": 469, "elapsed_train_s": 1375.5736119930007, "lr": [2.013604506230554e-06, 2.0136045062305543e-07], "loss": 0.018703039921820163, "l1": 0.018410288915038108, "kl": 2.927511930465698e-05, "memory_allocated_GiB": 0.2721428871154785}
{"step": 16500, "samples": 1056000, "pass": 471, "elapsed_train_s": 1378.994903980005, "lr": [1.8865999845374793e-06, 1.8865999845374794e-07], "loss": 0.018859112933278084, "l1": 0.01857257626950741, "kl": 2.865365706384182e-05, "memory_allocated_GiB": 0.27269983291625977}
{"step": 16550, "samples": 1059200, "pass": 472, "elapsed_train_s": 1381.7849691800002, "lr": [1.7636553178889792e-06, 1.7636553178889792e-07], "loss": 0.018773488737642764, "l1": 0.01848751537501812, "kl": 2.8597330674529077e-05, "memory_allocated_GiB": 0.27331018447875977}
{"step": 16600, "samples": 1062400, "pass": 474, "elapsed_train_s": 1385.162704303002, "lr": [1.6447808804744668e-06, 1.6447808804744668e-07], "loss": 0.018679296858608724, "l1": 0.018397247828543187, "kl": 2.82049085944891e-05, "memory_allocated_GiB": 0.27269983291625977}
{"step": 16650, "samples": 1065600, "pass": 475, "elapsed_train_s": 1387.9370626240052, "lr": [1.5299867030334814e-06, 1.5299867030334815e-07], "loss": 0.018756506368517875, "l1": 0.01847366351634264, "kl": 2.8284275904297827e-05, "memory_allocated_GiB": 0.2737298011779785}
{"step": 16700, "samples": 1068800, "pass": 477, "elapsed_train_s": 1391.284435775, "lr": [1.419282472009309e-06, 1.419282472009309e-07], "loss": 0.018597456850111483, "l1": 0.01831133123487234, "kl": 2.861257642507553e-05, "memory_allocated_GiB": 0.27288293838500977}
{"step": 16750, "samples": 1072000, "pass": 478, "elapsed_train_s": 1394.224111702999, "lr": [1.3126775287316151e-06, 1.312677528731615e-07], "loss": 0.018773018643260003, "l1": 0.01848704308271408, "kl": 2.8597572818398476e-05, "memory_allocated_GiB": 0.27306604385375977}
{"step": 16800, "samples": 1075200, "pass": 479, "elapsed_train_s": 1396.9615801710024, "lr": [1.210180868628219e-06, 1.210180868628219e-07], "loss": 0.018727599419653417, "l1": 0.01844773903489113, "kl": 2.7986029163002968e-05, "memory_allocated_GiB": 0.27269983291625977}
{"step": 16850, "samples": 1078400, "pass": 481, "elapsed_train_s": 1400.4818634399999, "lr": [1.11180114046604e-06, 1.11180114046604e-07], "loss": 0.01885401986539364, "l1": 0.01857488550245762, "kl": 2.791343256831169e-05, "memory_allocated_GiB": 0.2727532386779785}
{"step": 16900, "samples": 1081600, "pass": 482, "elapsed_train_s": 1403.239946941001, "lr": [1.0175466456213034e-06, 1.0175466456213034e-07], "loss": 0.018812784776091575, "l1": 0.01852733302861452, "kl": 2.8545157983899117e-05, "memory_allocated_GiB": 0.2745842933654785}
{"step": 16950, "samples": 1084800, "pass": 484, "elapsed_train_s": 1406.5991972280026, "lr": [9.274253373791064e-07, 9.274253373791064e-08], "loss": 0.018776888586580755, "l1": 0.01849364910274744, "kl": 2.8323959559202193e-05, "memory_allocated_GiB": 0.27404260635375977}
{"step": 17000, "samples": 1088000, "pass": 485, "elapsed_train_s": 1409.4938311730002, "lr": [8.414448202622494e-07, 8.414448202622494e-08], "loss": 0.018638054132461546, "l1": 0.018359448686242105, "kl": 2.7860552072525025e-05, "memory_allocated_GiB": 0.27306604385375977}
{"step": 17050, "samples": 1091200, "pass": 487, "elapsed_train_s": 1412.8499925040014, "lr": [7.596123493895991e-07, 7.59612349389599e-08], "loss": 0.018790165819227697, "l1": 0.01850838951766491, "kl": 2.8177620843052866e-05, "memory_allocated_GiB": 0.2737298011779785}
{"step": 17100, "samples": 1094400, "pass": 488, "elapsed_train_s": 1415.6948394540013, "lr": [6.819348298638839e-07, 6.819348298638839e-08], "loss": 0.018859507478773595, "l1": 0.018581975437700748, "kl": 2.7753207832574843e-05, "memory_allocated_GiB": 0.27288293838500977}
{"step": 17150, "samples": 1097600, "pass": 489, "elapsed_train_s": 1418.5022441820038, "lr": [6.084188161890325e-07, 6.084188161890326e-08], "loss": 0.018703158050775527, "l1": 0.01842015251517296, "kl": 2.830055542290211e-05, "memory_allocated_GiB": 0.272951602935791}
{"step": 17200, "samples": 1100800, "pass": 491, "elapsed_train_s": 1421.8688745990003, "lr": [5.390705117171047e-07, 5.390705117171047e-08], "loss": 0.0188060624524951, "l1": 0.018526319526135922, "kl": 2.797429449856281e-05, "memory_allocated_GiB": 0.27331018447875977}
{"step": 17250, "samples": 1104000, "pass": 492, "elapsed_train_s": 1424.7649922630007, "lr": [4.738957681248379e-07, 4.73895768124838e-08], "loss": 0.018679547794163226, "l1": 0.018400177434086798, "kl": 2.7937013655900955e-05, "memory_allocated_GiB": 0.27306604385375977}
{"step": 17300, "samples": 1107200, "pass": 494, "elapsed_train_s": 1428.1230822100042, "lr": [4.129000849198872e-07, 4.129000849198872e-08], "loss": 0.018749615624547005, "l1": 0.018469231463968755, "kl": 2.803841605782509e-05, "memory_allocated_GiB": 0.27306604385375977}
{"step": 17350, "samples": 1110400, "pass": 495, "elapsed_train_s": 1431.072602156004, "lr": [3.5608860897675677e-07, 3.560886089767568e-08], "loss": 0.01861915849149227, "l1": 0.018337434865534307, "kl": 2.8172349557280542e-05, "memory_allocated_GiB": 0.2737298011779785}
{"step": 17400, "samples": 1113600, "pass": 497, "elapsed_train_s": 1434.5025971610012, "lr": [3.034661341025258e-07, 3.034661341025258e-08], "loss": 0.018607183545827865, "l1": 0.018326594345271587, "kl": 2.8058914467692374e-05, "memory_allocated_GiB": 0.27306604385375977}
{"step": 17450, "samples": 1116800, "pass": 498, "elapsed_train_s": 1437.338173793003, "lr": [2.55037100632316e-07, 2.55037100632316e-08], "loss": 0.018589404113590717, "l1": 0.01831070937216282, "kl": 2.7869492769241332e-05, "memory_allocated_GiB": 0.2726311683654785}
{"step": 17500, "samples": 1120000, "pass": 499, "elapsed_train_s": 1440.0758147410015, "lr": [2.1080559505462505e-07, 2.1080559505462504e-08], "loss": 0.018597230464220047, "l1": 0.01831858191639185, "kl": 2.7864854782819748e-05, "memory_allocated_GiB": 0.2729363441467285}
{"step": 17550, "samples": 1123200, "pass": 501, "elapsed_train_s": 1443.5235687930035, "lr": [1.7077534966650766e-07, 1.7077534966650767e-08], "loss": 0.018644325882196427, "l1": 0.01836498759686947, "kl": 2.7933819219470023e-05, "memory_allocated_GiB": 0.27392053604125977}
{"step": 17600, "samples": 1126400, "pass": 502, "elapsed_train_s": 1446.3030103780038, "lr": [1.3494974225863322e-07, 1.3494974225863322e-08], "loss": 0.01861086767166853, "l1": 0.018336221799254416, "kl": 2.746458165347576e-05, "memory_allocated_GiB": 0.272768497467041}
{"step": 17650, "samples": 1129600, "pass": 504, "elapsed_train_s": 1449.6983510370046, "lr": [1.033317958302693e-07, 1.033317958302693e-08], "loss": 0.018631443083286285, "l1": 0.018353549391031267, "kl": 2.778938040137291e-05, "memory_allocated_GiB": 0.27379846572875977}
{"step": 17700, "samples": 1132800, "pass": 505, "elapsed_train_s": 1452.5106766989993, "lr": [7.59241783341913e-08, 7.59241783341913e-09], "loss": 0.018532193563878537, "l1": 0.01825799737125635, "kl": 2.7419617399573326e-05, "memory_allocated_GiB": 0.27257776260375977}
{"step": 17750, "samples": 1136000, "pass": 507, "elapsed_train_s": 1455.7728273110042, "lr": [5.272920245156798e-08, 5.2729202451567985e-09], "loss": 0.018712694458663463, "l1": 0.018434391021728516, "kl": 2.7830339968204497e-05, "memory_allocated_GiB": 0.2737298011779785}
{"step": 17800, "samples": 1139200, "pass": 508, "elapsed_train_s": 1458.8309231060048, "lr": [3.374882539681767e-08, 3.3748825396817675e-09], "loss": 0.01866738997399807, "l1": 0.018390626721084116, "kl": 2.767631784081459e-05, "memory_allocated_GiB": 0.27269983291625977}
{"step": 17850, "samples": 1142400, "pass": 509, "elapsed_train_s": 1461.5108359779988, "lr": [1.8984648752429225e-08, 1.8984648752429222e-09], "loss": 0.01863597836345434, "l1": 0.018358838632702826, "kl": 2.7713971212506296e-05, "memory_allocated_GiB": 0.27294397354125977}
{"step": 17900, "samples": 1145600, "pass": 511, "elapsed_train_s": 1464.8613453860016, "lr": [8.437918333864536e-09, 8.437918333864537e-10], "loss": 0.018614162653684617, "l1": 0.01833950538188219, "kl": 2.7465727180242537e-05, "memory_allocated_GiB": 0.2740960121154785}
{"step": 17950, "samples": 1148800, "pass": 512, "elapsed_train_s": 1467.6381135740012, "lr": [2.109524084381587e-09, 2.1095240843815868e-10], "loss": 0.018683831319212914, "l1": 0.018408361971378327, "kl": 2.7546938508749008e-05, "memory_allocated_GiB": 0.27269983291625977}
{"step": 18000, "samples": 1152000, "pass": 514, "elapsed_train_s": 1471.0073517979981, "lr": [0.0, 0.0], "loss": 0.018713655062019826, "l1": 0.018440457172691823, "kl": 2.7319788932800294e-05, "memory_allocated_GiB": 0.27263879776000977}
DEVELOPMENT {"step": 18000, "summary": {"success_once": {"mean": 1.0, "std": 0.0}, "return": {"mean": 410.793212890625, "std": 5.887221813201904}, "episode_len": {"mean": 500.0, "std": 0.0}, "reward": {"mean": 0.8215864135742189, "std": 0.011774443812254018}, "last_reward": {"mean": 1.0, "std": 0.0}, "success_at_end": {"mean": 0.95, "std": 0.21794494717703372}}, "stages": {"is_grasped": 20, "is_mug_above_table": 20, "is_mug_contact_rack": 20, "is_obj_placed": 20, "success": 20}}
TRAIN COMPLETE {"status": "complete", "condition": "A10", "seed": 3, "steps": 18000, "samples": 1152000, "batch_size": 64, "workers": 8, "wall_seconds": 1601.990092754364, "initialization_seconds": 59.69085335731506, "steady_steps": 17950, "steady_step_median_s": 0.045136281503801, "steady_step_p95_s": 0.0913842095500513, "steady_mean_step_s": 0.06306629877933147, "samples_per_second": 1014.8050740053027, "data_wait_mean_s": 0.01611853510844769, "gpu_update_ms_median": 44.385040283203125, "peak_allocated_GiB": 1.5669207572937012, "peak_reserved_GiB": 1.837890625}
