/home/zxc/miniconda3/envs/imitator/lib/python3.12/site-packages/torch/cuda/__init__.py:61: FutureWarning: The pynvml package is deprecated. Please install nvidia-ml-py instead. If you did not install pynvml directly, please report this to the maintainers of the package that installed pynvml for you.
  import pynvml  # type: ignore[import]
2026-10-08 11:38:08.010105: I tensorflow/core/util/port.cc:153] oneDNN custom operations are on. You may see slightly different numerical results due to floating-point round-off errors from different computation orders. To turn them off, set the environment variable `TF_ENABLE_ONEDNN_OPTS=0`.
2026-10-08 11:38:08.020912: E external/local_xla/xla/stream_executor/cuda/cuda_fft.cc:467] Unable to register cuFFT factory: Attempting to register factory for plugin cuFFT when one has already been registered
WARNING: All log messages before absl::InitializeLog() is called are written to STDERR
E0000 00:00:1791430688.032445 3390210 cuda_dnn.cc:8579] Unable to register cuDNN factory: Attempting to register factory for plugin cuDNN when one has already been registered
E0000 00:00:1791430688.037071 3390210 cuda_blas.cc:1407] Unable to register cuBLAS factory: Attempting to register factory for plugin cuBLAS when one has already been registered
W0000 00:00:1791430688.049891 3390210 computation_placer.cc:177] computation placer already registered. Please check linkage and avoid linking the same target more than once.
W0000 00:00:1791430688.049917 3390210 computation_placer.cc:177] computation placer already registered. Please check linkage and avoid linking the same target more than once.
W0000 00:00:1791430688.049921 3390210 computation_placer.cc:177] computation placer already registered. Please check linkage and avoid linking the same target more than once.
W0000 00:00:1791430688.049923 3390210 computation_placer.cc:177] computation placer already registered. Please check linkage and avoid linking the same target more than once.
2026-10-08 11:38:08.052654: I tensorflow/core/platform/cpu_feature_guard.cc:210] This TensorFlow binary is optimized to use available CPU instructions in performance-critical operations.
To enable the following instructions: AVX2 AVX512F AVX512_VNNI AVX512_BF16 FMA, in other operations, rebuild TensorFlow with the appropriate compiler flags.

================================================================================
🔄 INITIALIZING HUMAN-SIM PAIRED DATASET
================================================================================
   Input mode: video_only
   Include first frame: True

📖 Loading task mapping from: examples/baselines/lerobot_dataset/task_mapping.json
   ✓ 53 human task descriptions
   ✓ 200 sim task descriptions

✓ Mapping loaded:
  - 53 human tasks: ['human_H1', 'human_H10', 'human_H11', 'human_H12', 'human_H13', 'human_H14', 'human_H15', 'human_H16', 'human_H17', 'human_H18', 'human_H19', 'human_H2', 'human_H20', 'human_H21', 'human_H22', 'human_H23', 'human_H24', 'human_H25', 'human_H26', 'human_H27', 'human_H28', 'human_H29', 'human_H3', 'human_H30', 'human_H31', 'human_H32', 'human_H33', 'human_H34', 'human_H35', 'human_H36', 'human_H37', 'human_H38', 'human_H39', 'human_H4', 'human_H40', 'human_H41', 'human_H42', 'human_H43', 'human_H44', 'human_H45', 'human_H46', 'human_H47', 'human_H48', 'human_H49', 'human_H5', 'human_H50', 'human_H56', 'human_H57', 'human_H58', 'human_H6', 'human_H7', 'human_H8', 'human_H9']
  - 200 sim tasks: ['L0_TwoRobotCleanCup-v1', 'L0_TwoRobotCleanDesk-v1', 'L0_TwoRobotCutFruit-v1', 'L0_TwoRobotFoldBox-v1', 'L0_TwoRobotFoldTowel-v1', 'L0_TwoRobotGrindFood-v1', 'L0_TwoRobotKnifeBowlFork-v1', 'L0_TwoRobotLiftLidFromSkillet-v1', 'L0_TwoRobotOpenBox-v1', 'L0_TwoRobotOpenLiquidCap-v1', 'L0_TwoRobotPickAppleBananaToBaskets-v1', 'L0_TwoRobotPickAppleBasket-v1', 'L0_TwoRobotPickAppleToScale-v1', 'L0_TwoRobotPickFood-v1', 'L0_TwoRobotPickFruitsToPlate-v1', 'L0_TwoRobotPickPillToRegions-v1', 'L0_TwoRobotPickRemoteControl-v1', 'L0_TwoRobotPickTennisBallGolfBall-v1', 'L0_TwoRobotPickWash-v1', 'L0_TwoRobotPlaceBookBookcase-v1', 'L0_TwoRobotPlaceBrushRest-v1', 'L0_TwoRobotPlaceBurgerTray-v1', 'L0_TwoRobotPlaceChipsRack-v1', 'L0_TwoRobotPlaceClothBasket-v1', 'L0_TwoRobotPlaceCommodityRack-v1', 'L0_TwoRobotPlaceCupPlate-v1', 'L0_TwoRobotPlaceFileFolder-v1', 'L0_TwoRobotPlaceFoodScale-v1', 'L0_TwoRobotPlaceFruitBox-v1', 'L0_TwoRobotPlaceMagazineFolder-v1', 'L0_TwoRobotPlaceMugRack-v1', 'L0_TwoRobotPlacePillBox-v1', 'L0_TwoRobotPlacePlateRack-v1', 'L0_TwoRobotPlaceScrewdriver-v1', 'L0_TwoRobotPlaceShoeBox-v1', 'L0_TwoRobotPourCup-v1', 'L0_TwoRobotPourKetchupFries-v1', 'L0_TwoRobotPourKettle-v1', 'L0_TwoRobotPourLiquidCup-v1', 'L0_TwoRobotPourLiquidFilter-v1', 'L0_TwoRobotPourLiquidMug-v1', 'L0_TwoRobotPressJuicer-v1', 'L0_TwoRobotPressStapler-v1', 'L0_TwoRobotPutBox-v1', 'L0_TwoRobotPutCubeOnScale-v1', 'L0_TwoRobotScanMilkBox-v1', 'L0_TwoRobotScanPillBottle-v1', 'L0_TwoRobotStirSpoon-v1', 'L0_TwoRobotTransFood-v1', 'L0_TwoRobotWipePot-v1', 'L1_TwoRobotCleanCup-v1', 'L1_TwoRobotCleanDesk-v1', 'L1_TwoRobotCutFruit-v1', 'L1_TwoRobotFoldBox-v1', 'L1_TwoRobotFoldTowel-v1', 'L1_TwoRobotGrindFood-v1', 'L1_TwoRobotKnifeBowlFork-v1', 'L1_TwoRobotLiftLidFromSkillet-v1', 'L1_TwoRobotOpenBox-v1', 'L1_TwoRobotOpenLiquidCap-v1', 'L1_TwoRobotPickAppleBananaToBaskets-v1', 'L1_TwoRobotPickAppleBasket-v1', 'L1_TwoRobotPickAppleToScale-v1', 'L1_TwoRobotPickFood-v1', 'L1_TwoRobotPickFruitsToPlate-v1', 'L1_TwoRobotPickPillToRegions-v1', 'L1_TwoRobotPickRemoteControl-v1', 'L1_TwoRobotPickTennisBallGolfBall-v1', 'L1_TwoRobotPickWash-v1', 'L1_TwoRobotPlaceBookBookcase-v1', 'L1_TwoRobotPlaceBrushRest-v1', 'L1_TwoRobotPlaceBurgerTray-v1', 'L1_TwoRobotPlaceChipsRack-v1', 'L1_TwoRobotPlaceClothBasket-v1', 'L1_TwoRobotPlaceCommodityRack-v1', 'L1_TwoRobotPlaceCupPlate-v1', 'L1_TwoRobotPlaceFileFolder-v1', 'L1_TwoRobotPlaceFoodScale-v1', 'L1_TwoRobotPlaceFruitBox-v1', 'L1_TwoRobotPlaceMagazineFolder-v1', 'L1_TwoRobotPlaceMugRack-v1', 'L1_TwoRobotPlacePillBox-v1', 'L1_TwoRobotPlacePlateRack-v1', 'L1_TwoRobotPlaceScrewdriver-v1', 'L1_TwoRobotPlaceShoeBox-v1', 'L1_TwoRobotPourCup-v1', 'L1_TwoRobotPourKetchupFries-v1', 'L1_TwoRobotPourKettle-v1', 'L1_TwoRobotPourLiquidCup-v1', 'L1_TwoRobotPourLiquidFilter-v1', 'L1_TwoRobotPourLiquidMug-v1', 'L1_TwoRobotPressJuicer-v1', 'L1_TwoRobotPressStapler-v1', 'L1_TwoRobotPutBox-v1', 'L1_TwoRobotPutCubeOnScale-v1', 'L1_TwoRobotScanMilkBox-v1', 'L1_TwoRobotScanPillBottle-v1', 'L1_TwoRobotStirSpoon-v1', 'L1_TwoRobotTransFood-v1', 'L1_TwoRobotWipePot-v1', 'L2_TwoRobotCleanCup-v1', 'L2_TwoRobotCleanDesk-v1', 'L2_TwoRobotCutFruit-v1', 'L2_TwoRobotFoldBox-v1', 'L2_TwoRobotFoldTowel-v1', 'L2_TwoRobotGrindFood-v1', 'L2_TwoRobotKnifeBowlFork-v1', 'L2_TwoRobotLiftLidFromSkillet-v1', 'L2_TwoRobotOpenBox-v1', 'L2_TwoRobotOpenLiquidCap-v1', 'L2_TwoRobotPickAppleBananaToBaskets-v1', 'L2_TwoRobotPickAppleBasket-v1', 'L2_TwoRobotPickAppleToScale-v1', 'L2_TwoRobotPickFood-v1', 'L2_TwoRobotPickFruitsToPlate-v1', 'L2_TwoRobotPickPillToRegions-v1', 'L2_TwoRobotPickRemoteControl-v1', 'L2_TwoRobotPickTennisBallGolfBall-v1', 'L2_TwoRobotPickWash-v1', 'L2_TwoRobotPlaceBookBookcase-v1', 'L2_TwoRobotPlaceBrushRest-v1', 'L2_TwoRobotPlaceBurgerTray-v1', 'L2_TwoRobotPlaceChipsRack-v1', 'L2_TwoRobotPlaceClothBasket-v1', 'L2_TwoRobotPlaceCommodityRack-v1', 'L2_TwoRobotPlaceCupPlate-v1', 'L2_TwoRobotPlaceFileFolder-v1', 'L2_TwoRobotPlaceFoodScale-v1', 'L2_TwoRobotPlaceFruitBox-v1', 'L2_TwoRobotPlaceMagazineFolder-v1', 'L2_TwoRobotPlaceMugRack-v1', 'L2_TwoRobotPlacePillBox-v1', 'L2_TwoRobotPlacePlateRack-v1', 'L2_TwoRobotPlaceScrewdriver-v1', 'L2_TwoRobotPlaceShoeBox-v1', 'L2_TwoRobotPourCup-v1', 'L2_TwoRobotPourKetchupFries-v1', 'L2_TwoRobotPourKettle-v1', 'L2_TwoRobotPourLiquidCup-v1', 'L2_TwoRobotPourLiquidFilter-v1', 'L2_TwoRobotPourLiquidMug-v1', 'L2_TwoRobotPressJuicer-v1', 'L2_TwoRobotPressStapler-v1', 'L2_TwoRobotPutBox-v1', 'L2_TwoRobotPutCubeOnScale-v1', 'L2_TwoRobotScanMilkBox-v1', 'L2_TwoRobotScanPillBottle-v1', 'L2_TwoRobotStirSpoon-v1', 'L2_TwoRobotTransFood-v1', 'L2_TwoRobotWipePot-v1', 'L3_TwoRobotCleanCup-v1', 'L3_TwoRobotCleanDesk-v1', 'L3_TwoRobotCutFruit-v1', 'L3_TwoRobotFoldBox-v1', 'L3_TwoRobotFoldTowel-v1', 'L3_TwoRobotGrindFood-v1', 'L3_TwoRobotKnifeBowlFork-v1', 'L3_TwoRobotLiftLidFromSkillet-v1', 'L3_TwoRobotOpenBox-v1', 'L3_TwoRobotOpenLiquidCap-v1', 'L3_TwoRobotPickAppleBananaToBaskets-v1', 'L3_TwoRobotPickAppleBasket-v1', 'L3_TwoRobotPickAppleToScale-v1', 'L3_TwoRobotPickFood-v1', 'L3_TwoRobotPickFruitsToPlate-v1', 'L3_TwoRobotPickPillToRegions-v1', 'L3_TwoRobotPickRemoteControl-v1', 'L3_TwoRobotPickTennisBallGolfBall-v1', 'L3_TwoRobotPickWash-v1', 'L3_TwoRobotPlaceBookBookcase-v1', 'L3_TwoRobotPlaceBrushRest-v1', 'L3_TwoRobotPlaceBurgerTray-v1', 'L3_TwoRobotPlaceChipsRack-v1', 'L3_TwoRobotPlaceClothBasket-v1', 'L3_TwoRobotPlaceCommodityRack-v1', 'L3_TwoRobotPlaceCupPlate-v1', 'L3_TwoRobotPlaceFileFolder-v1', 'L3_TwoRobotPlaceFoodScale-v1', 'L3_TwoRobotPlaceFruitBox-v1', 'L3_TwoRobotPlaceMagazineFolder-v1', 'L3_TwoRobotPlaceMugRack-v1', 'L3_TwoRobotPlacePillBox-v1', 'L3_TwoRobotPlacePlateRack-v1', 'L3_TwoRobotPlaceScrewdriver-v1', 'L3_TwoRobotPlaceShoeBox-v1', 'L3_TwoRobotPourCup-v1', 'L3_TwoRobotPourKetchupFries-v1', 'L3_TwoRobotPourKettle-v1', 'L3_TwoRobotPourLiquidCup-v1', 'L3_TwoRobotPourLiquidFilter-v1', 'L3_TwoRobotPourLiquidMug-v1', 'L3_TwoRobotPressJuicer-v1', 'L3_TwoRobotPressStapler-v1', 'L3_TwoRobotPutBox-v1', 'L3_TwoRobotPutCubeOnScale-v1', 'L3_TwoRobotScanMilkBox-v1', 'L3_TwoRobotScanPillBottle-v1', 'L3_TwoRobotStirSpoon-v1', 'L3_TwoRobotTransFood-v1', 'L3_TwoRobotWipePot-v1']

✓ Filtered human configs: 1 loaded, 0 skipped

✓ Filtered sim configs: 3 loaded, 0 skipped

================================================================================
🎥 LOADING HUMAN VIDEO DATASET
================================================================================
Loading datasets from config: /var/tmp/imitator-game-zxc/tmp/tmpp6y902u7.json
Loading datasets:   0%|          | 0/1 [00:00<?, ?it/s][94mLoading episodes [0] from /var/tmp/imitator-game-zxc/data/imitator_human_v1/human_H57 with split train[0m
Loading datasets: 100%|██████████| 1/1 [00:00<00:00,  7.39it/s]Loading datasets: 100%|██████████| 1/1 [00:00<00:00,  7.38it/s]
✓ Loaded 1 unique tasks
✓ HumanVideoDataset initialized
  - Tasks: 1
  - Cameras: ['zed2i']
  - Frames per sample: 10
  - Sampling strategy: uniform_jitter

================================================================================
🤖 LOADING SIM TRAJECTORY DATASET
================================================================================
  0%|          | 0/3 [00:00<?, ?it/s][94mloading episodes [0, 1, 2, 3, 4, 5, 6, 7, 8, 9, 10, 11, 12, 13, 14, 15, 16, 17, 18, 19, 20, 21, 22, 23, 24, 25, 26, 27, 28, 29, 30, 31, 32, 33, 34, 35, 36, 37, 38, 39, 40, 41, 42, 43, 44, 45, 46, 47, 48, 49] from /home/zxc/Imitator/experiments/act_placemugrack_levels/prepared/B012/sim/L0_TwoRobotPlaceMugRack-v1 with split train[0m
 33%|███▎      | 1/3 [00:00<00:00,  2.53it/s][94mloading episodes [0, 1, 2, 3, 4, 5, 6, 7, 8, 9, 10, 11, 12, 13, 14, 15, 16, 17, 18, 19, 20, 21, 22, 23, 24, 25, 26, 27, 28, 29, 30, 31, 32, 33, 34, 35, 36, 37, 38, 39, 40, 41, 42, 43, 44, 45, 46, 47, 48, 49] from /home/zxc/Imitator/experiments/act_placemugrack_levels/prepared/B012/sim/L1_TwoRobotPlaceMugRack-v1 with split train[0m
 67%|██████▋   | 2/3 [00:00<00:00,  2.52it/s][94mloading episodes [0, 1, 2, 3, 4, 5, 6, 7, 8, 9, 10, 11, 12, 13, 14, 15, 16, 17, 18, 19, 20, 21, 22, 23, 24, 25, 26, 27, 28, 29, 30, 31, 32, 33, 34, 35, 36, 37, 38, 39, 40, 41, 42, 43, 44, 45, 46, 47, 48, 49] from /home/zxc/Imitator/experiments/act_placemugrack_levels/prepared/B012/sim/L2_TwoRobotPlaceMugRack-v1 with split train[0m
100%|██████████| 3/3 [00:01<00:00,  2.59it/s]100%|██████████| 3/3 [00:01<00:00,  2.57it/s]
/home/zxc/miniconda3/envs/imitator/lib/python3.12/site-packages/albumentations/core/validation.py:114: UserWarning: ShiftScaleRotate is a special case of Affine transform. Please use Affine transform instead.
  original_init(self, **validated_kwargs)

================================================================================
🔗 VALIDATING HUMAN-SIM TASK PAIRINGS
================================================================================

🔑 Indexing human videos...
   ✓ human_H57 - 1 episodes

🔑 Indexing sim trajectories (O(sub-datasets))...
   L0_TwoRobotPlaceMugRack-v1: 11228 samples
   L1_TwoRobotPlaceMugRack-v1: 12079 samples
   L2_TwoRobotPlaceMugRack-v1: 11304 samples

🔍 Validating pairings...

✅ Successfully paired: 3 task pair(s)


================================================================================
✅ HUMAN-SIM PAIRED DATASET READY
================================================================================
📊 Summary:
   - Total sim samples: 34611
   - Valid paired samples: 34611
   - Skipped samples: 0
   - Valid paired tasks: 3
   - Input mode: video_only
   - Include first frame: True
================================================================================

\n   Building FrozenVideoBackbone (dinov2_vitl14) [Frozen] ...

============================================================
[FrozenBB] Setting up frozen backbone cache (dinov2_vitl14)
  Backbone: 0 frozen tensors | Adapter: 525.8K trainable params
  [RawFeatCache] Loaded 1 entries ← /home/zxc/Imitator/experiments/act_placemugrack_levels/runs/B012_s3/te_cache/backbone_dinov2_vitl14/raw_features.pt
  [RawFeatCache] Cache ready: 1 entries loaded from disk.
  [Done] CachedFrozenBackbone ready.
  Expected per-step cost: ~0.15 ms  (dict lookup + adapter)
============================================================

   FrozenVideoBackbone: backbone frozen, cache active, adapter trainable.
  [SkipVideo] skip_human_video=True activated on dataset (1 cache entries cover all tasks).
  Video decode cost (~50-100 ms/sample) eliminated for training.
/home/zxc/miniconda3/envs/imitator/lib/python3.12/site-packages/torchvision/models/_utils.py:208: UserWarning: The parameter 'pretrained' is deprecated since 0.13 and may be removed in the future, please use 'weights' instead.
  warnings.warn(
/home/zxc/miniconda3/envs/imitator/lib/python3.12/site-packages/torchvision/models/_utils.py:223: UserWarning: Arguments other than a weight enum or `None` for 'weights' are deprecated since 0.13 and may be removed in the future. The current behavior is equivalent to passing `weights=ResNet18_Weights.IMAGENET1K_V1`. You can also use `weights=ResNet18_Weights.DEFAULT` to get the most up-to-date weights.
  warnings.warn(msg)

   ACTAgent ready
   Task encoder:  frozen_backbone (dinov2_vitl14)
   Input mode:    video_only
   Total params:  17.21M  |  Trainable: 17.21M
/home/zxc/miniconda3/envs/imitator/lib/python3.12/site-packages/torch/cuda/__init__.py:61: FutureWarning: The pynvml package is deprecated. Please install nvidia-ml-py instead. If you did not install pynvml directly, please report this to the maintainers of the package that installed pynvml for you.
  import pynvml  # type: ignore[import]
2026-10-08 11:38:18.704886: E external/local_xla/xla/stream_executor/cuda/cuda_fft.cc:467] Unable to register cuFFT factory: Attempting to register factory for plugin cuFFT when one has already been registered
WARNING: All log messages before absl::InitializeLog() is called are written to STDERR
E0000 00:00:1791430698.721415 3390420 cuda_dnn.cc:8579] Unable to register cuDNN factory: Attempting to register factory for plugin cuDNN when one has already been registered
E0000 00:00:1791430698.725358 3390420 cuda_blas.cc:1407] Unable to register cuBLAS factory: Attempting to register factory for plugin cuBLAS when one has already been registered
W0000 00:00:1791430698.739402 3390420 computation_placer.cc:177] computation placer already registered. Please check linkage and avoid linking the same target more than once.
W0000 00:00:1791430698.739468 3390420 computation_placer.cc:177] computation placer already registered. Please check linkage and avoid linking the same target more than once.
W0000 00:00:1791430698.739473 3390420 computation_placer.cc:177] computation placer already registered. Please check linkage and avoid linking the same target more than once.
W0000 00:00:1791430698.739495 3390420 computation_placer.cc:177] computation placer already registered. Please check linkage and avoid linking the same target more than once.
/home/zxc/miniconda3/envs/imitator/lib/python3.12/site-packages/torch/cuda/__init__.py:61: FutureWarning: The pynvml package is deprecated. Please install nvidia-ml-py instead. If you did not install pynvml directly, please report this to the maintainers of the package that installed pynvml for you.
  import pynvml  # type: ignore[import]
2026-10-08 11:38:26.472505: E external/local_xla/xla/stream_executor/cuda/cuda_fft.cc:467] Unable to register cuFFT factory: Attempting to register factory for plugin cuFFT when one has already been registered
WARNING: All log messages before absl::InitializeLog() is called are written to STDERR
E0000 00:00:1791430706.484823 3390532 cuda_dnn.cc:8579] Unable to register cuDNN factory: Attempting to register factory for plugin cuDNN when one has already been registered
E0000 00:00:1791430706.488723 3390532 cuda_blas.cc:1407] Unable to register cuBLAS factory: Attempting to register factory for plugin cuBLAS when one has already been registered
W0000 00:00:1791430706.501706 3390532 computation_placer.cc:177] computation placer already registered. Please check linkage and avoid linking the same target more than once.
W0000 00:00:1791430706.501777 3390532 computation_placer.cc:177] computation placer already registered. Please check linkage and avoid linking the same target more than once.
W0000 00:00:1791430706.501781 3390532 computation_placer.cc:177] computation placer already registered. Please check linkage and avoid linking the same target more than once.
W0000 00:00:1791430706.501785 3390532 computation_placer.cc:177] computation placer already registered. Please check linkage and avoid linking the same target more than once.
/home/zxc/miniconda3/envs/imitator/lib/python3.12/site-packages/torch/cuda/__init__.py:61: FutureWarning: The pynvml package is deprecated. Please install nvidia-ml-py instead. If you did not install pynvml directly, please report this to the maintainers of the package that installed pynvml for you.
  import pynvml  # type: ignore[import]
2026-10-08 11:38:34.154274: E external/local_xla/xla/stream_executor/cuda/cuda_fft.cc:467] Unable to register cuFFT factory: Attempting to register factory for plugin cuFFT when one has already been registered
WARNING: All log messages before absl::InitializeLog() is called are written to STDERR
E0000 00:00:1791430714.171570 3390710 cuda_dnn.cc:8579] Unable to register cuDNN factory: Attempting to register factory for plugin cuDNN when one has already been registered
E0000 00:00:1791430714.176534 3390710 cuda_blas.cc:1407] Unable to register cuBLAS factory: Attempting to register factory for plugin cuBLAS when one has already been registered
W0000 00:00:1791430714.189439 3390710 computation_placer.cc:177] computation placer already registered. Please check linkage and avoid linking the same target more than once.
W0000 00:00:1791430714.189493 3390710 computation_placer.cc:177] computation placer already registered. Please check linkage and avoid linking the same target more than once.
W0000 00:00:1791430714.189498 3390710 computation_placer.cc:177] computation placer already registered. Please check linkage and avoid linking the same target more than once.
W0000 00:00:1791430714.189501 3390710 computation_placer.cc:177] computation placer already registered. Please check linkage and avoid linking the same target more than once.
/home/zxc/miniconda3/envs/imitator/lib/python3.12/site-packages/torch/cuda/__init__.py:61: FutureWarning: The pynvml package is deprecated. Please install nvidia-ml-py instead. If you did not install pynvml directly, please report this to the maintainers of the package that installed pynvml for you.
  import pynvml  # type: ignore[import]
2026-10-08 11:38:41.852351: E external/local_xla/xla/stream_executor/cuda/cuda_fft.cc:467] Unable to register cuFFT factory: Attempting to register factory for plugin cuFFT when one has already been registered
WARNING: All log messages before absl::InitializeLog() is called are written to STDERR
E0000 00:00:1791430721.864970 3390832 cuda_dnn.cc:8579] Unable to register cuDNN factory: Attempting to register factory for plugin cuDNN when one has already been registered
E0000 00:00:1791430721.869546 3390832 cuda_blas.cc:1407] Unable to register cuBLAS factory: Attempting to register factory for plugin cuBLAS when one has already been registered
W0000 00:00:1791430721.882134 3390832 computation_placer.cc:177] computation placer already registered. Please check linkage and avoid linking the same target more than once.
W0000 00:00:1791430721.882229 3390832 computation_placer.cc:177] computation placer already registered. Please check linkage and avoid linking the same target more than once.
W0000 00:00:1791430721.882232 3390832 computation_placer.cc:177] computation placer already registered. Please check linkage and avoid linking the same target more than once.
W0000 00:00:1791430721.882236 3390832 computation_placer.cc:177] computation placer already registered. Please check linkage and avoid linking the same target more than once.
/home/zxc/miniconda3/envs/imitator/lib/python3.12/site-packages/torch/cuda/__init__.py:61: FutureWarning: The pynvml package is deprecated. Please install nvidia-ml-py instead. If you did not install pynvml directly, please report this to the maintainers of the package that installed pynvml for you.
  import pynvml  # type: ignore[import]
2026-10-08 11:38:49.608280: E external/local_xla/xla/stream_executor/cuda/cuda_fft.cc:467] Unable to register cuFFT factory: Attempting to register factory for plugin cuFFT when one has already been registered
WARNING: All log messages before absl::InitializeLog() is called are written to STDERR
E0000 00:00:1791430729.620342 3391013 cuda_dnn.cc:8579] Unable to register cuDNN factory: Attempting to register factory for plugin cuDNN when one has already been registered
E0000 00:00:1791430729.624426 3391013 cuda_blas.cc:1407] Unable to register cuBLAS factory: Attempting to register factory for plugin cuBLAS when one has already been registered
W0000 00:00:1791430729.636924 3391013 computation_placer.cc:177] computation placer already registered. Please check linkage and avoid linking the same target more than once.
W0000 00:00:1791430729.636971 3391013 computation_placer.cc:177] computation placer already registered. Please check linkage and avoid linking the same target more than once.
W0000 00:00:1791430729.636976 3391013 computation_placer.cc:177] computation placer already registered. Please check linkage and avoid linking the same target more than once.
W0000 00:00:1791430729.636979 3391013 computation_placer.cc:177] computation placer already registered. Please check linkage and avoid linking the same target more than once.
/home/zxc/miniconda3/envs/imitator/lib/python3.12/site-packages/torch/cuda/__init__.py:61: FutureWarning: The pynvml package is deprecated. Please install nvidia-ml-py instead. If you did not install pynvml directly, please report this to the maintainers of the package that installed pynvml for you.
  import pynvml  # type: ignore[import]
2026-10-08 11:38:57.187766: E external/local_xla/xla/stream_executor/cuda/cuda_fft.cc:467] Unable to register cuFFT factory: Attempting to register factory for plugin cuFFT when one has already been registered
WARNING: All log messages before absl::InitializeLog() is called are written to STDERR
E0000 00:00:1791430737.201796 3391101 cuda_dnn.cc:8579] Unable to register cuDNN factory: Attempting to register factory for plugin cuDNN when one has already been registered
E0000 00:00:1791430737.206218 3391101 cuda_blas.cc:1407] Unable to register cuBLAS factory: Attempting to register factory for plugin cuBLAS when one has already been registered
W0000 00:00:1791430737.216265 3391101 computation_placer.cc:177] computation placer already registered. Please check linkage and avoid linking the same target more than once.
W0000 00:00:1791430737.216304 3391101 computation_placer.cc:177] computation placer already registered. Please check linkage and avoid linking the same target more than once.
W0000 00:00:1791430737.216319 3391101 computation_placer.cc:177] computation placer already registered. Please check linkage and avoid linking the same target more than once.
W0000 00:00:1791430737.216322 3391101 computation_placer.cc:177] computation placer already registered. Please check linkage and avoid linking the same target more than once.
/home/zxc/miniconda3/envs/imitator/lib/python3.12/site-packages/torch/cuda/__init__.py:61: FutureWarning: The pynvml package is deprecated. Please install nvidia-ml-py instead. If you did not install pynvml directly, please report this to the maintainers of the package that installed pynvml for you.
  import pynvml  # type: ignore[import]
2026-10-08 11:39:04.734378: E external/local_xla/xla/stream_executor/cuda/cuda_fft.cc:467] Unable to register cuFFT factory: Attempting to register factory for plugin cuFFT when one has already been registered
WARNING: All log messages before absl::InitializeLog() is called are written to STDERR
E0000 00:00:1791430744.749129 3391281 cuda_dnn.cc:8579] Unable to register cuDNN factory: Attempting to register factory for plugin cuDNN when one has already been registered
E0000 00:00:1791430744.753789 3391281 cuda_blas.cc:1407] Unable to register cuBLAS factory: Attempting to register factory for plugin cuBLAS when one has already been registered
W0000 00:00:1791430744.765797 3391281 computation_placer.cc:177] computation placer already registered. Please check linkage and avoid linking the same target more than once.
W0000 00:00:1791430744.765840 3391281 computation_placer.cc:177] computation placer already registered. Please check linkage and avoid linking the same target more than once.
W0000 00:00:1791430744.765844 3391281 computation_placer.cc:177] computation placer already registered. Please check linkage and avoid linking the same target more than once.
W0000 00:00:1791430744.765847 3391281 computation_placer.cc:177] computation placer already registered. Please check linkage and avoid linking the same target more than once.
/home/zxc/miniconda3/envs/imitator/lib/python3.12/site-packages/torch/cuda/__init__.py:61: FutureWarning: The pynvml package is deprecated. Please install nvidia-ml-py instead. If you did not install pynvml directly, please report this to the maintainers of the package that installed pynvml for you.
  import pynvml  # type: ignore[import]
2026-10-08 11:39:12.256597: E external/local_xla/xla/stream_executor/cuda/cuda_fft.cc:467] Unable to register cuFFT factory: Attempting to register factory for plugin cuFFT when one has already been registered
WARNING: All log messages before absl::InitializeLog() is called are written to STDERR
E0000 00:00:1791430752.270187 3391390 cuda_dnn.cc:8579] Unable to register cuDNN factory: Attempting to register factory for plugin cuDNN when one has already been registered
E0000 00:00:1791430752.274824 3391390 cuda_blas.cc:1407] Unable to register cuBLAS factory: Attempting to register factory for plugin cuBLAS when one has already been registered
W0000 00:00:1791430752.288458 3391390 computation_placer.cc:177] computation placer already registered. Please check linkage and avoid linking the same target more than once.
W0000 00:00:1791430752.288522 3391390 computation_placer.cc:177] computation placer already registered. Please check linkage and avoid linking the same target more than once.
W0000 00:00:1791430752.288526 3391390 computation_placer.cc:177] computation placer already registered. Please check linkage and avoid linking the same target more than once.
W0000 00:00:1791430752.288530 3391390 computation_placer.cc:177] computation placer already registered. Please check linkage and avoid linking the same target more than once.
{"step": 1, "samples": 64, "level_sample_counts": {"L0": 22, "L1": 21, "L2": 21}, "elapsed_train_s": 2.539988992997678, "lr": [1.1111111111111112e-07, 1.1111111111111112e-08], "loss": 93.51209259033203, "l1": 0.8297488689422607, "kl": 9.268234252929688, "memory_allocated_GiB": 0.2731194496154785}
{"step": 50, "samples": 3200, "level_sample_counts": {"L0": 1067, "L1": 1067, "L2": 1066}, "elapsed_train_s": 5.909969896019902, "lr": [5.555555555555556e-06, 5.555555555555555e-07], "loss": 85.53191344592037, "l1": 0.6753012002730856, "kl": 8.485661234174456, "memory_allocated_GiB": 0.27367639541625977}
{"step": 100, "samples": 6400, "level_sample_counts": {"L0": 2134, "L1": 2133, "L2": 2133}, "elapsed_train_s": 8.150697806006065, "lr": [1.1111111111111112e-05, 1.111111111111111e-06], "loss": 44.01792556762695, "l1": 0.45125608086586, "kl": 4.356666960716248, "memory_allocated_GiB": 0.27208948135375977}
{"step": 150, "samples": 9600, "level_sample_counts": {"L0": 3200, "L1": 3200, "L2": 3200}, "elapsed_train_s": 10.230223923019366, "lr": [1.6666666666666667e-05, 1.6666666666666667e-06], "loss": 8.147364807128906, "l1": 0.3510004419088364, "kl": 0.7796364390850067, "memory_allocated_GiB": 0.27306604385375977}
{"step": 200, "samples": 12800, "level_sample_counts": {"L0": 4267, "L1": 4267, "L2": 4266}, "elapsed_train_s": 12.296726677013794, "lr": [2.2222222222222223e-05, 2.222222222222222e-06], "loss": 2.9242157459259035, "l1": 0.2721445256471634, "kl": 0.26520712018013, "memory_allocated_GiB": 0.27367639541625977}
{"step": 250, "samples": 16000, "level_sample_counts": {"L0": 5334, "L1": 5333, "L2": 5333}, "elapsed_train_s": 14.365217761020176, "lr": [2.777777777777778e-05, 2.7777777777777783e-06], "loss": 2.0612909412384033, "l1": 0.23566227167844772, "kl": 0.1825628647208214, "memory_allocated_GiB": 0.27208948135375977}
{"step": 300, "samples": 19200, "level_sample_counts": {"L0": 6400, "L1": 6400, "L2": 6400}, "elapsed_train_s": 16.420362889009994, "lr": [3.3333333333333335e-05, 3.3333333333333333e-06], "loss": 1.494775309562683, "l1": 0.21009140491485595, "kl": 0.12846839159727097, "memory_allocated_GiB": 0.27306604385375977}
{"step": 350, "samples": 22400, "level_sample_counts": {"L0": 7467, "L1": 7467, "L2": 7466}, "elapsed_train_s": 18.441337992000626, "lr": [3.888888888888889e-05, 3.88888888888889e-06], "loss": 1.055975911617279, "l1": 0.19008839279413223, "kl": 0.08658875197172165, "memory_allocated_GiB": 0.27367639541625977}
{"step": 400, "samples": 25600, "level_sample_counts": {"L0": 8534, "L1": 8533, "L2": 8533}, "elapsed_train_s": 20.55073792100302, "lr": [4.4444444444444447e-05, 4.444444444444444e-06], "loss": 0.7485869026184082, "l1": 0.1768070724606514, "kl": 0.057177982553839685, "memory_allocated_GiB": 0.27208948135375977}
{"step": 450, "samples": 28800, "level_sample_counts": {"L0": 9600, "L1": 9600, "L2": 9600}, "elapsed_train_s": 22.69203761802055, "lr": [5e-05, 5e-06], "loss": 0.5302855306863785, "l1": 0.16492803424596786, "kl": 0.03653574973344803, "memory_allocated_GiB": 0.27306604385375977}
{"step": 500, "samples": 32000, "level_sample_counts": {"L0": 10667, "L1": 10667, "L2": 10666}, "elapsed_train_s": 24.905309602996567, "lr": [5.555555555555556e-05, 5.555555555555557e-06], "loss": 0.3927606451511383, "l1": 0.15413805782794954, "kl": 0.02386225875467062, "memory_allocated_GiB": 0.27367639541625977}
{"step": 550, "samples": 35200, "level_sample_counts": {"L0": 11734, "L1": 11733, "L2": 11733}, "elapsed_train_s": 27.250287708011456, "lr": [6.111111111111112e-05, 6.111111111111112e-06], "loss": 0.3043484139442444, "l1": 0.14439996480941772, "kl": 0.015994844995439052, "memory_allocated_GiB": 0.27208948135375977}
{"step": 600, "samples": 38400, "level_sample_counts": {"L0": 12800, "L1": 12800, "L2": 12800}, "elapsed_train_s": 29.478950342017924, "lr": [6.666666666666667e-05, 6.666666666666667e-06], "loss": 0.2436782366037369, "l1": 0.13502856016159057, "kl": 0.010864967703819275, "memory_allocated_GiB": 0.27306604385375977}
{"step": 650, "samples": 41600, "level_sample_counts": {"L0": 13867, "L1": 13867, "L2": 13866}, "elapsed_train_s": 31.718950381997274, "lr": [7.222222222222222e-05, 7.222222222222223e-06], "loss": 0.20437751948833466, "l1": 0.12633845463395119, "kl": 0.00780390651896596, "memory_allocated_GiB": 0.27367639541625977}
{"step": 700, "samples": 44800, "level_sample_counts": {"L0": 14934, "L1": 14933, "L2": 14933}, "elapsed_train_s": 34.12959586200304, "lr": [7.777777777777778e-05, 7.77777777777778e-06], "loss": 0.1757434269785881, "l1": 0.11857437953352928, "kl": 0.005716904671862722, "memory_allocated_GiB": 0.27208948135375977}
{"step": 750, "samples": 48000, "level_sample_counts": {"L0": 16000, "L1": 16000, "L2": 16000}, "elapsed_train_s": 36.62688473099843, "lr": [8.333333333333334e-05, 8.333333333333334e-06], "loss": 0.15536274820566176, "l1": 0.11215825259685516, "kl": 0.0043204495590180155, "memory_allocated_GiB": 0.27306604385375977}
{"step": 800, "samples": 51200, "level_sample_counts": {"L0": 17067, "L1": 17067, "L2": 17066}, "elapsed_train_s": 39.094770757015795, "lr": [8.888888888888889e-05, 8.888888888888888e-06], "loss": 0.1410392028093338, "l1": 0.10740321069955826, "kl": 0.0033635990973562, "memory_allocated_GiB": 0.27367639541625977}
{"step": 850, "samples": 54400, "level_sample_counts": {"L0": 18134, "L1": 18133, "L2": 18133}, "elapsed_train_s": 41.56630213902099, "lr": [9.444444444444444e-05, 9.444444444444445e-06], "loss": 0.1284612238407135, "l1": 0.10169838294386864, "kl": 0.0026762840896844865, "memory_allocated_GiB": 0.27208948135375977}
{"step": 900, "samples": 57600, "level_sample_counts": {"L0": 19200, "L1": 19200, "L2": 19200}, "elapsed_train_s": 44.062131639017025, "lr": [0.0001, 1e-05], "loss": 0.1202321021258831, "l1": 0.09815544560551644, "kl": 0.0022076656110584735, "memory_allocated_GiB": 0.27306604385375977}
{"step": 950, "samples": 60800, "level_sample_counts": {"L0": 20267, "L1": 20267, "L2": 20266}, "elapsed_train_s": 46.49369023201871, "lr": [9.999789047591562e-05, 9.999789047591563e-06], "loss": 0.11178592011332512, "l1": 0.09322941556572914, "kl": 0.001855650432407856, "memory_allocated_GiB": 0.27367639541625977}
{"step": 1000, "samples": 64000, "level_sample_counts": {"L0": 21334, "L1": 21333, "L2": 21333}, "elapsed_train_s": 48.897332880995236, "lr": [9.999156208166614e-05, 9.999156208166614e-06], "loss": 0.1065418216586113, "l1": 0.09063572347164155, "kl": 0.001590609820559621, "memory_allocated_GiB": 0.27208948135375977}
{"step": 1050, "samples": 67200, "level_sample_counts": {"L0": 22400, "L1": 22400, "L2": 22400}, "elapsed_train_s": 51.31872533701244, "lr": [9.998101535124758e-05, 9.998101535124758e-06], "loss": 0.10161359906196595, "l1": 0.087609843313694, "kl": 0.001400375571101904, "memory_allocated_GiB": 0.27306604385375977}
{"step": 1100, "samples": 70400, "level_sample_counts": {"L0": 23467, "L1": 23467, "L2": 23466}, "elapsed_train_s": 53.818814391997876, "lr": [9.996625117460318e-05, 9.996625117460319e-06], "loss": 0.09651395246386528, "l1": 0.08391335487365723, "kl": 0.0012600597366690636, "memory_allocated_GiB": 0.27367639541625977}
{"step": 1150, "samples": 73600, "level_sample_counts": {"L0": 24534, "L1": 24533, "L2": 24533}, "elapsed_train_s": 56.24590592100867, "lr": [9.994727079754844e-05, 9.994727079754845e-06], "loss": 0.09359348461031913, "l1": 0.08234171867370606, "kl": 0.0011251765955239534, "memory_allocated_GiB": 0.27208948135375977}
{"step": 1200, "samples": 76800, "level_sample_counts": {"L0": 25600, "L1": 25600, "L2": 25600}, "elapsed_train_s": 58.70081861401559, "lr": [9.992407582166581e-05, 9.992407582166582e-06], "loss": 0.09184332683682442, "l1": 0.08159373626112938, "kl": 0.0010249590966850519, "memory_allocated_GiB": 0.27306604385375977}
{"step": 1250, "samples": 80000, "level_sample_counts": {"L0": 26667, "L1": 26667, "L2": 26666}, "elapsed_train_s": 61.10922178599867, "lr": [9.989666820416974e-05, 9.989666820416974e-06], "loss": 0.08871526882052422, "l1": 0.07881673485040665, "kl": 0.0009898533672094345, "memory_allocated_GiB": 0.27367639541625977}
{"step": 1300, "samples": 83200, "level_sample_counts": {"L0": 27734, "L1": 27733, "L2": 27733}, "elapsed_train_s": 63.5846369730134, "lr": [9.986505025774138e-05, 9.986505025774137e-06], "loss": 0.08491851925849915, "l1": 0.07663005411624908, "kl": 0.0008288465812802315, "memory_allocated_GiB": 0.27208948135375977}
{"step": 1350, "samples": 86400, "level_sample_counts": {"L0": 28800, "L1": 28800, "L2": 28800}, "elapsed_train_s": 65.9995945970004, "lr": [9.98292246503335e-05, 9.98292246503335e-06], "loss": 0.08315639600157737, "l1": 0.07556485995650292, "kl": 0.0007591535896062851, "memory_allocated_GiB": 0.27306604385375977}
{"step": 1400, "samples": 89600, "level_sample_counts": {"L0": 29867, "L1": 29867, "L2": 29866}, "elapsed_train_s": 68.42428892900352, "lr": [9.978919440494539e-05, 9.978919440494538e-06], "loss": 0.08145315796136857, "l1": 0.07350468784570693, "kl": 0.0007948470860719681, "memory_allocated_GiB": 0.27367639541625977}
{"step": 1450, "samples": 92800, "level_sample_counts": {"L0": 30934, "L1": 30933, "L2": 30933}, "elapsed_train_s": 70.91030414201668, "lr": [9.974496289936769e-05, 9.974496289936769e-06], "loss": 0.07770338177680969, "l1": 0.07113210782408715, "kl": 0.0006571273878216744, "memory_allocated_GiB": 0.27208948135375977}
{"step": 1500, "samples": 96000, "level_sample_counts": {"L0": 32000, "L1": 32000, "L2": 32000}, "elapsed_train_s": 73.37212827600888, "lr": [9.969653386589748e-05, 9.969653386589749e-06], "loss": 0.07724270552396774, "l1": 0.0711328148841858, "kl": 0.0006109890900552273, "memory_allocated_GiB": 0.27306604385375977}
{"step": 1550, "samples": 99200, "level_sample_counts": {"L0": 33067, "L1": 33067, "L2": 33066}, "elapsed_train_s": 75.88470867500291, "lr": [9.964391139102325e-05, 9.964391139102325e-06], "loss": 0.0751770430803299, "l1": 0.06907502397894859, "kl": 0.0006102019175887107, "memory_allocated_GiB": 0.27367639541625977}
{"step": 1600, "samples": 102400, "level_sample_counts": {"L0": 34134, "L1": 34133, "L2": 34133}, "elapsed_train_s": 78.37729269900592, "lr": [9.958709991508012e-05, 9.958709991508013e-06], "loss": 0.07394799083471298, "l1": 0.06820132061839104, "kl": 0.0005746669508516788, "memory_allocated_GiB": 0.27208948135375977}
{"step": 1650, "samples": 105600, "level_sample_counts": {"L0": 35200, "L1": 35200, "L2": 35200}, "elapsed_train_s": 80.81725442101015, "lr": [9.952610423187516e-05, 9.952610423187516e-06], "loss": 0.07275112882256508, "l1": 0.06613494202494621, "kl": 0.000661618672311306, "memory_allocated_GiB": 0.27306604385375977}
{"step": 1700, "samples": 108800, "level_sample_counts": {"L0": 36267, "L1": 36267, "L2": 36266}, "elapsed_train_s": 83.2812164130155, "lr": [9.946092948828289e-05, 9.94609294882829e-06], "loss": 0.07069119483232499, "l1": 0.06465706959366799, "kl": 0.0006034124922007322, "memory_allocated_GiB": 0.27367639541625977}
{"step": 1750, "samples": 112000, "level_sample_counts": {"L0": 37334, "L1": 37333, "L2": 37333}, "elapsed_train_s": 85.73856222201721, "lr": [9.939158118381098e-05, 9.939158118381097e-06], "loss": 0.07034527540206909, "l1": 0.06552904792129993, "kl": 0.00048162273131310937, "memory_allocated_GiB": 0.27208948135375977}
{"step": 1800, "samples": 115200, "level_sample_counts": {"L0": 38400, "L1": 38400, "L2": 38400}, "elapsed_train_s": 88.20003871701192, "lr": [9.931806517013612e-05, 9.931806517013612e-06], "loss": 0.06841304540634155, "l1": 0.06390072800219058, "kl": 0.00045123170129954813, "memory_allocated_GiB": 0.27306604385375977}
DEVELOPMENT {"L0": {"step": 1800, "summary": {"success_once": {"mean": 0.85, "std": 0.3570714214271425}, "return": {"mean": 389.9327697753906, "std": 11.972505569458008}, "episode_len": {"mean": 500.0, "std": 0.0}, "reward": {"mean": 0.7798655212402342, "std": 0.02394501013880795}, "last_reward": {"mean": 0.9861660391092301, "std": 0.03297118387371165}, "success_at_end": {"mean": 0.8, "std": 0.4}}, "stages": {"is_grasped": 20, "is_mug_above_table": 20, "is_mug_contact_rack": 20, "is_obj_placed": 20, "success": 17}}, "L1": {"step": 1800, "summary": {"success_once": {"mean": 0.85, "std": 0.3570714214271425}, "return": {"mean": 373.299072265625, "std": 10.359953880310059}, "episode_len": {"mean": 500.0, "std": 0.0}, "reward": {"mean": 0.7465981140136719, "std": 0.02071990917089112}, "last_reward": {"mean": 0.9851561576128006, "std": 0.03534289964764383}, "success_at_end": {"mean": 0.65, "std": 0.4769696007084729}}, "stages": {"is_grasped": 20, "is_mug_above_table": 20, "is_mug_contact_rack": 20, "is_obj_placed": 19, "success": 17}}, "L2": {"step": 1800, "summary": {"success_once": {"mean": 0.0, "std": 0.0}, "return": {"mean": 145.4043731689453, "std": 146.6241912841797}, "episode_len": {"mean": 500.0, "std": 0.0}, "reward": {"mean": 0.29080875067114836, "std": 0.29324838591570324}, "last_reward": {"mean": 0.33028940930962564, "std": 0.3342712220970249}, "success_at_end": {"mean": 0.0, "std": 0.0}}, "stages": {"is_grasped": 10, "is_mug_above_table": 1, "is_mug_contact_rack": 1, "is_obj_placed": 1, "success": 0}}}
{"step": 1850, "samples": 118400, "level_sample_counts": {"L0": 39467, "L1": 39467, "L2": 39466}, "elapsed_train_s": 397.85635850200197, "lr": [9.924038765061042e-05, 9.924038765061042e-06], "loss": 0.0668591821193695, "l1": 0.06219391822814942, "kl": 0.00046652641147375105, "memory_allocated_GiB": 0.27367639541625977}
{"step": 1900, "samples": 121600, "level_sample_counts": {"L0": 40534, "L1": 40533, "L2": 40533}, "elapsed_train_s": 401.48249518399825, "lr": [9.915855517973776e-05, 9.915855517973776e-06], "loss": 0.06609631292521953, "l1": 0.06113408036530018, "kl": 0.0004962232895195484, "memory_allocated_GiB": 0.27208948135375977}
{"step": 1950, "samples": 124800, "level_sample_counts": {"L0": 41600, "L1": 41600, "L2": 41600}, "elapsed_train_s": 405.05436780600576, "lr": [9.90725746626209e-05, 9.90725746626209e-06], "loss": 0.06570089779794216, "l1": 0.061347853615880014, "kl": 0.0004353044740855694, "memory_allocated_GiB": 0.27306604385375977}
{"step": 2000, "samples": 128000, "level_sample_counts": {"L0": 42667, "L1": 42667, "L2": 42666}, "elapsed_train_s": 408.6323041600117, "lr": [9.89824533543787e-05, 9.89824533543787e-06], "loss": 0.06497998952865601, "l1": 0.06050417497754097, "kl": 0.000447581447660923, "memory_allocated_GiB": 0.27367639541625977}
{"step": 2050, "samples": 131200, "level_sample_counts": {"L0": 43734, "L1": 43733, "L2": 43733}, "elapsed_train_s": 412.2515726709971, "lr": [9.888819885953398e-05, 9.888819885953398e-06], "loss": 0.06333815440535545, "l1": 0.05941563546657562, "kl": 0.00039225189946591856, "memory_allocated_GiB": 0.27208948135375977}
{"step": 2100, "samples": 134400, "level_sample_counts": {"L0": 44800, "L1": 44800, "L2": 44800}, "elapsed_train_s": 415.9245961520064, "lr": [9.878981913137179e-05, 9.878981913137178e-06], "loss": 0.06162192866206169, "l1": 0.05778416119515896, "kl": 0.00038377673365175724, "memory_allocated_GiB": 0.27306604385375977}
{"step": 2150, "samples": 137600, "level_sample_counts": {"L0": 45867, "L1": 45867, "L2": 45866}, "elapsed_train_s": 419.5268870650034, "lr": [9.86873224712684e-05, 9.86873224712684e-06], "loss": 0.06246750071644783, "l1": 0.05823745004832745, "kl": 0.00042300503700971604, "memory_allocated_GiB": 0.27367639541625977}
{"step": 2200, "samples": 140800, "level_sample_counts": {"L0": 46934, "L1": 46933, "L2": 46933}, "elapsed_train_s": 422.98101153899916, "lr": [9.85807175279907e-05, 9.85807175279907e-06], "loss": 0.06054465733468532, "l1": 0.056420235186815264, "kl": 0.0004124421812593937, "memory_allocated_GiB": 0.27208948135375977}
{"step": 2250, "samples": 144000, "level_sample_counts": {"L0": 48000, "L1": 48000, "L2": 48000}, "elapsed_train_s": 426.60824910900556, "lr": [9.847001329696653e-05, 9.847001329696653e-06], "loss": 0.06010052941739559, "l1": 0.056495977863669396, "kl": 0.00036045516841113565, "memory_allocated_GiB": 0.27306604385375977}
{"step": 2300, "samples": 147200, "level_sample_counts": {"L0": 49067, "L1": 49067, "L2": 49066}, "elapsed_train_s": 430.2200788689952, "lr": [9.835521911952555e-05, 9.835521911952554e-06], "loss": 0.05945457592606544, "l1": 0.055877240151166914, "kl": 0.00035773360170423987, "memory_allocated_GiB": 0.27367639541625977}
{"step": 2350, "samples": 150400, "level_sample_counts": {"L0": 50134, "L1": 50133, "L2": 50133}, "elapsed_train_s": 433.79009804400266, "lr": [9.823634468211103e-05, 9.823634468211102e-06], "loss": 0.058239257037639616, "l1": 0.05476661264896393, "kl": 0.00034726446494460106, "memory_allocated_GiB": 0.27208948135375977}
{"step": 2400, "samples": 153600, "level_sample_counts": {"L0": 51200, "L1": 51200, "L2": 51200}, "elapsed_train_s": 437.46906406700145, "lr": [9.811340001546251e-05, 9.811340001546252e-06], "loss": 0.05757845416665077, "l1": 0.053554526939988134, "kl": 0.0004023927263915539, "memory_allocated_GiB": 0.27306604385375977}
{"step": 2450, "samples": 156800, "level_sample_counts": {"L0": 52267, "L1": 52267, "L2": 52266}, "elapsed_train_s": 440.9793246090121, "lr": [9.798639549376945e-05, 9.798639549376946e-06], "loss": 0.058069337755441666, "l1": 0.054317363947629926, "kl": 0.00037519739009439946, "memory_allocated_GiB": 0.27367639541625977}
{"step": 2500, "samples": 160000, "level_sample_counts": {"L0": 53334, "L1": 53333, "L2": 53333}, "elapsed_train_s": 444.62164123001276, "lr": [9.785534183379572e-05, 9.785534183379571e-06], "loss": 0.0565700875967741, "l1": 0.0527198376506567, "kl": 0.00038502496667206285, "memory_allocated_GiB": 0.27208948135375977}
{"step": 2550, "samples": 163200, "level_sample_counts": {"L0": 54400, "L1": 54400, "L2": 54400}, "elapsed_train_s": 448.34852312199655, "lr": [9.772025009397537e-05, 9.772025009397538e-06], "loss": 0.056332149729132655, "l1": 0.05269250363111496, "kl": 0.00036396462470293043, "memory_allocated_GiB": 0.27306604385375977}
{"step": 2600, "samples": 166400, "level_sample_counts": {"L0": 55467, "L1": 55467, "L2": 55466}, "elapsed_train_s": 452.0118970659969, "lr": [9.75811316734796e-05, 9.75811316734796e-06], "loss": 0.05557715013623238, "l1": 0.0526599595695734, "kl": 0.00029171905480325223, "memory_allocated_GiB": 0.27367639541625977}
{"step": 2650, "samples": 169600, "level_sample_counts": {"L0": 56534, "L1": 56533, "L2": 56533}, "elapsed_train_s": 455.7325115459971, "lr": [9.743799831125472e-05, 9.743799831125472e-06], "loss": 0.05448090478777885, "l1": 0.0514892865717411, "kl": 0.00029916181229054927, "memory_allocated_GiB": 0.27208948135375977}
{"step": 2700, "samples": 172800, "level_sample_counts": {"L0": 57600, "L1": 57600, "L2": 57600}, "elapsed_train_s": 459.40021826399607, "lr": [9.729086208503174e-05, 9.729086208503174e-06], "loss": 0.053847960755229, "l1": 0.05066941522061825, "kl": 0.00031785455532371996, "memory_allocated_GiB": 0.27306604385375977}
{"step": 2750, "samples": 176000, "level_sample_counts": {"L0": 58667, "L1": 58667, "L2": 58666}, "elapsed_train_s": 463.0452058320225, "lr": [9.713973541030716e-05, 9.713973541030716e-06], "loss": 0.05531080476939678, "l1": 0.052031978219747546, "kl": 0.00032788265496492387, "memory_allocated_GiB": 0.27367639541625977}
{"step": 2800, "samples": 179200, "level_sample_counts": {"L0": 59734, "L1": 59733, "L2": 59733}, "elapsed_train_s": 466.4899555480224, "lr": [9.698463103929542e-05, 9.698463103929542e-06], "loss": 0.052398336678743364, "l1": 0.049434253573417665, "kl": 0.00029640831984579564, "memory_allocated_GiB": 0.27208948135375977}
{"step": 2850, "samples": 182400, "level_sample_counts": {"L0": 60800, "L1": 60800, "L2": 60800}, "elapsed_train_s": 470.1901363340148, "lr": [9.682556205985274e-05, 9.682556205985274e-06], "loss": 0.052445302978158, "l1": 0.04954801507294178, "kl": 0.00028972877189517023, "memory_allocated_GiB": 0.27306604385375977}
{"step": 2900, "samples": 185600, "level_sample_counts": {"L0": 61867, "L1": 61867, "L2": 61866}, "elapsed_train_s": 473.8303932380222, "lr": [9.666254189437286e-05, 9.666254189437286e-06], "loss": 0.051730775386095044, "l1": 0.04878785096108913, "kl": 0.0002942924480885267, "memory_allocated_GiB": 0.27367639541625977}
{"step": 2950, "samples": 188800, "level_sample_counts": {"L0": 62934, "L1": 62933, "L2": 62933}, "elapsed_train_s": 477.3538916030084, "lr": [9.64955842986544e-05, 9.64955842986544e-06], "loss": 0.051544046998023986, "l1": 0.04867571376264095, "kl": 0.0002868333272635937, "memory_allocated_GiB": 0.27208948135375977}
{"step": 3000, "samples": 192000, "level_sample_counts": {"L0": 64000, "L1": 64000, "L2": 64000}, "elapsed_train_s": 480.9459181489947, "lr": [9.632470336074009e-05, 9.632470336074009e-06], "loss": 0.051531365364789965, "l1": 0.04882411733269691, "kl": 0.0002707247994840145, "memory_allocated_GiB": 0.27306604385375977}
{"step": 3050, "samples": 195200, "level_sample_counts": {"L0": 65067, "L1": 65067, "L2": 65066}, "elapsed_train_s": 484.5103947900061, "lr": [9.614991349972815e-05, 9.614991349972815e-06], "loss": 0.049987538382411004, "l1": 0.047232482209801675, "kl": 0.0002755056321620941, "memory_allocated_GiB": 0.27367639541625977}
{"step": 3100, "samples": 198400, "level_sample_counts": {"L0": 66134, "L1": 66133, "L2": 66133}, "elapsed_train_s": 488.185637039016, "lr": [9.59712294645554e-05, 9.597122946455539e-06], "loss": 0.05034001871943474, "l1": 0.047130294144153595, "kl": 0.00032097247429192067, "memory_allocated_GiB": 0.27208948135375977}
{"step": 3150, "samples": 201600, "level_sample_counts": {"L0": 67200, "L1": 67200, "L2": 67200}, "elapsed_train_s": 491.75544704301865, "lr": [9.578866633275288e-05, 9.578866633275289e-06], "loss": 0.04939065612852574, "l1": 0.04654128514230251, "kl": 0.0002849370799958706, "memory_allocated_GiB": 0.27306604385375977}
{"step": 3200, "samples": 204800, "level_sample_counts": {"L0": 68267, "L1": 68267, "L2": 68266}, "elapsed_train_s": 495.53085216201725, "lr": [9.560223950917353e-05, 9.560223950917354e-06], "loss": 0.049308466985821725, "l1": 0.046872990503907204, "kl": 0.00024354762397706508, "memory_allocated_GiB": 0.27367639541625977}
{"step": 3250, "samples": 208000, "level_sample_counts": {"L0": 69334, "L1": 69333, "L2": 69333}, "elapsed_train_s": 499.18913164301193, "lr": [9.541196472469233e-05, 9.541196472469234e-06], "loss": 0.04882316291332245, "l1": 0.04630894817411899, "kl": 0.0002514214348047972, "memory_allocated_GiB": 0.27208948135375977}
{"step": 3300, "samples": 211200, "level_sample_counts": {"L0": 70400, "L1": 70400, "L2": 70400}, "elapsed_train_s": 502.797675867012, "lr": [9.521785803487889e-05, 9.521785803487888e-06], "loss": 0.04844247937202453, "l1": 0.04590912334620953, "kl": 0.0002533355820924044, "memory_allocated_GiB": 0.27306604385375977}
{"step": 3350, "samples": 214400, "level_sample_counts": {"L0": 71467, "L1": 71467, "L2": 71466}, "elapsed_train_s": 506.31777276602224, "lr": [9.501993581864268e-05, 9.501993581864268e-06], "loss": 0.04813945628702641, "l1": 0.045668030232191084, "kl": 0.0002471425943076611, "memory_allocated_GiB": 0.27367639541625977}
{"step": 3400, "samples": 217600, "level_sample_counts": {"L0": 72534, "L1": 72533, "L2": 72533}, "elapsed_train_s": 509.9329846010078, "lr": [9.481821477685101e-05, 9.481821477685102e-06], "loss": 0.048299142941832546, "l1": 0.04587330788373947, "kl": 0.00024258352816104888, "memory_allocated_GiB": 0.27208948135375977}
{"step": 3450, "samples": 220800, "level_sample_counts": {"L0": 73600, "L1": 73600, "L2": 73600}, "elapsed_train_s": 513.4765973600151, "lr": [9.46127119309197e-05, 9.461271193091971e-06], "loss": 0.04730973564088345, "l1": 0.044721881598234176, "kl": 0.000258785393089056, "memory_allocated_GiB": 0.27306604385375977}
{"step": 3500, "samples": 224000, "level_sample_counts": {"L0": 74667, "L1": 74667, "L2": 74666}, "elapsed_train_s": 517.0325577720068, "lr": [9.440344462137689e-05, 9.44034446213769e-06], "loss": 0.04641897700726986, "l1": 0.044295394271612165, "kl": 0.0002123582735657692, "memory_allocated_GiB": 0.27367639541625977}
{"step": 3550, "samples": 227200, "level_sample_counts": {"L0": 75734, "L1": 75733, "L2": 75733}, "elapsed_train_s": 519.1836841269978, "lr": [9.419043050639973e-05, 9.419043050639973e-06], "loss": 0.04647671438753605, "l1": 0.04439145497977734, "kl": 0.00020852597430348396, "memory_allocated_GiB": 0.27208948135375977}
{"step": 3600, "samples": 230400, "level_sample_counts": {"L0": 76800, "L1": 76800, "L2": 76800}, "elapsed_train_s": 521.2921445459942, "lr": [9.397368756032445e-05, 9.397368756032445e-06], "loss": 0.04577159360051155, "l1": 0.04366719670593738, "kl": 0.00021043969318270683, "memory_allocated_GiB": 0.27306604385375977}
{"step": 3650, "samples": 233600, "level_sample_counts": {"L0": 77867, "L1": 77867, "L2": 77866}, "elapsed_train_s": 523.3982536700205, "lr": [9.375323407212969e-05, 9.37532340721297e-06], "loss": 0.04534149274230003, "l1": 0.04309524275362492, "kl": 0.00022462496533989906, "memory_allocated_GiB": 0.27367639541625977}
{"step": 3700, "samples": 236800, "level_sample_counts": {"L0": 78934, "L1": 78933, "L2": 78933}, "elapsed_train_s": 525.4943548160081, "lr": [9.352908864389312e-05, 9.352908864389313e-06], "loss": 0.044649546295404435, "l1": 0.0426361957937479, "kl": 0.00020133507438004018, "memory_allocated_GiB": 0.27208948135375977}
{"step": 3750, "samples": 240000, "level_sample_counts": {"L0": 80000, "L1": 80000, "L2": 80000}, "elapsed_train_s": 527.6916717110144, "lr": [9.330127018922194e-05, 9.330127018922195e-06], "loss": 0.044734281226992606, "l1": 0.04258322648704052, "kl": 0.0002151054423302412, "memory_allocated_GiB": 0.27306604385375977}
{"step": 3800, "samples": 243200, "level_sample_counts": {"L0": 81067, "L1": 81067, "L2": 81066}, "elapsed_train_s": 529.8270398860041, "lr": [9.306979793165681e-05, 9.306979793165682e-06], "loss": 0.04461008958518505, "l1": 0.04230858713388443, "kl": 0.00023015023209154605, "memory_allocated_GiB": 0.27367639541625977}
{"step": 3850, "samples": 246400, "level_sample_counts": {"L0": 82134, "L1": 82133, "L2": 82133}, "elapsed_train_s": 532.050996977021, "lr": [9.283469140304983e-05, 9.283469140304982e-06], "loss": 0.044598605185747146, "l1": 0.04230860397219658, "kl": 0.00022900016978383064, "memory_allocated_GiB": 0.27208948135375977}
{"step": 3900, "samples": 249600, "level_sample_counts": {"L0": 83200, "L1": 83200, "L2": 83200}, "elapsed_train_s": 534.251060028997, "lr": [9.259597044191636e-05, 9.259597044191635e-06], "loss": 0.04424680307507515, "l1": 0.04230517469346523, "kl": 0.00019416281953454017, "memory_allocated_GiB": 0.27306604385375977}
{"step": 3950, "samples": 252800, "level_sample_counts": {"L0": 84267, "L1": 84267, "L2": 84266}, "elapsed_train_s": 536.4335398749972, "lr": [9.23536551917611e-05, 9.23536551917611e-06], "loss": 0.044140247404575346, "l1": 0.042001901492476464, "kl": 0.0002138345967978239, "memory_allocated_GiB": 0.27367639541625977}
{"step": 4000, "samples": 256000, "level_sample_counts": {"L0": 85334, "L1": 85333, "L2": 85333}, "elapsed_train_s": 538.6271268980054, "lr": [9.210776609937829e-05, 9.21077660993783e-06], "loss": 0.04304340049624443, "l1": 0.0409896220266819, "kl": 0.00020537782460451127, "memory_allocated_GiB": 0.27208948135375977}
{"step": 4050, "samples": 259200, "level_sample_counts": {"L0": 86400, "L1": 86400, "L2": 86400}, "elapsed_train_s": 540.8349483089987, "lr": [9.185832391312644e-05, 9.185832391312644e-06], "loss": 0.04333877764642238, "l1": 0.041121467649936676, "kl": 0.00022173099219799041, "memory_allocated_GiB": 0.27306604385375977}
{"step": 4100, "samples": 262400, "level_sample_counts": {"L0": 87467, "L1": 87467, "L2": 87466}, "elapsed_train_s": 543.2840460900043, "lr": [9.160534968117752e-05, 9.160534968117752e-06], "loss": 0.042878998667001726, "l1": 0.040593426674604416, "kl": 0.00022855721414089203, "memory_allocated_GiB": 0.27367639541625977}
{"step": 4150, "samples": 265600, "level_sample_counts": {"L0": 88534, "L1": 88533, "L2": 88533}, "elapsed_train_s": 545.7413722299971, "lr": [9.134886474974091e-05, 9.134886474974092e-06], "loss": 0.04251602053642273, "l1": 0.040469764843583104, "kl": 0.00020462557673454285, "memory_allocated_GiB": 0.27208948135375977}
{"step": 4200, "samples": 268800, "level_sample_counts": {"L0": 89600, "L1": 89600, "L2": 89600}, "elapsed_train_s": 548.1792583850038, "lr": [9.108889076126226e-05, 9.108889076126226e-06], "loss": 0.04186283104121685, "l1": 0.039644884094595906, "kl": 0.0002217946946620941, "memory_allocated_GiB": 0.27306604385375977}
{"step": 4250, "samples": 272000, "level_sample_counts": {"L0": 90667, "L1": 90667, "L2": 90666}, "elapsed_train_s": 550.6237151609967, "lr": [9.082544965259715e-05, 9.082544965259716e-06], "loss": 0.04186496056616306, "l1": 0.039693255573511124, "kl": 0.00021717050112783908, "memory_allocated_GiB": 0.27367639541625977}
{"step": 4300, "samples": 275200, "level_sample_counts": {"L0": 91734, "L1": 91733, "L2": 91733}, "elapsed_train_s": 553.1086682250025, "lr": [9.055856365316011e-05, 9.055856365316012e-06], "loss": 0.0420066088438034, "l1": 0.04007666423916817, "kl": 0.0001929944474250078, "memory_allocated_GiB": 0.27208948135375977}
{"step": 4350, "samples": 278400, "level_sample_counts": {"L0": 92800, "L1": 92800, "L2": 92800}, "elapsed_train_s": 555.5824406839965, "lr": [9.028825528304892e-05, 9.028825528304892e-06], "loss": 0.04138805963099003, "l1": 0.039603243172168734, "kl": 0.00017848163843154908, "memory_allocated_GiB": 0.27306604385375977}
{"step": 4400, "samples": 281600, "level_sample_counts": {"L0": 93867, "L1": 93867, "L2": 93866}, "elapsed_train_s": 558.0836853370129, "lr": [9.001454735114421e-05, 9.00145473511442e-06], "loss": 0.04205897629261017, "l1": 0.04024596601724625, "kl": 0.00018130100332200527, "memory_allocated_GiB": 0.27367639541625977}
{"step": 4450, "samples": 284800, "level_sample_counts": {"L0": 94934, "L1": 94933, "L2": 94933}, "elapsed_train_s": 560.5409161870193, "lr": [8.9737462953185e-05, 8.973746295318499e-06], "loss": 0.04085337169468403, "l1": 0.03914511278271675, "kl": 0.00017082588747143745, "memory_allocated_GiB": 0.27208948135375977}
{"step": 4500, "samples": 288000, "level_sample_counts": {"L0": 96000, "L1": 96000, "L2": 96000}, "elapsed_train_s": 563.0123429090017, "lr": [8.945702546981969e-05, 8.94570254698197e-06], "loss": 0.040955989211797716, "l1": 0.039247533082962034, "kl": 0.00017084564082324504, "memory_allocated_GiB": 0.27306604385375977}
{"step": 4550, "samples": 291200, "level_sample_counts": {"L0": 97067, "L1": 97067, "L2": 97066}, "elapsed_train_s": 565.4574171139975, "lr": [8.917325856463331e-05, 8.917325856463331e-06], "loss": 0.04165992945432663, "l1": 0.03979356251657009, "kl": 0.0001866366993635893, "memory_allocated_GiB": 0.27367639541625977}
{"step": 4600, "samples": 294400, "level_sample_counts": {"L0": 98134, "L1": 98133, "L2": 98133}, "elapsed_train_s": 567.9769175840192, "lr": [8.88861861821507e-05, 8.88861861821507e-06], "loss": 0.040013796836137774, "l1": 0.038293974697589876, "kl": 0.0001719821896404028, "memory_allocated_GiB": 0.27208948135375977}
{"step": 4650, "samples": 297600, "level_sample_counts": {"L0": 99200, "L1": 99200, "L2": 99200}, "elapsed_train_s": 570.4431897220202, "lr": [8.859583254581605e-05, 8.859583254581604e-06], "loss": 0.04026186197996139, "l1": 0.038350588604807855, "kl": 0.0001911273505538702, "memory_allocated_GiB": 0.27306604385375977}
{"step": 4700, "samples": 300800, "level_sample_counts": {"L0": 100267, "L1": 100267, "L2": 100266}, "elapsed_train_s": 572.880604378006, "lr": [8.83022221559489e-05, 8.83022221559489e-06], "loss": 0.0392255499958992, "l1": 0.03722771249711514, "kl": 0.00019978374242782593, "memory_allocated_GiB": 0.27367639541625977}
{"step": 4750, "samples": 304000, "level_sample_counts": {"L0": 101334, "L1": 101333, "L2": 101333}, "elapsed_train_s": 575.3103542330209, "lr": [8.800537978767682e-05, 8.800537978767683e-06], "loss": 0.04018962390720844, "l1": 0.03828942336142063, "kl": 0.00019002003595232963, "memory_allocated_GiB": 0.27208948135375977}
{"step": 4800, "samples": 307200, "level_sample_counts": {"L0": 102400, "L1": 102400, "L2": 102400}, "elapsed_train_s": 577.767877633014, "lr": [8.770533048884482e-05, 8.770533048884483e-06], "loss": 0.03913952209055424, "l1": 0.03726117633283138, "kl": 0.0001878345850855112, "memory_allocated_GiB": 0.27306604385375977}
{"step": 4850, "samples": 310400, "level_sample_counts": {"L0": 103467, "L1": 103467, "L2": 103466}, "elapsed_train_s": 580.2224324760027, "lr": [8.740209957790178e-05, 8.740209957790179e-06], "loss": 0.039125028401613235, "l1": 0.03709942042827606, "kl": 0.00020256079733371735, "memory_allocated_GiB": 0.27367639541625977}
{"step": 4900, "samples": 313600, "level_sample_counts": {"L0": 104534, "L1": 104533, "L2": 104533}, "elapsed_train_s": 582.7141234110168, "lr": [8.709571264176409e-05, 8.709571264176408e-06], "loss": 0.03943599216639995, "l1": 0.03752862095832825, "kl": 0.00019073714502155782, "memory_allocated_GiB": 0.27208948135375977}
{"step": 4950, "samples": 316800, "level_sample_counts": {"L0": 105600, "L1": 105600, "L2": 105600}, "elapsed_train_s": 585.2396200840012, "lr": [8.678619553365659e-05, 8.67861955336566e-06], "loss": 0.03870460413396359, "l1": 0.03679710365831852, "kl": 0.00019075006246566773, "memory_allocated_GiB": 0.27306604385375977}
{"step": 5000, "samples": 320000, "level_sample_counts": {"L0": 106667, "L1": 106667, "L2": 106666}, "elapsed_train_s": 587.7378032310226, "lr": [8.647357437093105e-05, 8.647357437093104e-06], "loss": 0.03913175046443939, "l1": 0.03698648303747177, "kl": 0.00021452673710882663, "memory_allocated_GiB": 0.27367639541625977}
{"step": 5050, "samples": 323200, "level_sample_counts": {"L0": 107734, "L1": 107733, "L2": 107733}, "elapsed_train_s": 590.2088413030142, "lr": [8.615787553286234e-05, 8.615787553286235e-06], "loss": 0.03864359937608242, "l1": 0.03674886524677277, "kl": 0.00018947340548038482, "memory_allocated_GiB": 0.27208948135375977}
{"step": 5100, "samples": 326400, "level_sample_counts": {"L0": 108800, "L1": 108800, "L2": 108800}, "elapsed_train_s": 592.6982641210197, "lr": [8.583912565842257e-05, 8.583912565842258e-06], "loss": 0.03866132326424122, "l1": 0.036953602209687235, "kl": 0.00017077211290597916, "memory_allocated_GiB": 0.27306604385375977}
{"step": 5150, "samples": 329600, "level_sample_counts": {"L0": 109867, "L1": 109867, "L2": 109866}, "elapsed_train_s": 595.1780010820075, "lr": [8.55173516440332e-05, 8.55173516440332e-06], "loss": 0.038202076852321624, "l1": 0.03660069763660431, "kl": 0.00016013788990676403, "memory_allocated_GiB": 0.27367639541625977}
{"step": 5200, "samples": 332800, "level_sample_counts": {"L0": 110934, "L1": 110933, "L2": 110933}, "elapsed_train_s": 597.6787310260115, "lr": [8.519258064129558e-05, 8.519258064129559e-06], "loss": 0.03719403505325317, "l1": 0.0351085289567709, "kl": 0.00020855060778558255, "memory_allocated_GiB": 0.27208948135375977}
{"step": 5250, "samples": 336000, "level_sample_counts": {"L0": 112000, "L1": 112000, "L2": 112000}, "elapsed_train_s": 600.1777701620013, "lr": [8.486484005469977e-05, 8.486484005469977e-06], "loss": 0.037471998557448385, "l1": 0.035713062509894374, "kl": 0.0001758935861289501, "memory_allocated_GiB": 0.27306604385375977}
{"step": 5300, "samples": 339200, "level_sample_counts": {"L0": 113067, "L1": 113067, "L2": 113066}, "elapsed_train_s": 602.6816860719991, "lr": [8.453415753931222e-05, 8.453415753931223e-06], "loss": 0.03781851775944233, "l1": 0.03616255305707455, "kl": 0.0001655964832752943, "memory_allocated_GiB": 0.27367639541625977}
{"step": 5350, "samples": 342400, "level_sample_counts": {"L0": 114134, "L1": 114133, "L2": 114133}, "elapsed_train_s": 605.0747144549969, "lr": [8.420056099844216e-05, 8.420056099844216e-06], "loss": 0.03740740843117237, "l1": 0.035984330251812933, "kl": 0.00014230784960091115, "memory_allocated_GiB": 0.27208948135375977}
{"step": 5400, "samples": 345600, "level_sample_counts": {"L0": 115200, "L1": 115200, "L2": 115200}, "elapsed_train_s": 607.5467718660075, "lr": [8.386407858128706e-05, 8.386407858128707e-06], "loss": 0.03748081207275391, "l1": 0.03603990726172924, "kl": 0.0001440904848277569, "memory_allocated_GiB": 0.27306604385375977}
DEVELOPMENT {"L0": {"step": 5400, "summary": {"success_once": {"mean": 1.0, "std": 0.0}, "return": {"mean": 416.692626953125, "std": 3.9920504093170166}, "episode_len": {"mean": 500.0, "std": 0.0}, "reward": {"mean": 0.8333852752685548, "std": 0.007984101086630313}, "last_reward": {"mean": 1.0, "std": 0.0}, "success_at_end": {"mean": 0.95, "std": 0.21794494717703367}}, "stages": {"is_grasped": 20, "is_mug_above_table": 20, "is_mug_contact_rack": 20, "is_obj_placed": 19, "success": 20}}, "L1": {"step": 5400, "summary": {"success_once": {"mean": 1.0, "std": 0.0}, "return": {"mean": 397.67169189453125, "std": 4.243969440460205}, "episode_len": {"mean": 500.0, "std": 0.0}, "reward": {"mean": 0.7953433685302735, "std": 0.008487939509462845}, "last_reward": {"mean": 1.0, "std": 0.0}, "success_at_end": {"mean": 0.9, "std": 0.3}}, "stages": {"is_grasped": 20, "is_mug_above_table": 20, "is_mug_contact_rack": 20, "is_obj_placed": 19, "success": 20}}, "L2": {"step": 5400, "summary": {"success_once": {"mean": 1.0, "std": 0.0}, "return": {"mean": 408.0750732421875, "std": 4.967212677001953}, "episode_len": {"mean": 500.0, "std": 0.0}, "reward": {"mean": 0.8161501068115236, "std": 0.009934425221761927}, "last_reward": {"mean": 1.0, "std": 0.0}, "success_at_end": {"mean": 0.95, "std": 0.21794494717703367}}, "stages": {"is_grasped": 20, "is_mug_above_table": 20, "is_mug_contact_rack": 20, "is_obj_placed": 19, "success": 20}}}
{"step": 5450, "samples": 348800, "level_sample_counts": {"L0": 116267, "L1": 116267, "L2": 116266}, "elapsed_train_s": 913.2110170810192, "lr": [8.352473868055746e-05, 8.352473868055746e-06], "loss": 0.037289975434541704, "l1": 0.03588253773748875, "kl": 0.00014074377715587617, "memory_allocated_GiB": 0.27367639541625977}
{"step": 5500, "samples": 352000, "level_sample_counts": {"L0": 117334, "L1": 117333, "L2": 117333}, "elapsed_train_s": 916.7912691920064, "lr": [8.318256993008107e-05, 8.318256993008108e-06], "loss": 0.03672744534909725, "l1": 0.03515987791121006, "kl": 0.00015675675123929977, "memory_allocated_GiB": 0.27208948135375977}
{"step": 5550, "samples": 355200, "level_sample_counts": {"L0": 118400, "L1": 118400, "L2": 118400}, "elapsed_train_s": 920.5337580839987, "lr": [8.283760120238672e-05, 8.283760120238672e-06], "loss": 0.03671315379440784, "l1": 0.03523128733038902, "kl": 0.00014818661846220495, "memory_allocated_GiB": 0.27306604385375977}
{"step": 5600, "samples": 358400, "level_sample_counts": {"L0": 119467, "L1": 119467, "L2": 119466}, "elapsed_train_s": 924.1885560690134, "lr": [8.2489861606268e-05, 8.2489861606268e-06], "loss": 0.036794627979397775, "l1": 0.035338692590594294, "kl": 0.0001455935463309288, "memory_allocated_GiB": 0.27367639541625977}
{"step": 5650, "samples": 361600, "level_sample_counts": {"L0": 120534, "L1": 120533, "L2": 120533}, "elapsed_train_s": 927.7967300140008, "lr": [8.213938048432697e-05, 8.213938048432697e-06], "loss": 0.03639529958367348, "l1": 0.03500947088003158, "kl": 0.00013858286663889885, "memory_allocated_GiB": 0.27208948135375977}
{"step": 5700, "samples": 364800, "level_sample_counts": {"L0": 121600, "L1": 121600, "L2": 121600}, "elapsed_train_s": 931.4391289949999, "lr": [8.178618741049842e-05, 8.178618741049841e-06], "loss": 0.03636209718883038, "l1": 0.03478060096502304, "kl": 0.00015814961865544318, "memory_allocated_GiB": 0.27306604385375977}
{"step": 5750, "samples": 368000, "level_sample_counts": {"L0": 122667, "L1": 122667, "L2": 122666}, "elapsed_train_s": 935.131711871014, "lr": [8.14303121875541e-05, 8.143031218755411e-06], "loss": 0.03598973855376244, "l1": 0.034476986005902294, "kl": 0.00015127526596188544, "memory_allocated_GiB": 0.27367639541625977}
{"step": 5800, "samples": 371200, "level_sample_counts": {"L0": 123734, "L1": 123733, "L2": 123733}, "elapsed_train_s": 938.7299326689972, "lr": [8.107178484458824e-05, 8.107178484458825e-06], "loss": 0.03617333322763443, "l1": 0.034639095962047575, "kl": 0.00015342372469604015, "memory_allocated_GiB": 0.27208948135375977}
{"step": 5850, "samples": 374400, "level_sample_counts": {"L0": 124800, "L1": 124800, "L2": 124800}, "elapsed_train_s": 942.3061207660066, "lr": [8.07106356344834e-05, 8.071063563448341e-06], "loss": 0.03630128316581249, "l1": 0.03495789498090744, "kl": 0.00013433882966637611, "memory_allocated_GiB": 0.27306604385375977}
{"step": 5900, "samples": 377600, "level_sample_counts": {"L0": 125867, "L1": 125867, "L2": 125866}, "elapsed_train_s": 945.9796242360026, "lr": [8.034689503135783e-05, 8.034689503135785e-06], "loss": 0.03605430655181408, "l1": 0.03484370194375515, "kl": 0.0001210604514926672, "memory_allocated_GiB": 0.27367639541625977}
{"step": 5950, "samples": 380800, "level_sample_counts": {"L0": 126934, "L1": 126933, "L2": 126933}, "elapsed_train_s": 949.6181019520154, "lr": [7.998059372799409e-05, 7.998059372799409e-06], "loss": 0.03523012727499008, "l1": 0.033866152688860895, "kl": 0.00013639746233820916, "memory_allocated_GiB": 0.27208948135375977}
{"step": 6000, "samples": 384000, "level_sample_counts": {"L0": 128000, "L1": 128000, "L2": 128000}, "elapsed_train_s": 953.2330276290013, "lr": [7.961176263324901e-05, 7.961176263324902e-06], "loss": 0.03594990722835064, "l1": 0.03450981765985489, "kl": 0.00014400895684957504, "memory_allocated_GiB": 0.27306604385375977}
{"step": 6050, "samples": 387200, "level_sample_counts": {"L0": 129067, "L1": 129067, "L2": 129066}, "elapsed_train_s": 956.9329026460182, "lr": [7.924043286944569e-05, 7.92404328694457e-06], "loss": 0.0347267572581768, "l1": 0.033183844462037086, "kl": 0.0001542912796139717, "memory_allocated_GiB": 0.27367639541625977}
{"step": 6100, "samples": 390400, "level_sample_counts": {"L0": 130134, "L1": 130133, "L2": 130133}, "elapsed_train_s": 960.5741599680041, "lr": [7.886663576974733e-05, 7.886663576974733e-06], "loss": 0.03513285771012306, "l1": 0.03369630940258503, "kl": 0.000143654840067029, "memory_allocated_GiB": 0.27208948135375977}
{"step": 6150, "samples": 393600, "level_sample_counts": {"L0": 131200, "L1": 131200, "L2": 131200}, "elapsed_train_s": 964.2010451889946, "lr": [7.849040287551331e-05, 7.849040287551331e-06], "loss": 0.036316854059696195, "l1": 0.0349214331805706, "kl": 0.00013954206369817256, "memory_allocated_GiB": 0.27306604385375977}
{"step": 6200, "samples": 396800, "level_sample_counts": {"L0": 132267, "L1": 132267, "L2": 132266}, "elapsed_train_s": 967.7907042580191, "lr": [7.811176593363772e-05, 7.811176593363771e-06], "loss": 0.03497398555278778, "l1": 0.03361244134604931, "kl": 0.00013615441508591175, "memory_allocated_GiB": 0.27367639541625977}
{"step": 6250, "samples": 400000, "level_sample_counts": {"L0": 133334, "L1": 133333, "L2": 133333}, "elapsed_train_s": 971.4432987660111, "lr": [7.773075689387043e-05, 7.773075689387044e-06], "loss": 0.034736707285046575, "l1": 0.0333359582349658, "kl": 0.00014007490128278732, "memory_allocated_GiB": 0.27208948135375977}
{"step": 6300, "samples": 403200, "level_sample_counts": {"L0": 134400, "L1": 134400, "L2": 134400}, "elapsed_train_s": 975.1261654749978, "lr": [7.734740790612136e-05, 7.734740790612137e-06], "loss": 0.034358676224946975, "l1": 0.03316230613738298, "kl": 0.0001196370180696249, "memory_allocated_GiB": 0.27306604385375977}
{"step": 6350, "samples": 406400, "level_sample_counts": {"L0": 135467, "L1": 135467, "L2": 135466}, "elapsed_train_s": 978.7491907509975, "lr": [7.69617513177473e-05, 7.696175131774731e-06], "loss": 0.034074133932590484, "l1": 0.03285985041409731, "kl": 0.00012142837978899479, "memory_allocated_GiB": 0.27367639541625977}
{"step": 6400, "samples": 409600, "level_sample_counts": {"L0": 136534, "L1": 136533, "L2": 136533}, "elapsed_train_s": 982.3903981730109, "lr": [7.65738196708228e-05, 7.65738196708228e-06], "loss": 0.034274820052087304, "l1": 0.03309560224413872, "kl": 0.00011792179197072983, "memory_allocated_GiB": 0.27208948135375977}
{"step": 6450, "samples": 412800, "level_sample_counts": {"L0": 137600, "L1": 137600, "L2": 137600}, "elapsed_train_s": 986.0770132170001, "lr": [7.618364569939391e-05, 7.61836456993939e-06], "loss": 0.034229837134480474, "l1": 0.03302586648613214, "kl": 0.00012039707042276859, "memory_allocated_GiB": 0.27306604385375977}
{"step": 6500, "samples": 416000, "level_sample_counts": {"L0": 138667, "L1": 138667, "L2": 138666}, "elapsed_train_s": 989.6679140340129, "lr": [7.579126232671621e-05, 7.579126232671621e-06], "loss": 0.03372431315481663, "l1": 0.03243790917098522, "kl": 0.00012864042073488236, "memory_allocated_GiB": 0.27367639541625977}
{"step": 6550, "samples": 419200, "level_sample_counts": {"L0": 139734, "L1": 139733, "L2": 139733}, "elapsed_train_s": 993.2146610990167, "lr": [7.539670266247671e-05, 7.539670266247672e-06], "loss": 0.03402933295816183, "l1": 0.03281359139829874, "kl": 0.0001215741690248251, "memory_allocated_GiB": 0.27208948135375977}
{"step": 6600, "samples": 422400, "level_sample_counts": {"L0": 140800, "L1": 140800, "L2": 140800}, "elapsed_train_s": 996.9621820940229, "lr": [7.500000000000001e-05, 7.500000000000001e-06], "loss": 0.034209741577506066, "l1": 0.033030952624976635, "kl": 0.00011787887662649154, "memory_allocated_GiB": 0.27306604385375977}
{"step": 6650, "samples": 425600, "level_sample_counts": {"L0": 141867, "L1": 141867, "L2": 141866}, "elapsed_train_s": 1000.6197287260147, "lr": [7.460118781343893e-05, 7.460118781343892e-06], "loss": 0.033689371086657045, "l1": 0.032408880405128, "kl": 0.00012804904952645301, "memory_allocated_GiB": 0.27367639541625977}
{"step": 6700, "samples": 428800, "level_sample_counts": {"L0": 142934, "L1": 142933, "L2": 142933}, "elapsed_train_s": 1004.124977274012, "lr": [7.420029975494995e-05, 7.420029975494996e-06], "loss": 0.033192054554820064, "l1": 0.03194457363337278, "kl": 0.00012474809773266315, "memory_allocated_GiB": 0.27208948135375977}
{"step": 6750, "samples": 432000, "level_sample_counts": {"L0": 144000, "L1": 144000, "L2": 144000}, "elapsed_train_s": 1007.7529599740228, "lr": [7.379736965185368e-05, 7.379736965185369e-06], "loss": 0.03304435633122921, "l1": 0.031955264359712604, "kl": 0.00010890918783843518, "memory_allocated_GiB": 0.27306604385375977}
{"step": 6800, "samples": 435200, "level_sample_counts": {"L0": 145067, "L1": 145067, "L2": 145066}, "elapsed_train_s": 1011.2814884520194, "lr": [7.33924315037804e-05, 7.33924315037804e-06], "loss": 0.032996240556240085, "l1": 0.031893667839467524, "kl": 0.00011025727726519108, "memory_allocated_GiB": 0.27367639541625977}
{"step": 6850, "samples": 438400, "level_sample_counts": {"L0": 146134, "L1": 146133, "L2": 146133}, "elapsed_train_s": 1014.983352907002, "lr": [7.298551947980113e-05, 7.298551947980114e-06], "loss": 0.033218786343932154, "l1": 0.03205323632806539, "kl": 0.00011655502021312714, "memory_allocated_GiB": 0.27208948135375977}
{"step": 6900, "samples": 441600, "level_sample_counts": {"L0": 147200, "L1": 147200, "L2": 147200}, "elapsed_train_s": 1018.7556363100011, "lr": [7.257666791554448e-05, 7.257666791554448e-06], "loss": 0.03282815843820572, "l1": 0.03174095395952463, "kl": 0.0001087204460054636, "memory_allocated_GiB": 0.27306604385375977}
{"step": 6950, "samples": 444800, "level_sample_counts": {"L0": 148267, "L1": 148267, "L2": 148266}, "elapsed_train_s": 1022.3876220840029, "lr": [7.21659113102993e-05, 7.2165911310299305e-06], "loss": 0.032530080154538156, "l1": 0.03148709375411272, "kl": 0.00010429861024022102, "memory_allocated_GiB": 0.27367639541625977}
{"step": 7000, "samples": 448000, "level_sample_counts": {"L0": 149334, "L1": 149333, "L2": 149333}, "elapsed_train_s": 1026.000324593013, "lr": [7.175328432410366e-05, 7.175328432410367e-06], "loss": 0.03318319767713547, "l1": 0.03211954519152641, "kl": 0.00010636524297297, "memory_allocated_GiB": 0.27208948135375977}
{"step": 7050, "samples": 451200, "level_sample_counts": {"L0": 150400, "L1": 150400, "L2": 150400}, "elapsed_train_s": 1029.580915744009, "lr": [7.133882177482019e-05, 7.133882177482019e-06], "loss": 0.032460928559303284, "l1": 0.03132738534361124, "kl": 0.00011335434392094612, "memory_allocated_GiB": 0.27306604385375977}
{"step": 7100, "samples": 454400, "level_sample_counts": {"L0": 151467, "L1": 151467, "L2": 151466}, "elapsed_train_s": 1032.6507433039951, "lr": [7.092255863519806e-05, 7.092255863519806e-06], "loss": 0.032898572050035, "l1": 0.03182349119335413, "kl": 0.00010750806890428067, "memory_allocated_GiB": 0.27367639541625977}
{"step": 7150, "samples": 457600, "level_sample_counts": {"L0": 152534, "L1": 152533, "L2": 152533}, "elapsed_train_s": 1034.7865020089957, "lr": [7.050453002992201e-05, 7.050453002992202e-06], "loss": 0.032765135802328586, "l1": 0.03164990171790123, "kl": 0.00011152341961860657, "memory_allocated_GiB": 0.27208948135375977}
{"step": 7200, "samples": 460800, "level_sample_counts": {"L0": 153600, "L1": 153600, "L2": 153600}, "elapsed_train_s": 1036.9169472610229, "lr": [7.008477123264848e-05, 7.008477123264849e-06], "loss": 0.032300077117979525, "l1": 0.031178045123815536, "kl": 0.00011220318265259266, "memory_allocated_GiB": 0.27306604385375977}
{"step": 7250, "samples": 464000, "level_sample_counts": {"L0": 154667, "L1": 154667, "L2": 154666}, "elapsed_train_s": 1039.0540569139994, "lr": [6.966331766302916e-05, 6.966331766302916e-06], "loss": 0.0319648826867342, "l1": 0.030908146537840367, "kl": 0.00010567362420260906, "memory_allocated_GiB": 0.27367639541625977}
{"step": 7300, "samples": 467200, "level_sample_counts": {"L0": 155734, "L1": 155733, "L2": 155733}, "elapsed_train_s": 1041.1983308579947, "lr": [6.924020488372229e-05, 6.924020488372229e-06], "loss": 0.03173450503498316, "l1": 0.030692309103906155, "kl": 0.00010421959683299065, "memory_allocated_GiB": 0.27208948135375977}
{"step": 7350, "samples": 470400, "level_sample_counts": {"L0": 156800, "L1": 156800, "L2": 156800}, "elapsed_train_s": 1043.3062247180205, "lr": [6.881546859739179e-05, 6.8815468597391785e-06], "loss": 0.032515078522264956, "l1": 0.031476691998541355, "kl": 0.00010383863002061844, "memory_allocated_GiB": 0.27306604385375977}
{"step": 7400, "samples": 473600, "level_sample_counts": {"L0": 157867, "L1": 157867, "L2": 157866}, "elapsed_train_s": 1045.4817642020062, "lr": [6.838914464369467e-05, 6.838914464369467e-06], "loss": 0.03229480687528849, "l1": 0.03125968858599663, "kl": 0.00010351183824241162, "memory_allocated_GiB": 0.27367639541625977}
{"step": 7450, "samples": 476800, "level_sample_counts": {"L0": 158934, "L1": 158933, "L2": 158933}, "elapsed_train_s": 1047.6768204499967, "lr": [6.796126899625688e-05, 6.796126899625688e-06], "loss": 0.03222877249121666, "l1": 0.031244928538799285, "kl": 9.838440455496311e-05, "memory_allocated_GiB": 0.27208948135375977}
{"step": 7500, "samples": 480000, "level_sample_counts": {"L0": 160000, "L1": 160000, "L2": 160000}, "elapsed_train_s": 1050.012665577, "lr": [6.753187775963773e-05, 6.753187775963773e-06], "loss": 0.0314392290264368, "l1": 0.03052778370678425, "kl": 9.114453569054603e-05, "memory_allocated_GiB": 0.27306604385375977}
{"step": 7550, "samples": 483200, "level_sample_counts": {"L0": 161067, "L1": 161067, "L2": 161066}, "elapsed_train_s": 1052.2519310970092, "lr": [6.710100716628344e-05, 6.710100716628345e-06], "loss": 0.030990779735147952, "l1": 0.029980896078050136, "kl": 0.00010098835453391075, "memory_allocated_GiB": 0.27367639541625977}
{"step": 7600, "samples": 486400, "level_sample_counts": {"L0": 162134, "L1": 162133, "L2": 162133}, "elapsed_train_s": 1054.5522924690158, "lr": [6.666869357346978e-05, 6.666869357346979e-06], "loss": 0.03166885644197464, "l1": 0.030689282938838006, "kl": 9.795733727514744e-05, "memory_allocated_GiB": 0.27208948135375977}
{"step": 7650, "samples": 489600, "level_sample_counts": {"L0": 163200, "L1": 163200, "L2": 163200}, "elapsed_train_s": 1056.9965716760198, "lr": [6.623497346023418e-05, 6.6234973460234184e-06], "loss": 0.03178117759525776, "l1": 0.030795333310961723, "kl": 9.858445264399052e-05, "memory_allocated_GiB": 0.27306604385375977}
{"step": 7700, "samples": 492800, "level_sample_counts": {"L0": 164267, "L1": 164267, "L2": 164266}, "elapsed_train_s": 1059.5236134919978, "lr": [6.579988342429763e-05, 6.579988342429764e-06], "loss": 0.031355477087199685, "l1": 0.03044514521956444, "kl": 9.10332053899765e-05, "memory_allocated_GiB": 0.27367639541625977}
{"step": 7750, "samples": 496000, "level_sample_counts": {"L0": 165334, "L1": 165333, "L2": 165333}, "elapsed_train_s": 1062.0340319749957, "lr": [6.536346017897653e-05, 6.5363460178976524e-06], "loss": 0.030881415121257305, "l1": 0.029949378706514835, "kl": 9.320363402366638e-05, "memory_allocated_GiB": 0.27208948135375977}
{"step": 7800, "samples": 499200, "level_sample_counts": {"L0": 166400, "L1": 166400, "L2": 166400}, "elapsed_train_s": 1064.5750406770094, "lr": [6.492574055008473e-05, 6.492574055008474e-06], "loss": 0.03135898280888796, "l1": 0.030458766780793668, "kl": 9.002160280942917e-05, "memory_allocated_GiB": 0.27306604385375977}
{"step": 7850, "samples": 502400, "level_sample_counts": {"L0": 167467, "L1": 167467, "L2": 167466}, "elapsed_train_s": 1067.094975815009, "lr": [6.448676147282625e-05, 6.448676147282624e-06], "loss": 0.03077467415481806, "l1": 0.029866085611283778, "kl": 9.085887111723423e-05, "memory_allocated_GiB": 0.27367639541625977}
{"step": 7900, "samples": 505600, "level_sample_counts": {"L0": 168534, "L1": 168533, "L2": 168533}, "elapsed_train_s": 1069.5689106440113, "lr": [6.404655998867848e-05, 6.4046559988678485e-06], "loss": 0.030764617100358008, "l1": 0.029839163795113564, "kl": 9.254533797502518e-05, "memory_allocated_GiB": 0.27208948135375977}
{"step": 7950, "samples": 508800, "level_sample_counts": {"L0": 169600, "L1": 169600, "L2": 169600}, "elapsed_train_s": 1072.079648945015, "lr": [6.360517324226676e-05, 6.360517324226676e-06], "loss": 0.030535449869930745, "l1": 0.029614827856421472, "kl": 9.20621957629919e-05, "memory_allocated_GiB": 0.27306604385375977}
{"step": 8000, "samples": 512000, "level_sample_counts": {"L0": 170667, "L1": 170667, "L2": 170666}, "elapsed_train_s": 1074.5320853810117, "lr": [6.316263847822997e-05, 6.3162638478229965e-06], "loss": 0.030333047658205034, "l1": 0.029399312362074853, "kl": 9.337352588772774e-05, "memory_allocated_GiB": 0.27367639541625977}
{"step": 8050, "samples": 515200, "level_sample_counts": {"L0": 171734, "L1": 171733, "L2": 171733}, "elapsed_train_s": 1077.0072626580077, "lr": [6.271899303807783e-05, 6.271899303807783e-06], "loss": 0.03035485588014126, "l1": 0.029487140998244284, "kl": 8.677149191498756e-05, "memory_allocated_GiB": 0.27208948135375977}
{"step": 8100, "samples": 518400, "level_sample_counts": {"L0": 172800, "L1": 172800, "L2": 172800}, "elapsed_train_s": 1079.4938409500173, "lr": [6.227427435703997e-05, 6.227427435703997e-06], "loss": 0.03026156425476074, "l1": 0.02938020519912243, "kl": 8.813591673970223e-05, "memory_allocated_GiB": 0.27306604385375977}
{"step": 8150, "samples": 521600, "level_sample_counts": {"L0": 173867, "L1": 173867, "L2": 173866}, "elapsed_train_s": 1081.9490669720108, "lr": [6.182851996090713e-05, 6.182851996090713e-06], "loss": 0.031082632541656493, "l1": 0.030200344547629356, "kl": 8.822880685329438e-05, "memory_allocated_GiB": 0.27367639541625977}
{"step": 8200, "samples": 524800, "level_sample_counts": {"L0": 174934, "L1": 174933, "L2": 174933}, "elapsed_train_s": 1084.4105195270095, "lr": [6.138176746286468e-05, 6.138176746286468e-06], "loss": 0.030609373562037946, "l1": 0.02969519317150116, "kl": 9.141803719103336e-05, "memory_allocated_GiB": 0.27208948135375977}
{"step": 8250, "samples": 528000, "level_sample_counts": {"L0": 176000, "L1": 176000, "L2": 176000}, "elapsed_train_s": 1086.8943779529945, "lr": [6.09340545603188e-05, 6.09340545603188e-06], "loss": 0.030581755042076112, "l1": 0.02966517299413681, "kl": 9.16582066565752e-05, "memory_allocated_GiB": 0.27306604385375977}
{"step": 8300, "samples": 531200, "level_sample_counts": {"L0": 177067, "L1": 177067, "L2": 177066}, "elapsed_train_s": 1089.3151599300036, "lr": [6.0485419031715516e-05, 6.048541903171552e-06], "loss": 0.03019977990537882, "l1": 0.02932861730456352, "kl": 8.711624890565872e-05, "memory_allocated_GiB": 0.27367639541625977}
{"step": 8350, "samples": 534400, "level_sample_counts": {"L0": 178134, "L1": 178133, "L2": 178133}, "elapsed_train_s": 1091.7888154480024, "lr": [6.003589873335296e-05, 6.003589873335296e-06], "loss": 0.029999141618609428, "l1": 0.029109586626291276, "kl": 8.895549923181534e-05, "memory_allocated_GiB": 0.27208948135375977}
{"step": 8400, "samples": 537600, "level_sample_counts": {"L0": 179200, "L1": 179200, "L2": 179200}, "elapsed_train_s": 1094.2809516930138, "lr": [5.958553159618693e-05, 5.958553159618693e-06], "loss": 0.030561841130256652, "l1": 0.02968626983463764, "kl": 8.755714632570744e-05, "memory_allocated_GiB": 0.27306604385375977}
{"step": 8450, "samples": 540800, "level_sample_counts": {"L0": 180267, "L1": 180267, "L2": 180266}, "elapsed_train_s": 1096.793062701996, "lr": [5.9134355622630356e-05, 5.913435562263036e-06], "loss": 0.030417529121041297, "l1": 0.029563117623329162, "kl": 8.544114418327808e-05, "memory_allocated_GiB": 0.27367639541625977}
{"step": 8500, "samples": 544000, "level_sample_counts": {"L0": 181334, "L1": 181333, "L2": 181333}, "elapsed_train_s": 1099.296550152998, "lr": [5.868240888334653e-05, 5.8682408883346535e-06], "loss": 0.030000083446502686, "l1": 0.02917685080319643, "kl": 8.232327178120613e-05, "memory_allocated_GiB": 0.27208948135375977}
{"step": 8550, "samples": 547200, "level_sample_counts": {"L0": 182400, "L1": 182400, "L2": 182400}, "elapsed_train_s": 1101.8322431120032, "lr": [5.8229729514036705e-05, 5.82297295140367e-06], "loss": 0.02996305238455534, "l1": 0.029123818427324297, "kl": 8.392341434955597e-05, "memory_allocated_GiB": 0.27306604385375977}
{"step": 8600, "samples": 550400, "level_sample_counts": {"L0": 183467, "L1": 183467, "L2": 183466}, "elapsed_train_s": 1104.2794198440097, "lr": [5.7776355712222166e-05, 5.7776355712222165e-06], "loss": 0.03001986388117075, "l1": 0.029212784990668296, "kl": 8.070788346230983e-05, "memory_allocated_GiB": 0.27367639541625977}
{"step": 8650, "samples": 553600, "level_sample_counts": {"L0": 184534, "L1": 184533, "L2": 184533}, "elapsed_train_s": 1106.7715641490067, "lr": [5.7322325734021086e-05, 5.732232573402109e-06], "loss": 0.02976044662296772, "l1": 0.02893987577408552, "kl": 8.205709047615529e-05, "memory_allocated_GiB": 0.27208948135375977}
{"step": 8700, "samples": 556800, "level_sample_counts": {"L0": 185600, "L1": 185600, "L2": 185600}, "elapsed_train_s": 1109.2622284360114, "lr": [5.686767789092041e-05, 5.686767789092041e-06], "loss": 0.02959243267774582, "l1": 0.028784744180738925, "kl": 8.076885715126991e-05, "memory_allocated_GiB": 0.27306604385375977}
{"step": 8750, "samples": 560000, "level_sample_counts": {"L0": 186667, "L1": 186667, "L2": 186666}, "elapsed_train_s": 1111.7688998219965, "lr": [5.641245054654316e-05, 5.6412450546543165e-06], "loss": 0.029733607620000838, "l1": 0.028952850922942162, "kl": 7.807565852999688e-05, "memory_allocated_GiB": 0.27367639541625977}
{"step": 8800, "samples": 563200, "level_sample_counts": {"L0": 187734, "L1": 187733, "L2": 187733}, "elapsed_train_s": 1114.233448412997, "lr": [5.595668211341118e-05, 5.5956682113411184e-06], "loss": 0.029594655074179174, "l1": 0.028767692297697066, "kl": 8.269626647233963e-05, "memory_allocated_GiB": 0.27208948135375977}
{"step": 8850, "samples": 566400, "level_sample_counts": {"L0": 188800, "L1": 188800, "L2": 188800}, "elapsed_train_s": 1116.6653284350177, "lr": [5.550041104970397e-05, 5.550041104970398e-06], "loss": 0.029122665338218213, "l1": 0.028343588933348655, "kl": 7.790762931108474e-05, "memory_allocated_GiB": 0.27306604385375977}
{"step": 8900, "samples": 569600, "level_sample_counts": {"L0": 189867, "L1": 189867, "L2": 189866}, "elapsed_train_s": 1119.1556480830186, "lr": [5.504367585601342e-05, 5.504367585601342e-06], "loss": 0.02922844298183918, "l1": 0.02845952197909355, "kl": 7.689210586249829e-05, "memory_allocated_GiB": 0.27367639541625977}
{"step": 8950, "samples": 572800, "level_sample_counts": {"L0": 190934, "L1": 190933, "L2": 190933}, "elapsed_train_s": 1121.6537708100223, "lr": [5.458651507209518e-05, 5.458651507209518e-06], "loss": 0.02911142662167549, "l1": 0.028337270990014075, "kl": 7.741556502878666e-05, "memory_allocated_GiB": 0.27208948135375977}
{"step": 9000, "samples": 576000, "level_sample_counts": {"L0": 192000, "L1": 192000, "L2": 192000}, "elapsed_train_s": 1124.1419694000215, "lr": [5.4128967273616625e-05, 5.412896727361663e-06], "loss": 0.029746122248470782, "l1": 0.028977081924676896, "kl": 7.690403610467911e-05, "memory_allocated_GiB": 0.27306604385375977}
DEVELOPMENT {"L0": {"step": 9000, "summary": {"success_once": {"mean": 1.0, "std": 0.0}, "return": {"mean": 402.27032470703125, "std": 5.534084796905518}, "episode_len": {"mean": 500.0, "std": 0.0}, "reward": {"mean": 0.804540643310547, "std": 0.011068169048829358}, "last_reward": {"mean": 1.0, "std": 0.0}, "success_at_end": {"mean": 1.0, "std": 0.0}}, "stages": {"is_grasped": 20, "is_mug_above_table": 20, "is_mug_contact_rack": 20, "is_obj_placed": 20, "success": 20}}, "L1": {"step": 9000, "summary": {"success_once": {"mean": 1.0, "std": 0.0}, "return": {"mean": 389.01422119140625, "std": 6.311724662780762}, "episode_len": {"mean": 500.0, "std": 0.0}, "reward": {"mean": 0.7780283874511719, "std": 0.012623449044841164}, "last_reward": {"mean": 1.0, "std": 0.0}, "success_at_end": {"mean": 1.0, "std": 0.0}}, "stages": {"is_grasped": 20, "is_mug_above_table": 20, "is_mug_contact_rack": 20, "is_obj_placed": 20, "success": 20}}, "L2": {"step": 9000, "summary": {"success_once": {"mean": 1.0, "std": 0.0}, "return": {"mean": 401.73297119140625, "std": 3.168898105621338}, "episode_len": {"mean": 500.0, "std": 0.0}, "reward": {"mean": 0.8034660003662107, "std": 0.006337796175785641}, "last_reward": {"mean": 1.0, "std": 0.0}, "success_at_end": {"mean": 1.0, "std": 0.0}}, "stages": {"is_grasped": 20, "is_mug_above_table": 20, "is_mug_contact_rack": 20, "is_obj_placed": 20, "success": 20}}}
{"step": 9050, "samples": 579200, "level_sample_counts": {"L0": 193067, "L1": 193067, "L2": 193066}, "elapsed_train_s": 1427.177560858021, "lr": [5.367107106890177e-05, 5.367107106890177e-06], "loss": 0.028874706476926804, "l1": 0.028094612695276737, "kl": 7.800937630236148e-05, "memory_allocated_GiB": 0.27367639541625977}
{"step": 9100, "samples": 582400, "level_sample_counts": {"L0": 194134, "L1": 194133, "L2": 194133}, "elapsed_train_s": 1430.6993658150022, "lr": [5.3212865095673514e-05, 5.321286509567351e-06], "loss": 0.029081469736993312, "l1": 0.028338840566575527, "kl": 7.42629449814558e-05, "memory_allocated_GiB": 0.27208948135375977}
{"step": 9150, "samples": 585600, "level_sample_counts": {"L0": 195200, "L1": 195200, "L2": 195200}, "elapsed_train_s": 1434.358012075012, "lr": [5.2754388017793274e-05, 5.275438801779328e-06], "loss": 0.02928112931549549, "l1": 0.028536719866096974, "kl": 7.444093003869056e-05, "memory_allocated_GiB": 0.27306604385375977}
{"step": 9200, "samples": 588800, "level_sample_counts": {"L0": 196267, "L1": 196267, "L2": 196266}, "elapsed_train_s": 1438.0360551699996, "lr": [5.229567852199859e-05, 5.22956785219986e-06], "loss": 0.029269598685204984, "l1": 0.028568694330751897, "kl": 7.009043358266353e-05, "memory_allocated_GiB": 0.27367639541625977}
{"step": 9250, "samples": 592000, "level_sample_counts": {"L0": 197334, "L1": 197333, "L2": 197333}, "elapsed_train_s": 1441.707463883009, "lr": [5.183677531463863e-05, 5.183677531463863e-06], "loss": 0.029488155655562877, "l1": 0.02876696839928627, "kl": 7.211871445178986e-05, "memory_allocated_GiB": 0.27208948135375977}
{"step": 9300, "samples": 595200, "level_sample_counts": {"L0": 198400, "L1": 198400, "L2": 198400}, "elapsed_train_s": 1445.2656630230194, "lr": [5.1377717118408105e-05, 5.137771711840811e-06], "loss": 0.028810780197381973, "l1": 0.02808413702994585, "kl": 7.266432046890259e-05, "memory_allocated_GiB": 0.27306604385375977}
{"step": 9350, "samples": 598400, "level_sample_counts": {"L0": 199467, "L1": 199467, "L2": 199466}, "elapsed_train_s": 1448.8182361400104, "lr": [5.091854266907987e-05, 5.091854266907987e-06], "loss": 0.02853940688073635, "l1": 0.027822097279131413, "kl": 7.173096761107444e-05, "memory_allocated_GiB": 0.27367639541625977}
{"step": 9400, "samples": 601600, "level_sample_counts": {"L0": 200534, "L1": 200533, "L2": 200533}, "elapsed_train_s": 1452.5037526150118, "lr": [5.0459290712236326e-05, 5.045929071223633e-06], "loss": 0.028930413834750653, "l1": 0.02822105098515749, "kl": 7.09362793713808e-05, "memory_allocated_GiB": 0.27208948135375977}
{"step": 9450, "samples": 604800, "level_sample_counts": {"L0": 201600, "L1": 201600, "L2": 201600}, "elapsed_train_s": 1455.9680777360045, "lr": [5e-05, 5e-06], "loss": 0.028406423777341844, "l1": 0.02772170577198267, "kl": 6.847180426120757e-05, "memory_allocated_GiB": 0.27306604385375977}
{"step": 9500, "samples": 608000, "level_sample_counts": {"L0": 202667, "L1": 202667, "L2": 202666}, "elapsed_train_s": 1459.609290909022, "lr": [4.9540709287763685e-05, 4.9540709287763685e-06], "loss": 0.02838222876191139, "l1": 0.02768910277634859, "kl": 6.931260228157043e-05, "memory_allocated_GiB": 0.27367639541625977}
{"step": 9550, "samples": 611200, "level_sample_counts": {"L0": 203734, "L1": 203733, "L2": 203733}, "elapsed_train_s": 1463.32874993101, "lr": [4.908145733092013e-05, 4.908145733092013e-06], "loss": 0.028607270531356335, "l1": 0.027904881946742534, "kl": 7.023885846138e-05, "memory_allocated_GiB": 0.27208948135375977}
{"step": 9600, "samples": 614400, "level_sample_counts": {"L0": 204800, "L1": 204800, "L2": 204800}, "elapsed_train_s": 1466.9425966580166, "lr": [4.8622282881591906e-05, 4.862228288159191e-06], "loss": 0.028871559612452982, "l1": 0.028198826126754284, "kl": 6.72733411192894e-05, "memory_allocated_GiB": 0.27306604385375977}
{"step": 9650, "samples": 617600, "level_sample_counts": {"L0": 205867, "L1": 205867, "L2": 205866}, "elapsed_train_s": 1470.5423070540128, "lr": [4.816322468536139e-05, 4.8163224685361385e-06], "loss": 0.028249317482113838, "l1": 0.02758889377117157, "kl": 6.604238413274288e-05, "memory_allocated_GiB": 0.27367639541625977}
{"step": 9700, "samples": 620800, "level_sample_counts": {"L0": 206934, "L1": 206933, "L2": 206933}, "elapsed_train_s": 1474.1214345570188, "lr": [4.7704321478001415e-05, 4.770432147800141e-06], "loss": 0.02817859634757042, "l1": 0.027528828456997872, "kl": 6.497681140899659e-05, "memory_allocated_GiB": 0.27208948135375977}
{"step": 9750, "samples": 624000, "level_sample_counts": {"L0": 208000, "L1": 208000, "L2": 208000}, "elapsed_train_s": 1477.7617659300158, "lr": [4.7245611982206724e-05, 4.724561198220672e-06], "loss": 0.028073680028319357, "l1": 0.027433245703577996, "kl": 6.404343992471695e-05, "memory_allocated_GiB": 0.27306604385375977}
{"step": 9800, "samples": 627200, "level_sample_counts": {"L0": 209067, "L1": 209067, "L2": 209066}, "elapsed_train_s": 1481.370182505023, "lr": [4.6787134904326504e-05, 4.67871349043265e-06], "loss": 0.028312794938683508, "l1": 0.02766590107232332, "kl": 6.46893959492445e-05, "memory_allocated_GiB": 0.27367639541625977}
{"step": 9850, "samples": 630400, "level_sample_counts": {"L0": 210134, "L1": 210133, "L2": 210133}, "elapsed_train_s": 1485.020215755998, "lr": [4.6328928931098236e-05, 4.632892893109823e-06], "loss": 0.027856592684984208, "l1": 0.0272190548107028, "kl": 6.375377997756005e-05, "memory_allocated_GiB": 0.27208948135375977}
{"step": 9900, "samples": 633600, "level_sample_counts": {"L0": 211200, "L1": 211200, "L2": 211200}, "elapsed_train_s": 1488.546487507003, "lr": [4.5871032726383386e-05, 4.587103272638339e-06], "loss": 0.027694987542927266, "l1": 0.027061390951275827, "kl": 6.335966289043426e-05, "memory_allocated_GiB": 0.27306604385375977}
{"step": 9950, "samples": 636800, "level_sample_counts": {"L0": 212267, "L1": 212267, "L2": 212266}, "elapsed_train_s": 1492.2054455070174, "lr": [4.541348492790482e-05, 4.541348492790482e-06], "loss": 0.027845690362155437, "l1": 0.027232426516711712, "kl": 6.132639013230801e-05, "memory_allocated_GiB": 0.27367639541625977}
{"step": 10000, "samples": 640000, "level_sample_counts": {"L0": 213334, "L1": 213333, "L2": 213333}, "elapsed_train_s": 1495.7776550179988, "lr": [4.4956324143986596e-05, 4.495632414398659e-06], "loss": 0.027853814400732518, "l1": 0.027237522304058074, "kl": 6.162920966744423e-05, "memory_allocated_GiB": 0.27208948135375977}
{"step": 10050, "samples": 643200, "level_sample_counts": {"L0": 214400, "L1": 214400, "L2": 214400}, "elapsed_train_s": 1499.4582978800172, "lr": [4.449958895029604e-05, 4.449958895029604e-06], "loss": 0.02788817584514618, "l1": 0.02728774357587099, "kl": 6.004323251545429e-05, "memory_allocated_GiB": 0.27306604385375977}
{"step": 10100, "samples": 646400, "level_sample_counts": {"L0": 215467, "L1": 215467, "L2": 215466}, "elapsed_train_s": 1503.1500614770048, "lr": [4.404331788658882e-05, 4.404331788658882e-06], "loss": 0.02748667150735855, "l1": 0.02685543768107891, "kl": 6.312336772680282e-05, "memory_allocated_GiB": 0.27367639541625977}
{"step": 10150, "samples": 649600, "level_sample_counts": {"L0": 216534, "L1": 216533, "L2": 216533}, "elapsed_train_s": 1506.7618092780176, "lr": [4.358754945345684e-05, 4.358754945345684e-06], "loss": 0.028145322389900685, "l1": 0.027535515055060387, "kl": 6.098072044551373e-05, "memory_allocated_GiB": 0.27208948135375977}
{"step": 10200, "samples": 652800, "level_sample_counts": {"L0": 217600, "L1": 217600, "L2": 217600}, "elapsed_train_s": 1510.4760959169944, "lr": [4.3132322109079596e-05, 4.313232210907959e-06], "loss": 0.027038796357810497, "l1": 0.026432951800525187, "kl": 6.058447994291782e-05, "memory_allocated_GiB": 0.27306604385375977}
{"step": 10250, "samples": 656000, "level_sample_counts": {"L0": 218667, "L1": 218667, "L2": 218666}, "elapsed_train_s": 1514.0169214589987, "lr": [4.267767426597893e-05, 4.267767426597893e-06], "loss": 0.027377064041793346, "l1": 0.026768211014568805, "kl": 6.088530644774437e-05, "memory_allocated_GiB": 0.27367639541625977}
{"step": 10300, "samples": 659200, "level_sample_counts": {"L0": 219734, "L1": 219733, "L2": 219733}, "elapsed_train_s": 1517.5933143750008, "lr": [4.222364428777786e-05, 4.222364428777786e-06], "loss": 0.027281516566872596, "l1": 0.026708734706044197, "kl": 5.727818235754967e-05, "memory_allocated_GiB": 0.27208948135375977}
{"step": 10350, "samples": 662400, "level_sample_counts": {"L0": 220800, "L1": 220800, "L2": 220800}, "elapsed_train_s": 1521.2692560029973, "lr": [4.17702704859633e-05, 4.17702704859633e-06], "loss": 0.027012412548065187, "l1": 0.026460950560867787, "kl": 5.5146189406514165e-05, "memory_allocated_GiB": 0.27306604385375977}
{"step": 10400, "samples": 665600, "level_sample_counts": {"L0": 221867, "L1": 221867, "L2": 221866}, "elapsed_train_s": 1524.807843578019, "lr": [4.131759111665349e-05, 4.131759111665349e-06], "loss": 0.027340050153434277, "l1": 0.026752140037715436, "kl": 5.879101343452931e-05, "memory_allocated_GiB": 0.27367639541625977}
{"step": 10450, "samples": 668800, "level_sample_counts": {"L0": 222934, "L1": 222933, "L2": 222933}, "elapsed_train_s": 1528.418933049019, "lr": [4.086564437736966e-05, 4.0865644377369666e-06], "loss": 0.026885842010378837, "l1": 0.026332279555499553, "kl": 5.535624921321869e-05, "memory_allocated_GiB": 0.27208948135375977}
{"step": 10500, "samples": 672000, "level_sample_counts": {"L0": 224000, "L1": 224000, "L2": 224000}, "elapsed_train_s": 1532.0391732990101, "lr": [4.0414468403813095e-05, 4.041446840381309e-06], "loss": 0.026805019825696944, "l1": 0.026234978809952736, "kl": 5.700410343706608e-05, "memory_allocated_GiB": 0.27306604385375977}
{"step": 10550, "samples": 675200, "level_sample_counts": {"L0": 225067, "L1": 225067, "L2": 225066}, "elapsed_train_s": 1535.6878542120103, "lr": [3.9964101266647044e-05, 3.996410126664705e-06], "loss": 0.027304834574460982, "l1": 0.02673101767897606, "kl": 5.7381698861718175e-05, "memory_allocated_GiB": 0.27367639541625977}
{"step": 10600, "samples": 678400, "level_sample_counts": {"L0": 226134, "L1": 226133, "L2": 226133}, "elapsed_train_s": 1539.3559127199987, "lr": [3.951458096828449e-05, 3.951458096828449e-06], "loss": 0.027358690910041332, "l1": 0.02679847240447998, "kl": 5.602186545729637e-05, "memory_allocated_GiB": 0.27208948135375977}
{"step": 10650, "samples": 681600, "level_sample_counts": {"L0": 227200, "L1": 227200, "L2": 227200}, "elapsed_train_s": 1542.994098655996, "lr": [3.9065945439681214e-05, 3.906594543968122e-06], "loss": 0.027271797806024553, "l1": 0.026706644259393217, "kl": 5.651536397635937e-05, "memory_allocated_GiB": 0.27306604385375977}
{"step": 10700, "samples": 684800, "level_sample_counts": {"L0": 228267, "L1": 228267, "L2": 228266}, "elapsed_train_s": 1546.263750358019, "lr": [3.861823253713535e-05, 3.861823253713535e-06], "loss": 0.0269958833232522, "l1": 0.02645149152725935, "kl": 5.443916656076908e-05, "memory_allocated_GiB": 0.27367639541625977}
{"step": 10750, "samples": 688000, "level_sample_counts": {"L0": 229334, "L1": 229333, "L2": 229333}, "elapsed_train_s": 1548.3763319930003, "lr": [3.817148003909288e-05, 3.817148003909288e-06], "loss": 0.026846257634460927, "l1": 0.02631621316075325, "kl": 5.300445482134819e-05, "memory_allocated_GiB": 0.27208948135375977}
{"step": 10800, "samples": 691200, "level_sample_counts": {"L0": 230400, "L1": 230400, "L2": 230400}, "elapsed_train_s": 1550.5259050400055, "lr": [3.772572564296005e-05, 3.7725725642960047e-06], "loss": 0.026763458736240864, "l1": 0.02621824011206627, "kl": 5.452185869216919e-05, "memory_allocated_GiB": 0.27306604385375977}
{"step": 10850, "samples": 694400, "level_sample_counts": {"L0": 231467, "L1": 231467, "L2": 231466}, "elapsed_train_s": 1552.6690052550111, "lr": [3.728100696192218e-05, 3.7281006961922184e-06], "loss": 0.02676528424024582, "l1": 0.02625109788030386, "kl": 5.141864530742168e-05, "memory_allocated_GiB": 0.27367639541625977}
{"step": 10900, "samples": 697600, "level_sample_counts": {"L0": 232534, "L1": 232533, "L2": 232533}, "elapsed_train_s": 1554.808520474995, "lr": [3.683736152177005e-05, 3.6837361521770056e-06], "loss": 0.02663520347326994, "l1": 0.026070616357028484, "kl": 5.645871162414551e-05, "memory_allocated_GiB": 0.27208948135375977}
{"step": 10950, "samples": 700800, "level_sample_counts": {"L0": 233600, "L1": 233600, "L2": 233600}, "elapsed_train_s": 1556.976311159, "lr": [3.639482675773324e-05, 3.639482675773324e-06], "loss": 0.02729558862745762, "l1": 0.026762338802218438, "kl": 5.3324978798627855e-05, "memory_allocated_GiB": 0.27306604385375977}
{"step": 11000, "samples": 704000, "level_sample_counts": {"L0": 234667, "L1": 234667, "L2": 234666}, "elapsed_train_s": 1559.0641038850008, "lr": [3.595344001132154e-05, 3.595344001132154e-06], "loss": 0.02708891935646534, "l1": 0.026576453037559986, "kl": 5.124663002789021e-05, "memory_allocated_GiB": 0.27367639541625977}
{"step": 11050, "samples": 707200, "level_sample_counts": {"L0": 235734, "L1": 235733, "L2": 235733}, "elapsed_train_s": 1561.186102298001, "lr": [3.551323852717378e-05, 3.5513238527173775e-06], "loss": 0.026975391395390035, "l1": 0.02649721797555685, "kl": 4.781735129654407e-05, "memory_allocated_GiB": 0.27208948135375977}
{"step": 11100, "samples": 710400, "level_sample_counts": {"L0": 236800, "L1": 236800, "L2": 236800}, "elapsed_train_s": 1563.3672277640144, "lr": [3.5074259449915284e-05, 3.507425944991529e-06], "loss": 0.026653289832174777, "l1": 0.026128416433930397, "kl": 5.2487319335341455e-05, "memory_allocated_GiB": 0.27306604385375977}
{"step": 11150, "samples": 713600, "level_sample_counts": {"L0": 237867, "L1": 237867, "L2": 237866}, "elapsed_train_s": 1565.5753042449942, "lr": [3.463653982102347e-05, 3.4636539821023475e-06], "loss": 0.02670760065317154, "l1": 0.026188590750098228, "kl": 5.190099589526653e-05, "memory_allocated_GiB": 0.27367639541625977}
{"step": 11200, "samples": 716800, "level_sample_counts": {"L0": 238934, "L1": 238933, "L2": 238933}, "elapsed_train_s": 1567.815634055005, "lr": [3.420011657570238e-05, 3.420011657570238e-06], "loss": 0.02653183814138174, "l1": 0.026020441353321076, "kl": 5.113968625664711e-05, "memory_allocated_GiB": 0.27208948135375977}
{"step": 11250, "samples": 720000, "level_sample_counts": {"L0": 240000, "L1": 240000, "L2": 240000}, "elapsed_train_s": 1570.0386421880103, "lr": [3.3765026539765834e-05, 3.3765026539765832e-06], "loss": 0.026596423387527466, "l1": 0.026110413521528243, "kl": 4.8600975424051286e-05, "memory_allocated_GiB": 0.27306604385375977}
{"step": 11300, "samples": 723200, "level_sample_counts": {"L0": 241067, "L1": 241067, "L2": 241066}, "elapsed_train_s": 1572.3303007930226, "lr": [3.333130642653024e-05, 3.333130642653024e-06], "loss": 0.026373309269547462, "l1": 0.02589297991245985, "kl": 4.803291521966457e-05, "memory_allocated_GiB": 0.27367639541625977}
{"step": 11350, "samples": 726400, "level_sample_counts": {"L0": 242134, "L1": 242133, "L2": 242133}, "elapsed_train_s": 1574.9443295010133, "lr": [3.289899283371657e-05, 3.289899283371657e-06], "loss": 0.026313672848045824, "l1": 0.025850263573229313, "kl": 4.634092561900616e-05, "memory_allocated_GiB": 0.27208948135375977}
{"step": 11400, "samples": 729600, "level_sample_counts": {"L0": 243200, "L1": 243200, "L2": 243200}, "elapsed_train_s": 1577.3453005230112, "lr": [3.2468122240362284e-05, 3.2468122240362287e-06], "loss": 0.026564153358340264, "l1": 0.02607629735022783, "kl": 4.878560081124306e-05, "memory_allocated_GiB": 0.27306604385375977}
{"step": 11450, "samples": 732800, "level_sample_counts": {"L0": 244267, "L1": 244267, "L2": 244266}, "elapsed_train_s": 1579.773950820003, "lr": [3.203873100374314e-05, 3.203873100374314e-06], "loss": 0.026212516948580743, "l1": 0.02574338160455227, "kl": 4.691353999078274e-05, "memory_allocated_GiB": 0.27367639541625977}
{"step": 11500, "samples": 736000, "level_sample_counts": {"L0": 245334, "L1": 245333, "L2": 245333}, "elapsed_train_s": 1582.2191786270123, "lr": [3.1610855356305354e-05, 3.1610855356305354e-06], "loss": 0.026491772159934045, "l1": 0.026028063781559467, "kl": 4.6370839700102804e-05, "memory_allocated_GiB": 0.27208948135375977}
{"step": 11550, "samples": 739200, "level_sample_counts": {"L0": 246400, "L1": 246400, "L2": 246400}, "elapsed_train_s": 1584.698003233003, "lr": [3.118453140260823e-05, 3.118453140260823e-06], "loss": 0.026518343798816204, "l1": 0.026006009578704834, "kl": 5.123342387378216e-05, "memory_allocated_GiB": 0.27306604385375977}
{"step": 11600, "samples": 742400, "level_sample_counts": {"L0": 247467, "L1": 247467, "L2": 247466}, "elapsed_train_s": 1587.1891443190107, "lr": [3.0759795116277725e-05, 3.0759795116277723e-06], "loss": 0.026360337063670157, "l1": 0.025903624296188355, "kl": 4.567127674818039e-05, "memory_allocated_GiB": 0.27367639541625977}
{"step": 11650, "samples": 745600, "level_sample_counts": {"L0": 248534, "L1": 248533, "L2": 248533}, "elapsed_train_s": 1589.6078310890007, "lr": [3.0336682336970846e-05, 3.0336682336970845e-06], "loss": 0.026218951605260374, "l1": 0.0257464786618948, "kl": 4.724729806184769e-05, "memory_allocated_GiB": 0.27208948135375977}
{"step": 11700, "samples": 748800, "level_sample_counts": {"L0": 249600, "L1": 249600, "L2": 249600}, "elapsed_train_s": 1592.0479694110109, "lr": [2.991522876735154e-05, 2.991522876735154e-06], "loss": 0.026138144098222255, "l1": 0.025685644671320916, "kl": 4.524991847574711e-05, "memory_allocated_GiB": 0.27306604385375977}
{"step": 11750, "samples": 752000, "level_sample_counts": {"L0": 250667, "L1": 250667, "L2": 250666}, "elapsed_train_s": 1594.4884838130092, "lr": [2.9495469970078e-05, 2.9495469970078e-06], "loss": 0.026093530915677548, "l1": 0.025647847205400465, "kl": 4.45683766156435e-05, "memory_allocated_GiB": 0.27367639541625977}
{"step": 11800, "samples": 755200, "level_sample_counts": {"L0": 251734, "L1": 251733, "L2": 251733}, "elapsed_train_s": 1596.930246163014, "lr": [2.9077441364801938e-05, 2.907744136480194e-06], "loss": 0.026199610605835914, "l1": 0.025735231935977935, "kl": 4.643787629902363e-05, "memory_allocated_GiB": 0.27208948135375977}
{"step": 11850, "samples": 758400, "level_sample_counts": {"L0": 252800, "L1": 252800, "L2": 252800}, "elapsed_train_s": 1599.3989566980163, "lr": [2.866117822517982e-05, 2.866117822517982e-06], "loss": 0.02615321021527052, "l1": 0.025680892132222653, "kl": 4.723180085420609e-05, "memory_allocated_GiB": 0.27306604385375977}
{"step": 11900, "samples": 761600, "level_sample_counts": {"L0": 253867, "L1": 253867, "L2": 253866}, "elapsed_train_s": 1601.8970927850169, "lr": [2.824671567589635e-05, 2.8246715675896354e-06], "loss": 0.02589920926839113, "l1": 0.025451374873518944, "kl": 4.4783437624573706e-05, "memory_allocated_GiB": 0.27367639541625977}
{"step": 11950, "samples": 764800, "level_sample_counts": {"L0": 254934, "L1": 254933, "L2": 254933}, "elapsed_train_s": 1604.336186747998, "lr": [2.783408868970071e-05, 2.783408868970071e-06], "loss": 0.025670708641409874, "l1": 0.025221059434115886, "kl": 4.496489651501179e-05, "memory_allocated_GiB": 0.27208948135375977}
{"step": 12000, "samples": 768000, "level_sample_counts": {"L0": 256000, "L1": 256000, "L2": 256000}, "elapsed_train_s": 1606.7942307170015, "lr": [2.7423332084455544e-05, 2.7423332084455543e-06], "loss": 0.025979079566895963, "l1": 0.025505123063921928, "kl": 4.739563912153244e-05, "memory_allocated_GiB": 0.27306604385375977}
{"step": 12050, "samples": 771200, "level_sample_counts": {"L0": 257067, "L1": 257067, "L2": 257066}, "elapsed_train_s": 1609.2789565919957, "lr": [2.701448052019888e-05, 2.7014480520198882e-06], "loss": 0.025605265945196153, "l1": 0.02517479658126831, "kl": 4.304693080484867e-05, "memory_allocated_GiB": 0.27367639541625977}
{"step": 12100, "samples": 774400, "level_sample_counts": {"L0": 258134, "L1": 258133, "L2": 258133}, "elapsed_train_s": 1611.7898998430173, "lr": [2.660756849621962e-05, 2.660756849621962e-06], "loss": 0.025819670930504798, "l1": 0.025386052913963796, "kl": 4.3361801654100416e-05, "memory_allocated_GiB": 0.27208948135375977}
{"step": 12150, "samples": 777600, "level_sample_counts": {"L0": 259200, "L1": 259200, "L2": 259200}, "elapsed_train_s": 1614.190026436001, "lr": [2.6202630348146324e-05, 2.6202630348146323e-06], "loss": 0.026031455025076866, "l1": 0.02560242708772421, "kl": 4.2902808636426926e-05, "memory_allocated_GiB": 0.27306604385375977}
{"step": 12200, "samples": 780800, "level_sample_counts": {"L0": 260267, "L1": 260267, "L2": 260266}, "elapsed_train_s": 1616.6480914450076, "lr": [2.5799700245050074e-05, 2.5799700245050074e-06], "loss": 0.025776439644396305, "l1": 0.02534932777285576, "kl": 4.271119832992554e-05, "memory_allocated_GiB": 0.27367639541625977}
{"step": 12250, "samples": 784000, "level_sample_counts": {"L0": 261334, "L1": 261333, "L2": 261333}, "elapsed_train_s": 1619.0688280820032, "lr": [2.5398812186561095e-05, 2.5398812186561095e-06], "loss": 0.025669809207320215, "l1": 0.02522817213088274, "kl": 4.416370764374733e-05, "memory_allocated_GiB": 0.27208948135375977}
{"step": 12300, "samples": 787200, "level_sample_counts": {"L0": 262400, "L1": 262400, "L2": 262400}, "elapsed_train_s": 1621.5420907710213, "lr": [2.500000000000001e-05, 2.5000000000000015e-06], "loss": 0.02544694259762764, "l1": 0.025021332316100597, "kl": 4.2561022564768794e-05, "memory_allocated_GiB": 0.27306604385375977}
{"step": 12350, "samples": 790400, "level_sample_counts": {"L0": 263467, "L1": 263467, "L2": 263466}, "elapsed_train_s": 1624.0237707100168, "lr": [2.4603297337523294e-05, 2.4603297337523297e-06], "loss": 0.025467637218534945, "l1": 0.02504107229411602, "kl": 4.265649244189262e-05, "memory_allocated_GiB": 0.27367639541625977}
{"step": 12400, "samples": 793600, "level_sample_counts": {"L0": 264534, "L1": 264533, "L2": 264533}, "elapsed_train_s": 1626.497658038017, "lr": [2.4208737673283815e-05, 2.4208737673283818e-06], "loss": 0.02586271569132805, "l1": 0.025442214831709862, "kl": 4.205008037388325e-05, "memory_allocated_GiB": 0.27208948135375977}
{"step": 12450, "samples": 796800, "level_sample_counts": {"L0": 265600, "L1": 265600, "L2": 265600}, "elapsed_train_s": 1628.972217675997, "lr": [2.381635430060611e-05, 2.381635430060611e-06], "loss": 0.025512919537723066, "l1": 0.02509857039898634, "kl": 4.1434923186898235e-05, "memory_allocated_GiB": 0.27306604385375977}
{"step": 12500, "samples": 800000, "level_sample_counts": {"L0": 266667, "L1": 266667, "L2": 266666}, "elapsed_train_s": 1631.4742000279948, "lr": [2.3426180329177215e-05, 2.3426180329177217e-06], "loss": 0.02551756501197815, "l1": 0.02513114534318447, "kl": 3.864196129143238e-05, "memory_allocated_GiB": 0.27367639541625977}
{"step": 12550, "samples": 803200, "level_sample_counts": {"L0": 267734, "L1": 267733, "L2": 267733}, "elapsed_train_s": 1633.9019919860002, "lr": [2.3038248682252693e-05, 2.3038248682252695e-06], "loss": 0.025455200262367726, "l1": 0.025039053745567797, "kl": 4.161466844379902e-05, "memory_allocated_GiB": 0.27208948135375977}
{"step": 12600, "samples": 806400, "level_sample_counts": {"L0": 268800, "L1": 268800, "L2": 268800}, "elapsed_train_s": 1636.3664831969945, "lr": [2.2652592093878666e-05, 2.265259209387867e-06], "loss": 0.025455644093453883, "l1": 0.024993789754807948, "kl": 4.61854413151741e-05, "memory_allocated_GiB": 0.27306604385375977}
DEVELOPMENT {"L0": {"step": 12600, "summary": {"success_once": {"mean": 1.0, "std": 0.0}, "return": {"mean": 412.74853515625, "std": 4.397501468658447}, "episode_len": {"mean": 500.0, "std": 0.0}, "reward": {"mean": 0.8254970336914063, "std": 0.008795003088292987}, "last_reward": {"mean": 1.0, "std": 0.0}, "success_at_end": {"mean": 1.0, "std": 0.0}}, "stages": {"is_grasped": 20, "is_mug_above_table": 20, "is_mug_contact_rack": 20, "is_obj_placed": 20, "success": 20}}, "L1": {"step": 12600, "summary": {"success_once": {"mean": 1.0, "std": 0.0}, "return": {"mean": 395.4025573730469, "std": 3.8300952911376953}, "episode_len": {"mean": 500.0, "std": 0.0}, "reward": {"mean": 0.790805059814453, "std": 0.00766019071975113}, "last_reward": {"mean": 1.0, "std": 0.0}, "success_at_end": {"mean": 1.0, "std": 0.0}}, "stages": {"is_grasped": 20, "is_mug_above_table": 20, "is_mug_contact_rack": 20, "is_obj_placed": 20, "success": 20}}, "L2": {"step": 12600, "summary": {"success_once": {"mean": 1.0, "std": 0.0}, "return": {"mean": 404.4148254394531, "std": 3.812863826751709}, "episode_len": {"mean": 500.0, "std": 0.0}, "reward": {"mean": 0.808829675292969, "std": 0.0076257280980063236}, "last_reward": {"mean": 1.0, "std": 0.0}, "success_at_end": {"mean": 0.95, "std": 0.21794494717703372}}, "stages": {"is_grasped": 20, "is_mug_above_table": 20, "is_mug_contact_rack": 20, "is_obj_placed": 20, "success": 20}}}
{"step": 12650, "samples": 809600, "level_sample_counts": {"L0": 269867, "L1": 269867, "L2": 269866}, "elapsed_train_s": 1938.470534009015, "lr": [2.226924310612956e-05, 2.2269243106129563e-06], "loss": 0.025410256199538708, "l1": 0.024968173131346704, "kl": 4.420830868184566e-05, "memory_allocated_GiB": 0.27367639541625977}
{"step": 12700, "samples": 812800, "level_sample_counts": {"L0": 270934, "L1": 270933, "L2": 270933}, "elapsed_train_s": 1942.1427115710103, "lr": [2.1888234066362302e-05, 2.1888234066362303e-06], "loss": 0.025397742092609407, "l1": 0.024969525821506976, "kl": 4.2821643874049186e-05, "memory_allocated_GiB": 0.27208948135375977}
{"step": 12750, "samples": 816000, "level_sample_counts": {"L0": 272000, "L1": 272000, "L2": 272000}, "elapsed_train_s": 1945.7015272190038, "lr": [2.150959712448669e-05, 2.1509597124486693e-06], "loss": 0.025420264527201652, "l1": 0.02502388637512922, "kl": 3.963783383369446e-05, "memory_allocated_GiB": 0.27306604385375977}
{"step": 12800, "samples": 819200, "level_sample_counts": {"L0": 273067, "L1": 273067, "L2": 273066}, "elapsed_train_s": 1949.4173099760083, "lr": [2.1133364230252688e-05, 2.113336423025269e-06], "loss": 0.025438765399158, "l1": 0.025030228979885577, "kl": 4.085363820195198e-05, "memory_allocated_GiB": 0.27367639541625977}
{"step": 12850, "samples": 822400, "level_sample_counts": {"L0": 274134, "L1": 274133, "L2": 274133}, "elapsed_train_s": 1953.131484943995, "lr": [2.075956713055432e-05, 2.075956713055432e-06], "loss": 0.02522084441035986, "l1": 0.024819038212299346, "kl": 4.0180627256631854e-05, "memory_allocated_GiB": 0.27208948135375977}
{"step": 12900, "samples": 825600, "level_sample_counts": {"L0": 275200, "L1": 275200, "L2": 275200}, "elapsed_train_s": 1956.9995347740187, "lr": [2.0388237366751006e-05, 2.0388237366751005e-06], "loss": 0.02513553500175476, "l1": 0.02472441267222166, "kl": 4.111222922801971e-05, "memory_allocated_GiB": 0.27306604385375977}
{"step": 12950, "samples": 828800, "level_sample_counts": {"L0": 276267, "L1": 276267, "L2": 276266}, "elapsed_train_s": 1960.6855713289988, "lr": [2.0019406272005915e-05, 2.0019406272005913e-06], "loss": 0.024911812394857406, "l1": 0.024534791074693203, "kl": 3.770215436816215e-05, "memory_allocated_GiB": 0.27367639541625977}
{"step": 13000, "samples": 832000, "level_sample_counts": {"L0": 277334, "L1": 277333, "L2": 277333}, "elapsed_train_s": 1964.3051236199972, "lr": [1.9653104968642173e-05, 1.965310496864217e-06], "loss": 0.025465675778687, "l1": 0.02507912468165159, "kl": 3.865511156618595e-05, "memory_allocated_GiB": 0.27208948135375977}
{"step": 13050, "samples": 835200, "level_sample_counts": {"L0": 278400, "L1": 278400, "L2": 278400}, "elapsed_train_s": 1967.9668888860033, "lr": [1.928936436551661e-05, 1.928936436551661e-06], "loss": 0.02528202936053276, "l1": 0.024908388629555703, "kl": 3.7364065647125245e-05, "memory_allocated_GiB": 0.27306604385375977}
{"step": 13100, "samples": 838400, "level_sample_counts": {"L0": 279467, "L1": 279467, "L2": 279466}, "elapsed_train_s": 1971.5104074440023, "lr": [1.8928215155411773e-05, 1.8928215155411773e-06], "loss": 0.024900670498609542, "l1": 0.024524767734110355, "kl": 3.7590283900499346e-05, "memory_allocated_GiB": 0.27367639541625977}
{"step": 13150, "samples": 841600, "level_sample_counts": {"L0": 280534, "L1": 280533, "L2": 280533}, "elapsed_train_s": 1975.1407676710223, "lr": [1.8569687812445896e-05, 1.8569687812445898e-06], "loss": 0.025152840353548526, "l1": 0.02478211123496294, "kl": 3.707291558384895e-05, "memory_allocated_GiB": 0.27208948135375977}
{"step": 13200, "samples": 844800, "level_sample_counts": {"L0": 281600, "L1": 281600, "L2": 281600}, "elapsed_train_s": 1978.753771520016, "lr": [1.821381258950161e-05, 1.8213812589501611e-06], "loss": 0.024659114144742488, "l1": 0.02424353439360857, "kl": 4.1557978838682175e-05, "memory_allocated_GiB": 0.27306604385375977}
{"step": 13250, "samples": 848000, "level_sample_counts": {"L0": 282667, "L1": 282667, "L2": 282666}, "elapsed_train_s": 1982.4467648760183, "lr": [1.7860619515673033e-05, 1.7860619515673034e-06], "loss": 0.02471194639801979, "l1": 0.02433045092970133, "kl": 3.814955241978168e-05, "memory_allocated_GiB": 0.27367639541625977}
{"step": 13300, "samples": 851200, "level_sample_counts": {"L0": 283734, "L1": 283733, "L2": 283733}, "elapsed_train_s": 1986.0905649750202, "lr": [1.7510138393732028e-05, 1.7510138393732029e-06], "loss": 0.024990068413317204, "l1": 0.024616899043321608, "kl": 3.7316931411623955e-05, "memory_allocated_GiB": 0.27208948135375977}
{"step": 13350, "samples": 854400, "level_sample_counts": {"L0": 284800, "L1": 284800, "L2": 284800}, "elapsed_train_s": 1989.6856520970177, "lr": [1.7162398797613282e-05, 1.7162398797613284e-06], "loss": 0.0248420524969697, "l1": 0.024469262659549712, "kl": 3.7278970703482626e-05, "memory_allocated_GiB": 0.27306604385375977}
{"step": 13400, "samples": 857600, "level_sample_counts": {"L0": 285867, "L1": 285867, "L2": 285866}, "elapsed_train_s": 1993.3387807249965, "lr": [1.681743006991894e-05, 1.6817430069918939e-06], "loss": 0.024822601042687895, "l1": 0.024444840438663958, "kl": 3.777606412768364e-05, "memory_allocated_GiB": 0.27367639541625977}
{"step": 13450, "samples": 860800, "level_sample_counts": {"L0": 286934, "L1": 286933, "L2": 286933}, "elapsed_train_s": 1996.9197867650073, "lr": [1.6475261319442553e-05, 1.6475261319442553e-06], "loss": 0.024536328352987767, "l1": 0.024175101555883885, "kl": 3.612268716096878e-05, "memory_allocated_GiB": 0.27208948135375977}
{"step": 13500, "samples": 864000, "level_sample_counts": {"L0": 288000, "L1": 288000, "L2": 288000}, "elapsed_train_s": 2000.5208527090144, "lr": [1.6135921418712956e-05, 1.6135921418712959e-06], "loss": 0.02529868934303522, "l1": 0.0249008284509182, "kl": 3.9786091074347494e-05, "memory_allocated_GiB": 0.27306604385375977}
{"step": 13550, "samples": 867200, "level_sample_counts": {"L0": 289067, "L1": 289067, "L2": 289066}, "elapsed_train_s": 2004.1286525049945, "lr": [1.5799439001557846e-05, 1.5799439001557847e-06], "loss": 0.024842900335788728, "l1": 0.02448347944766283, "kl": 3.59420757740736e-05, "memory_allocated_GiB": 0.27367639541625977}
{"step": 13600, "samples": 870400, "level_sample_counts": {"L0": 290134, "L1": 290133, "L2": 290133}, "elapsed_train_s": 2007.912050924002, "lr": [1.5465842460687784e-05, 1.5465842460687786e-06], "loss": 0.02457510504871607, "l1": 0.024214554280042648, "kl": 3.6055073142051694e-05, "memory_allocated_GiB": 0.27208948135375977}
{"step": 13650, "samples": 873600, "level_sample_counts": {"L0": 291200, "L1": 291200, "L2": 291200}, "elapsed_train_s": 2011.5561093330034, "lr": [1.5135159945300231e-05, 1.5135159945300232e-06], "loss": 0.024719428196549417, "l1": 0.024354857988655568, "kl": 3.645702265202999e-05, "memory_allocated_GiB": 0.27306604385375977}
{"step": 13700, "samples": 876800, "level_sample_counts": {"L0": 292267, "L1": 292267, "L2": 292266}, "elapsed_train_s": 2015.2444268650142, "lr": [1.4807419358704433e-05, 1.4807419358704433e-06], "loss": 0.025030907019972803, "l1": 0.024664206020534037, "kl": 3.667009994387627e-05, "memory_allocated_GiB": 0.27367639541625977}
{"step": 13750, "samples": 880000, "level_sample_counts": {"L0": 293334, "L1": 293333, "L2": 293333}, "elapsed_train_s": 2018.8547405470163, "lr": [1.44826483559668e-05, 1.44826483559668e-06], "loss": 0.024738152250647544, "l1": 0.02439071696251631, "kl": 3.4743528813123705e-05, "memory_allocated_GiB": 0.27208948135375977}
{"step": 13800, "samples": 883200, "level_sample_counts": {"L0": 294400, "L1": 294400, "L2": 294400}, "elapsed_train_s": 2022.4797251900018, "lr": [1.4160874341577446e-05, 1.4160874341577447e-06], "loss": 0.024787699095904826, "l1": 0.024453281313180922, "kl": 3.344177268445492e-05, "memory_allocated_GiB": 0.27306604385375977}
{"step": 13850, "samples": 886400, "level_sample_counts": {"L0": 295467, "L1": 295467, "L2": 295466}, "elapsed_train_s": 2026.166350664018, "lr": [1.3842124467137662e-05, 1.3842124467137664e-06], "loss": 0.02447960466146469, "l1": 0.024142373241484164, "kl": 3.3723134547472e-05, "memory_allocated_GiB": 0.27367639541625977}
{"step": 13900, "samples": 889600, "level_sample_counts": {"L0": 296534, "L1": 296533, "L2": 296533}, "elapsed_train_s": 2029.779003514006, "lr": [1.3526425629068967e-05, 1.3526425629068968e-06], "loss": 0.024608521535992623, "l1": 0.024263630360364913, "kl": 3.44891007989645e-05, "memory_allocated_GiB": 0.27208948135375977}
{"step": 13950, "samples": 892800, "level_sample_counts": {"L0": 297600, "L1": 297600, "L2": 297600}, "elapsed_train_s": 2033.3341428970161, "lr": [1.3213804466343421e-05, 1.321380446634342e-06], "loss": 0.024574725069105626, "l1": 0.02423230476677418, "kl": 3.424203023314476e-05, "memory_allocated_GiB": 0.27306604385375977}
{"step": 14000, "samples": 896000, "level_sample_counts": {"L0": 298667, "L1": 298667, "L2": 298666}, "elapsed_train_s": 2037.0282084320206, "lr": [1.2904287358235928e-05, 1.290428735823593e-06], "loss": 0.024784645587205886, "l1": 0.024421892985701563, "kl": 3.627526573836803e-05, "memory_allocated_GiB": 0.27367639541625977}
{"step": 14050, "samples": 899200, "level_sample_counts": {"L0": 299734, "L1": 299733, "L2": 299733}, "elapsed_train_s": 2040.7380520760198, "lr": [1.259790042209823e-05, 1.259790042209823e-06], "loss": 0.024713113605976104, "l1": 0.024370468705892562, "kl": 3.4264503046870235e-05, "memory_allocated_GiB": 0.27208948135375977}
{"step": 14100, "samples": 902400, "level_sample_counts": {"L0": 300800, "L1": 300800, "L2": 300800}, "elapsed_train_s": 2044.3571217069984, "lr": [1.2294669511155193e-05, 1.2294669511155193e-06], "loss": 0.02435267101973295, "l1": 0.024020575322210788, "kl": 3.320957534015179e-05, "memory_allocated_GiB": 0.27306604385375977}
{"step": 14150, "samples": 905600, "level_sample_counts": {"L0": 301867, "L1": 301867, "L2": 301866}, "elapsed_train_s": 2048.085211927013, "lr": [1.1994620212323177e-05, 1.1994620212323177e-06], "loss": 0.024509698823094367, "l1": 0.024179779663681983, "kl": 3.299192525446415e-05, "memory_allocated_GiB": 0.27367639541625977}
{"step": 14200, "samples": 908800, "level_sample_counts": {"L0": 302934, "L1": 302933, "L2": 302933}, "elapsed_train_s": 2051.4617704210104, "lr": [1.1697777844051105e-05, 1.1697777844051105e-06], "loss": 0.02484539583325386, "l1": 0.024505055882036685, "kl": 3.403398208320141e-05, "memory_allocated_GiB": 0.27208948135375977}
{"step": 14250, "samples": 912000, "level_sample_counts": {"L0": 304000, "L1": 304000, "L2": 304000}, "elapsed_train_s": 2055.161881838023, "lr": [1.1404167454183957e-05, 1.1404167454183957e-06], "loss": 0.02436093796044588, "l1": 0.0240030649676919, "kl": 3.5787308588624e-05, "memory_allocated_GiB": 0.27306604385375977}
{"step": 14300, "samples": 915200, "level_sample_counts": {"L0": 305067, "L1": 305067, "L2": 305066}, "elapsed_train_s": 2058.918038552016, "lr": [1.111381381784931e-05, 1.1113813817849312e-06], "loss": 0.024786783196032048, "l1": 0.024452975057065486, "kl": 3.338080830872059e-05, "memory_allocated_GiB": 0.27367639541625977}
{"step": 14350, "samples": 918400, "level_sample_counts": {"L0": 306134, "L1": 306133, "L2": 306133}, "elapsed_train_s": 2062.577989459998, "lr": [1.0826741435366695e-05, 1.0826741435366694e-06], "loss": 0.02434244278818369, "l1": 0.02401135265827179, "kl": 3.31090297549963e-05, "memory_allocated_GiB": 0.27208948135375977}
{"step": 14400, "samples": 921600, "level_sample_counts": {"L0": 307200, "L1": 307200, "L2": 307200}, "elapsed_train_s": 2066.1121113710105, "lr": [1.0542974530180327e-05, 1.0542974530180327e-06], "loss": 0.02429984577000141, "l1": 0.02396471131592989, "kl": 3.3513456583023074e-05, "memory_allocated_GiB": 0.27306604385375977}
{"step": 14450, "samples": 924800, "level_sample_counts": {"L0": 308267, "L1": 308267, "L2": 308266}, "elapsed_train_s": 2069.758692738018, "lr": [1.0262537046815018e-05, 1.026253704681502e-06], "loss": 0.024758575409650804, "l1": 0.024420166946947576, "kl": 3.384086303412914e-05, "memory_allocated_GiB": 0.27367639541625977}
{"step": 14500, "samples": 928000, "level_sample_counts": {"L0": 309334, "L1": 309333, "L2": 309333}, "elapsed_train_s": 2073.355617037014, "lr": [9.985452648855803e-06, 9.985452648855803e-07], "loss": 0.024170837961137295, "l1": 0.023837194703519346, "kl": 3.3364305272698404e-05, "memory_allocated_GiB": 0.27208948135375977}
{"step": 14550, "samples": 931200, "level_sample_counts": {"L0": 310400, "L1": 310400, "L2": 310400}, "elapsed_train_s": 2076.99713079902, "lr": [9.711744716951093e-06, 9.711744716951093e-07], "loss": 0.024336876906454565, "l1": 0.024000423811376095, "kl": 3.364529460668564e-05, "memory_allocated_GiB": 0.27306604385375977}
{"step": 14600, "samples": 934400, "level_sample_counts": {"L0": 311467, "L1": 311467, "L2": 311466}, "elapsed_train_s": 2080.579670827021, "lr": [9.441436346839894e-06, 9.441436346839894e-07], "loss": 0.02445899698883295, "l1": 0.024124938659369946, "kl": 3.3405832946300505e-05, "memory_allocated_GiB": 0.27367639541625977}
{"step": 14650, "samples": 937600, "level_sample_counts": {"L0": 312534, "L1": 312533, "L2": 312533}, "elapsed_train_s": 2084.1741789700172, "lr": [9.174550347402855e-06, 9.174550347402856e-07], "loss": 0.024250376559793948, "l1": 0.02392214212566614, "kl": 3.2823439687490465e-05, "memory_allocated_GiB": 0.27208948135375977}
{"step": 14700, "samples": 940800, "level_sample_counts": {"L0": 313600, "L1": 313600, "L2": 313600}, "elapsed_train_s": 2087.8807167480118, "lr": [8.911109238737747e-06, 8.911109238737748e-07], "loss": 0.02467427499592304, "l1": 0.024345325045287608, "kl": 3.289501182734966e-05, "memory_allocated_GiB": 0.27306604385375977}
{"step": 14750, "samples": 944000, "level_sample_counts": {"L0": 314667, "L1": 314667, "L2": 314666}, "elapsed_train_s": 2091.5688654200057, "lr": [8.651135250259091e-06, 8.651135250259091e-07], "loss": 0.02474217977374792, "l1": 0.02441290959715843, "kl": 3.29270213842392e-05, "memory_allocated_GiB": 0.27367639541625977}
{"step": 14800, "samples": 947200, "level_sample_counts": {"L0": 315734, "L1": 315733, "L2": 315733}, "elapsed_train_s": 2095.28297831901, "lr": [8.3946503188225e-06, 8.3946503188225e-07], "loss": 0.024054067358374596, "l1": 0.023736807592213152, "kl": 3.172597847878933e-05, "memory_allocated_GiB": 0.27208948135375977}
{"step": 14850, "samples": 950400, "level_sample_counts": {"L0": 316800, "L1": 316800, "L2": 316800}, "elapsed_train_s": 2098.844268173998, "lr": [8.141676086873572e-06, 8.141676086873574e-07], "loss": 0.024408836103975772, "l1": 0.024094961509108545, "kl": 3.1387461349368094e-05, "memory_allocated_GiB": 0.27306604385375977}
{"step": 14900, "samples": 953600, "level_sample_counts": {"L0": 317867, "L1": 317867, "L2": 317866}, "elapsed_train_s": 2102.649965665012, "lr": [7.89223390062172e-06, 7.89223390062172e-07], "loss": 0.02414464421570301, "l1": 0.023829486295580862, "kl": 3.151576966047287e-05, "memory_allocated_GiB": 0.27367639541625977}
{"step": 14950, "samples": 956800, "level_sample_counts": {"L0": 318934, "L1": 318933, "L2": 318933}, "elapsed_train_s": 2106.2266482970153, "lr": [7.646344808238903e-06, 7.646344808238904e-07], "loss": 0.024112649075686932, "l1": 0.023796875290572644, "kl": 3.157735802233219e-05, "memory_allocated_GiB": 0.27208948135375977}
{"step": 15000, "samples": 960000, "level_sample_counts": {"L0": 320000, "L1": 320000, "L2": 320000}, "elapsed_train_s": 2110.0182635360106, "lr": [7.404029558083653e-06, 7.404029558083653e-07], "loss": 0.02433198016136885, "l1": 0.024026385247707366, "kl": 3.0559496954083445e-05, "memory_allocated_GiB": 0.27306604385375977}
{"step": 15050, "samples": 963200, "level_sample_counts": {"L0": 321067, "L1": 321067, "L2": 321066}, "elapsed_train_s": 2113.7175904840115, "lr": [7.165308596950182e-06, 7.165308596950182e-07], "loss": 0.024358604922890662, "l1": 0.024044389389455318, "kl": 3.1421566382050516e-05, "memory_allocated_GiB": 0.27367639541625977}
{"step": 15100, "samples": 966400, "level_sample_counts": {"L0": 322134, "L1": 322133, "L2": 322133}, "elapsed_train_s": 2117.2662203859945, "lr": [6.9302020683432055e-06, 6.930202068343206e-07], "loss": 0.02405550315976143, "l1": 0.023739750646054745, "kl": 3.157523460686207e-05, "memory_allocated_GiB": 0.27208948135375977}
{"step": 15150, "samples": 969600, "level_sample_counts": {"L0": 323200, "L1": 323200, "L2": 323200}, "elapsed_train_s": 2120.833586674009, "lr": [6.698729810778065e-06, 6.698729810778065e-07], "loss": 0.024325645081698894, "l1": 0.024013247340917587, "kl": 3.123976290225983e-05, "memory_allocated_GiB": 0.27306604385375977}
{"step": 15200, "samples": 972800, "level_sample_counts": {"L0": 324267, "L1": 324267, "L2": 324266}, "elapsed_train_s": 2124.5831813359982, "lr": [6.470911356106885e-06, 6.470911356106885e-07], "loss": 0.02423362735658884, "l1": 0.023924649469554426, "kl": 3.089778125286102e-05, "memory_allocated_GiB": 0.27367639541625977}
{"step": 15250, "samples": 976000, "level_sample_counts": {"L0": 325334, "L1": 325333, "L2": 325333}, "elapsed_train_s": 2128.1255594760005, "lr": [6.246765927870313e-06, 6.246765927870313e-07], "loss": 0.02406371656805277, "l1": 0.02375738222151995, "kl": 3.0633443966507915e-05, "memory_allocated_GiB": 0.27208948135375977}
{"step": 15300, "samples": 979200, "level_sample_counts": {"L0": 326400, "L1": 326400, "L2": 326400}, "elapsed_train_s": 2131.7749475080054, "lr": [6.026312439675552e-06, 6.026312439675553e-07], "loss": 0.0240023410320282, "l1": 0.02369278248399496, "kl": 3.095585852861404e-05, "memory_allocated_GiB": 0.27306604385375977}
{"step": 15350, "samples": 982400, "level_sample_counts": {"L0": 327467, "L1": 327467, "L2": 327466}, "elapsed_train_s": 2135.4932580510213, "lr": [5.809569493600281e-06, 5.809569493600281e-07], "loss": 0.024105069898068904, "l1": 0.02380002148449421, "kl": 3.050483763217926e-05, "memory_allocated_GiB": 0.27367639541625977}
{"step": 15400, "samples": 985600, "level_sample_counts": {"L0": 328534, "L1": 328533, "L2": 328533}, "elapsed_train_s": 2139.1245939859946, "lr": [5.596555378623125e-06, 5.596555378623126e-07], "loss": 0.0243933142721653, "l1": 0.0240903664752841, "kl": 3.029476851224899e-05, "memory_allocated_GiB": 0.27208948135375977}
{"step": 15450, "samples": 988800, "level_sample_counts": {"L0": 329600, "L1": 329600, "L2": 329600}, "elapsed_train_s": 2142.815387515002, "lr": [5.387288069080299e-06, 5.387288069080298e-07], "loss": 0.024405042342841625, "l1": 0.024104520343244076, "kl": 3.0052205547690393e-05, "memory_allocated_GiB": 0.27306604385375977}
{"step": 15500, "samples": 992000, "level_sample_counts": {"L0": 330667, "L1": 330667, "L2": 330666}, "elapsed_train_s": 2146.3706556380203, "lr": [5.181785223148999e-06, 5.181785223148999e-07], "loss": 0.024253369607031346, "l1": 0.023948722817003727, "kl": 3.046467900276184e-05, "memory_allocated_GiB": 0.27367639541625977}
{"step": 15550, "samples": 995200, "level_sample_counts": {"L0": 331734, "L1": 331733, "L2": 331733}, "elapsed_train_s": 2149.945953046001, "lr": [4.980064181357319e-06, 4.980064181357319e-07], "loss": 0.023886252008378506, "l1": 0.023588187471032144, "kl": 2.9806457459926604e-05, "memory_allocated_GiB": 0.27208948135375977}
{"step": 15600, "samples": 998400, "level_sample_counts": {"L0": 332800, "L1": 332800, "L2": 332800}, "elapsed_train_s": 2153.6916017729964, "lr": [4.782141965121128e-06, 4.782141965121129e-07], "loss": 0.02409039679914713, "l1": 0.023780681118369104, "kl": 3.097156994044781e-05, "memory_allocated_GiB": 0.27306604385375977}
{"step": 15650, "samples": 1001600, "level_sample_counts": {"L0": 333867, "L1": 333867, "L2": 333866}, "elapsed_train_s": 2157.415311599005, "lr": [4.588035275307689e-06, 4.5880352753076894e-07], "loss": 0.023833674900233744, "l1": 0.023531919158995152, "kl": 3.0175568535923958e-05, "memory_allocated_GiB": 0.27367639541625977}
{"step": 15700, "samples": 1004800, "level_sample_counts": {"L0": 334934, "L1": 334933, "L2": 334933}, "elapsed_train_s": 2161.095391222014, "lr": [4.397760490826481e-06, 4.39776049082648e-07], "loss": 0.02402640298008919, "l1": 0.02373382367193699, "kl": 2.9257936403155328e-05, "memory_allocated_GiB": 0.27208948135375977}
{"step": 15750, "samples": 1008000, "level_sample_counts": {"L0": 336000, "L1": 336000, "L2": 336000}, "elapsed_train_s": 2164.6203300850175, "lr": [4.2113336672471245e-06, 4.211333667247125e-07], "loss": 0.023855590149760245, "l1": 0.02355719842016697, "kl": 2.9839174821972847e-05, "memory_allocated_GiB": 0.27306604385375977}
{"step": 15800, "samples": 1011200, "level_sample_counts": {"L0": 337067, "L1": 337067, "L2": 337066}, "elapsed_train_s": 2168.3244327059947, "lr": [4.028770535444615e-06, 4.0287705354446147e-07], "loss": 0.02405037671327591, "l1": 0.023758082427084447, "kl": 2.92294193059206e-05, "memory_allocated_GiB": 0.27367639541625977}
{"step": 15850, "samples": 1014400, "level_sample_counts": {"L0": 338134, "L1": 338133, "L2": 338133}, "elapsed_train_s": 2171.9733453289955, "lr": [3.850086500271871e-06, 3.850086500271871e-07], "loss": 0.023905061334371567, "l1": 0.023607655055820943, "kl": 2.9740631580352782e-05, "memory_allocated_GiB": 0.27208948135375977}
{"step": 15900, "samples": 1017600, "level_sample_counts": {"L0": 339200, "L1": 339200, "L2": 339200}, "elapsed_train_s": 2175.702073307999, "lr": [3.675296639259912e-06, 3.675296639259912e-07], "loss": 0.0238761680200696, "l1": 0.023579917587339877, "kl": 2.9625045135617258e-05, "memory_allocated_GiB": 0.27306604385375977}
{"step": 15950, "samples": 1020800, "level_sample_counts": {"L0": 340267, "L1": 340267, "L2": 340266}, "elapsed_train_s": 2179.386697155016, "lr": [3.504415701345615e-06, 3.504415701345615e-07], "loss": 0.024124127440154554, "l1": 0.023832874298095705, "kl": 2.9125306755304338e-05, "memory_allocated_GiB": 0.27367639541625977}
{"step": 16000, "samples": 1024000, "level_sample_counts": {"L0": 341334, "L1": 341333, "L2": 341333}, "elapsed_train_s": 2182.9622140220017, "lr": [3.3374581056271447e-06, 3.337458105627145e-07], "loss": 0.024278304502367974, "l1": 0.0239829720556736, "kl": 2.953324466943741e-05, "memory_allocated_GiB": 0.27208948135375977}
{"step": 16050, "samples": 1027200, "level_sample_counts": {"L0": 342400, "L1": 342400, "L2": 342400}, "elapsed_train_s": 2186.6548089490097, "lr": [3.1744379401472677e-06, 3.174437940147268e-07], "loss": 0.024349998049438, "l1": 0.02405692368745804, "kl": 2.9307445511221887e-05, "memory_allocated_GiB": 0.27306604385375977}
{"step": 16100, "samples": 1030400, "level_sample_counts": {"L0": 343467, "L1": 343467, "L2": 343466}, "elapsed_train_s": 2190.226592321007, "lr": [3.0153689607045845e-06, 3.015368960704584e-07], "loss": 0.023992968462407588, "l1": 0.02370499897748232, "kl": 2.8796959668397903e-05, "memory_allocated_GiB": 0.27367639541625977}
{"step": 16150, "samples": 1033600, "level_sample_counts": {"L0": 344534, "L1": 344533, "L2": 344533}, "elapsed_train_s": 2193.14014134201, "lr": [2.8602645896928295e-06, 2.860264589692829e-07], "loss": 0.023877096399664878, "l1": 0.023583237417042255, "kl": 2.9385900124907493e-05, "memory_allocated_GiB": 0.27208948135375977}
{"step": 16200, "samples": 1036800, "level_sample_counts": {"L0": 345600, "L1": 345600, "L2": 345600}, "elapsed_train_s": 2195.2576618900057, "lr": [2.7091379149682685e-06, 2.7091379149682683e-07], "loss": 0.023722709007561207, "l1": 0.023435183726251127, "kl": 2.8752535581588744e-05, "memory_allocated_GiB": 0.27306604385375977}
{"step": 16250, "samples": 1040000, "level_sample_counts": {"L0": 346667, "L1": 346667, "L2": 346666}, "elapsed_train_s": 2197.400367326016, "lr": [2.562001688745291e-06, 2.562001688745291e-07], "loss": 0.024194724783301355, "l1": 0.02390873420983553, "kl": 2.8599072247743607e-05, "memory_allocated_GiB": 0.27367639541625977}
{"step": 16300, "samples": 1043200, "level_sample_counts": {"L0": 347734, "L1": 347733, "L2": 347733}, "elapsed_train_s": 2199.5438453610113, "lr": [2.4188683265204127e-06, 2.4188683265204125e-07], "loss": 0.023755469657480717, "l1": 0.023466075100004674, "kl": 2.893945202231407e-05, "memory_allocated_GiB": 0.27208948135375977}
{"step": 16350, "samples": 1046400, "level_sample_counts": {"L0": 348800, "L1": 348800, "L2": 348800}, "elapsed_train_s": 2201.7103785260115, "lr": [2.2797499060246253e-06, 2.2797499060246253e-07], "loss": 0.023619050979614257, "l1": 0.023331772536039352, "kl": 2.872783690690994e-05, "memory_allocated_GiB": 0.27306604385375977}
{"step": 16400, "samples": 1049600, "level_sample_counts": {"L0": 349867, "L1": 349867, "L2": 349866}, "elapsed_train_s": 2203.8344432160084, "lr": [2.1446581662042942e-06, 2.1446581662042943e-07], "loss": 0.023882564455270767, "l1": 0.023598189912736416, "kl": 2.8437459841370584e-05, "memory_allocated_GiB": 0.27367639541625977}
{"step": 16450, "samples": 1052800, "level_sample_counts": {"L0": 350934, "L1": 350933, "L2": 350933}, "elapsed_train_s": 2205.9349523360142, "lr": [2.013604506230554e-06, 2.0136045062305543e-07], "loss": 0.024053057171404362, "l1": 0.023770397678017616, "kl": 2.826593816280365e-05, "memory_allocated_GiB": 0.27208948135375977}
{"step": 16500, "samples": 1056000, "level_sample_counts": {"L0": 352000, "L1": 352000, "L2": 352000}, "elapsed_train_s": 2208.1165937310143, "lr": [1.8865999845374793e-06, 1.8865999845374794e-07], "loss": 0.024032571837306022, "l1": 0.023751294799149038, "kl": 2.8127720579504967e-05, "memory_allocated_GiB": 0.27306604385375977}
{"step": 16550, "samples": 1059200, "level_sample_counts": {"L0": 353067, "L1": 353067, "L2": 353066}, "elapsed_train_s": 2210.256008780998, "lr": [1.7636553178889792e-06, 1.7636553178889792e-07], "loss": 0.023820933848619462, "l1": 0.023535678647458553, "kl": 2.852552570402622e-05, "memory_allocated_GiB": 0.27367639541625977}
{"step": 16600, "samples": 1062400, "level_sample_counts": {"L0": 354134, "L1": 354133, "L2": 354133}, "elapsed_train_s": 2212.4931731249962, "lr": [1.6447808804744668e-06, 1.6447808804744668e-07], "loss": 0.023738930448889733, "l1": 0.023453449867665767, "kl": 2.8548063710331917e-05, "memory_allocated_GiB": 0.27208948135375977}
{"step": 16650, "samples": 1065600, "level_sample_counts": {"L0": 355200, "L1": 355200, "L2": 355200}, "elapsed_train_s": 2214.6861332260014, "lr": [1.5299867030334814e-06, 1.5299867030334815e-07], "loss": 0.023724119663238525, "l1": 0.023444092199206353, "kl": 2.800273708999157e-05, "memory_allocated_GiB": 0.27306604385375977}
{"step": 16700, "samples": 1068800, "level_sample_counts": {"L0": 356267, "L1": 356267, "L2": 356266}, "elapsed_train_s": 2216.831371848006, "lr": [1.419282472009309e-06, 1.419282472009309e-07], "loss": 0.02389052990823984, "l1": 0.023612310886383058, "kl": 2.7821902185678483e-05, "memory_allocated_GiB": 0.27367639541625977}
{"step": 16750, "samples": 1072000, "level_sample_counts": {"L0": 357334, "L1": 357333, "L2": 357333}, "elapsed_train_s": 2219.235187807004, "lr": [1.3126775287316151e-06, 1.312677528731615e-07], "loss": 0.024120870158076287, "l1": 0.023843210935592652, "kl": 2.7765920385718346e-05, "memory_allocated_GiB": 0.27208948135375977}
{"step": 16800, "samples": 1075200, "level_sample_counts": {"L0": 358400, "L1": 358400, "L2": 358400}, "elapsed_train_s": 2221.74450731001, "lr": [1.210180868628219e-06, 1.210180868628219e-07], "loss": 0.02387801472097635, "l1": 0.023596861958503725, "kl": 2.811528742313385e-05, "memory_allocated_GiB": 0.27306604385375977}
{"step": 16850, "samples": 1078400, "level_sample_counts": {"L0": 359467, "L1": 359467, "L2": 359466}, "elapsed_train_s": 2224.2382263830223, "lr": [1.11180114046604e-06, 1.11180114046604e-07], "loss": 0.023929709456861018, "l1": 0.023655977211892606, "kl": 2.7373228222131728e-05, "memory_allocated_GiB": 0.27367639541625977}
{"step": 16900, "samples": 1081600, "level_sample_counts": {"L0": 360534, "L1": 360533, "L2": 360533}, "elapsed_train_s": 2226.7188560530194, "lr": [1.0175466456213034e-06, 1.0175466456213034e-07], "loss": 0.02361211273819208, "l1": 0.023339414671063423, "kl": 2.7269814163446428e-05, "memory_allocated_GiB": 0.27208948135375977}
{"step": 16950, "samples": 1084800, "level_sample_counts": {"L0": 361600, "L1": 361600, "L2": 361600}, "elapsed_train_s": 2229.208806031005, "lr": [9.274253373791064e-07, 9.274253373791064e-08], "loss": 0.0237213983386755, "l1": 0.023442332930862904, "kl": 2.7906550094485283e-05, "memory_allocated_GiB": 0.27306604385375977}
{"step": 17000, "samples": 1088000, "level_sample_counts": {"L0": 362667, "L1": 362667, "L2": 362666}, "elapsed_train_s": 2231.7218015590042, "lr": [8.414448202622494e-07, 8.414448202622494e-08], "loss": 0.023956659622490405, "l1": 0.02367762751877308, "kl": 2.7903215959668158e-05, "memory_allocated_GiB": 0.27367639541625977}
{"step": 17050, "samples": 1091200, "level_sample_counts": {"L0": 363734, "L1": 363733, "L2": 363733}, "elapsed_train_s": 2234.2394552110054, "lr": [7.596123493895991e-07, 7.59612349389599e-08], "loss": 0.023990513533353807, "l1": 0.023716522566974162, "kl": 2.73990910500288e-05, "memory_allocated_GiB": 0.27208948135375977}
{"step": 17100, "samples": 1094400, "level_sample_counts": {"L0": 364800, "L1": 364800, "L2": 364800}, "elapsed_train_s": 2236.7068766070006, "lr": [6.819348298638839e-07, 6.819348298638839e-08], "loss": 0.02388914965093136, "l1": 0.02361613668501377, "kl": 2.7301283553242682e-05, "memory_allocated_GiB": 0.27306604385375977}
{"step": 17150, "samples": 1097600, "level_sample_counts": {"L0": 365867, "L1": 365867, "L2": 365866}, "elapsed_train_s": 2239.1806725460046, "lr": [6.084188161890325e-07, 6.084188161890326e-08], "loss": 0.023731648810207843, "l1": 0.023457075245678426, "kl": 2.745737321674824e-05, "memory_allocated_GiB": 0.27367639541625977}
{"step": 17200, "samples": 1100800, "level_sample_counts": {"L0": 366934, "L1": 366933, "L2": 366933}, "elapsed_train_s": 2241.644340118015, "lr": [5.390705117171047e-07, 5.390705117171047e-08], "loss": 0.023757609724998473, "l1": 0.02348516944795847, "kl": 2.724403515458107e-05, "memory_allocated_GiB": 0.27208948135375977}
{"step": 17250, "samples": 1104000, "level_sample_counts": {"L0": 368000, "L1": 368000, "L2": 368000}, "elapsed_train_s": 2244.137877921021, "lr": [4.738957681248379e-07, 4.73895768124838e-08], "loss": 0.023955322876572607, "l1": 0.02367989517748356, "kl": 2.754277549684048e-05, "memory_allocated_GiB": 0.27306604385375977}
{"step": 17300, "samples": 1107200, "level_sample_counts": {"L0": 369067, "L1": 369067, "L2": 369066}, "elapsed_train_s": 2246.643048038997, "lr": [4.129000849198872e-07, 4.129000849198872e-08], "loss": 0.023751064985990524, "l1": 0.023475018106400968, "kl": 2.7604680508375167e-05, "memory_allocated_GiB": 0.27367639541625977}
{"step": 17350, "samples": 1110400, "level_sample_counts": {"L0": 370134, "L1": 370133, "L2": 370133}, "elapsed_train_s": 2249.1602916310076, "lr": [3.5608860897675677e-07, 3.560886089767568e-08], "loss": 0.02380462773144245, "l1": 0.023533117361366748, "kl": 2.715103328227997e-05, "memory_allocated_GiB": 0.27208948135375977}
{"step": 17400, "samples": 1113600, "level_sample_counts": {"L0": 371200, "L1": 371200, "L2": 371200}, "elapsed_train_s": 2251.666403618001, "lr": [3.034661341025258e-07, 3.034661341025258e-08], "loss": 0.02346997257322073, "l1": 0.02320037443190813, "kl": 2.6959795504808426e-05, "memory_allocated_GiB": 0.27306604385375977}
{"step": 17450, "samples": 1116800, "level_sample_counts": {"L0": 372267, "L1": 372267, "L2": 372266}, "elapsed_train_s": 2254.2031302760006, "lr": [2.55037100632316e-07, 2.55037100632316e-08], "loss": 0.023730503506958486, "l1": 0.023458675034344196, "kl": 2.7182847261428834e-05, "memory_allocated_GiB": 0.27367639541625977}
{"step": 17500, "samples": 1120000, "level_sample_counts": {"L0": 373334, "L1": 373333, "L2": 373333}, "elapsed_train_s": 2256.695011681004, "lr": [2.1080559505462505e-07, 2.1080559505462504e-08], "loss": 0.02346336383372545, "l1": 0.023188935071229936, "kl": 2.7442863211035728e-05, "memory_allocated_GiB": 0.27208948135375977}
{"step": 17550, "samples": 1123200, "level_sample_counts": {"L0": 374400, "L1": 374400, "L2": 374400}, "elapsed_train_s": 2259.181556493015, "lr": [1.7077534966650766e-07, 1.7077534966650767e-08], "loss": 0.023524026423692702, "l1": 0.023252120614051817, "kl": 2.719057723879814e-05, "memory_allocated_GiB": 0.27306604385375977}
{"step": 17600, "samples": 1126400, "level_sample_counts": {"L0": 375467, "L1": 375467, "L2": 375466}, "elapsed_train_s": 2261.6981907059962, "lr": [1.3494974225863322e-07, 1.3494974225863322e-08], "loss": 0.023584336154162885, "l1": 0.023312918953597547, "kl": 2.7141738682985307e-05, "memory_allocated_GiB": 0.27367639541625977}
{"step": 17650, "samples": 1129600, "level_sample_counts": {"L0": 376534, "L1": 376533, "L2": 376533}, "elapsed_train_s": 2264.260963030014, "lr": [1.033317958302693e-07, 1.033317958302693e-08], "loss": 0.02383725333958864, "l1": 0.02356560219079256, "kl": 2.7165124192833902e-05, "memory_allocated_GiB": 0.27208948135375977}
{"step": 17700, "samples": 1132800, "level_sample_counts": {"L0": 377600, "L1": 377600, "L2": 377600}, "elapsed_train_s": 2266.7313883030147, "lr": [7.59241783341913e-08, 7.59241783341913e-09], "loss": 0.02411632116883993, "l1": 0.023847852423787116, "kl": 2.6846891269087792e-05, "memory_allocated_GiB": 0.27306604385375977}
{"step": 17750, "samples": 1136000, "level_sample_counts": {"L0": 378667, "L1": 378667, "L2": 378666}, "elapsed_train_s": 2269.2399317969976, "lr": [5.272920245156798e-08, 5.2729202451567985e-09], "loss": 0.023868253864347936, "l1": 0.023600590750575065, "kl": 2.676631323993206e-05, "memory_allocated_GiB": 0.27367639541625977}
{"step": 17800, "samples": 1139200, "level_sample_counts": {"L0": 379734, "L1": 379733, "L2": 379733}, "elapsed_train_s": 2271.7445384360035, "lr": [3.374882539681767e-08, 3.3748825396817675e-09], "loss": 0.0236886028572917, "l1": 0.02341656930744648, "kl": 2.720334567129612e-05, "memory_allocated_GiB": 0.27208948135375977}
{"step": 17850, "samples": 1142400, "level_sample_counts": {"L0": 380800, "L1": 380800, "L2": 380800}, "elapsed_train_s": 2274.251515962009, "lr": [1.8984648752429225e-08, 1.8984648752429222e-09], "loss": 0.024142534770071507, "l1": 0.023873315639793873, "kl": 2.692189998924732e-05, "memory_allocated_GiB": 0.27306604385375977}
{"step": 17900, "samples": 1145600, "level_sample_counts": {"L0": 381867, "L1": 381867, "L2": 381866}, "elapsed_train_s": 2276.7338564710226, "lr": [8.437918333864536e-09, 8.437918333864537e-10], "loss": 0.023516319915652274, "l1": 0.0232506924495101, "kl": 2.6562754064798356e-05, "memory_allocated_GiB": 0.27367639541625977}
{"step": 17950, "samples": 1148800, "level_sample_counts": {"L0": 382934, "L1": 382933, "L2": 382933}, "elapsed_train_s": 2279.2073442810215, "lr": [2.109524084381587e-09, 2.1095240843815868e-10], "loss": 0.023797946348786354, "l1": 0.023531466871500015, "kl": 2.6647970080375672e-05, "memory_allocated_GiB": 0.27208948135375977}
{"step": 18000, "samples": 1152000, "level_sample_counts": {"L0": 384000, "L1": 384000, "L2": 384000}, "elapsed_train_s": 2281.518328264996, "lr": [0.0, 0.0], "loss": 0.023726219199597835, "l1": 0.023460145145654678, "kl": 2.660740166902542e-05, "memory_allocated_GiB": 0.27306604385375977}
DEVELOPMENT {"L0": {"step": 18000, "summary": {"success_once": {"mean": 1.0, "std": 0.0}, "return": {"mean": 409.1701965332031, "std": 4.589932441711426}, "episode_len": {"mean": 500.0, "std": 0.0}, "reward": {"mean": 0.8183403717041016, "std": 0.009179865394030744}, "last_reward": {"mean": 1.0, "std": 0.0}, "success_at_end": {"mean": 1.0, "std": 0.0}}, "stages": {"is_grasped": 20, "is_mug_above_table": 20, "is_mug_contact_rack": 20, "is_obj_placed": 20, "success": 20}}, "L1": {"step": 18000, "summary": {"success_once": {"mean": 1.0, "std": 0.0}, "return": {"mean": 392.3567199707031, "std": 3.3555684089660645}, "episode_len": {"mean": 500.0, "std": 0.0}, "reward": {"mean": 0.7847134094238282, "std": 0.0067111368703842355}, "last_reward": {"mean": 1.0, "std": 0.0}, "success_at_end": {"mean": 1.0, "std": 0.0}}, "stages": {"is_grasped": 20, "is_mug_above_table": 20, "is_mug_contact_rack": 20, "is_obj_placed": 20, "success": 20}}, "L2": {"step": 18000, "summary": {"success_once": {"mean": 1.0, "std": 0.0}, "return": {"mean": 402.21832275390625, "std": 4.02323579788208}, "episode_len": {"mean": 500.0, "std": 0.0}, "reward": {"mean": 0.8044366241455079, "std": 0.008046472208563861}, "last_reward": {"mean": 1.0, "std": 0.0}, "success_at_end": {"mean": 1.0, "std": 0.0}}, "stages": {"is_grasped": 20, "is_mug_above_table": 20, "is_mug_contact_rack": 20, "is_obj_placed": 20, "success": 20}}}
TRAIN COMPLETE {"status": "complete", "condition": "B012", "seed": 3, "steps": 18000, "samples": 1152000, "batch_size": 64, "workers": 8, "wall_seconds": 2605.3384597301483, "initialization_seconds": 65.93459987640381, "steady_steps": 17950, "steady_step_median_s": 0.05476424499647692, "steady_step_p95_s": 0.08185151596699143, "steady_mean_step_s": 0.059556025841781185, "samples_per_second": 1074.6183798432899, "data_wait_mean_s": 0.0004059960223568349, "gpu_update_ms_median": 54.054161071777344, "peak_allocated_GiB": 1.5646319389343262, "peak_reserved_GiB": 1.837890625, "level_sample_counts": {"L0": 384000, "L1": 384000, "L2": 384000}, "sampling": {"seed": 10003, "completed_batches": 18000, "extra_rotation": 0, "plan_sha256": "b5c97360806a0c3e622357cd0c38b60b697954f3878bc7fc0b80a46a7bacbe8e", "counts": {"L0": 384000, "L1": 384000, "L2": 384000}, "passes_and_cursors": {"L0": {"pass_index": 34, "cursor": 2248}, "L1": {"pass_index": 31, "cursor": 9551}, "L2": {"pass_index": 33, "cursor": 10968}}}}
